-6.934223771,52.81976013,*[Unsure] Carlow Masjid. 26 College Green. ,,,,,,,,,,,,,, Carlow Masjid,,,,,26 College Green
-1.898670366,53.86899723,*[Unsure] Chatsworth Mosque. 19-21 Chatsworth Street. ,,,,,,,,,,,,,, Chatsworth Mosque,,,,,19-21 Chatsworth Street
-0.109975934,51.55108197,*[Unsure] Holloway Mosque. 152 Holloway Road. 07881 504773,,,,,,,,,,,,,, Holloway Mosque,,,,,152 Holloway Road
-0.186381455,52.33330035,*[100WJ] Huntingdon Muslim Community. 3 Cromwell Walk. ,,,,,,,,,,,,,, Huntingdon Muslim Community,,,,,3 Cromwell Walk
-2.978037886,51.5846476,*[80Deob] Iqra Community Centre. 276 Corporation Road. ,,,,,,,,,,,,,, Iqra Community Centre,,,,,276 Corporation Road
-2.989017,51.579764,*[Unsure] Madani Foundation. 81 Dolphin Street. 01633 250321,,,,,,,,,,,,,, Madani Foundation,,,,,81 Dolphin Street
-0.349258483,51.47158831,"*[1000WNJShiaGujrti]	Ismaili Jamaat Khana. 693-717 London Road. ",,,,,,,,,,,,,,"	Ismaili Jamaat Khana",,,,,693-717 London Road
-0.114309043,51.39337546,"*[100WJShia]	Khair-ul-Amal. West Thornton Community Centre, 731-735 London Road. 020 8681 8279",,,,,,,,,,,,,,"	Khair-ul-Amal",,,,,"West Thornton Community Centre, 731-735 London Road"
-1.432648301,53.39139073,*[700NoWDeobBangla]Aaliyah Mosque and Islamic Centre. 9 Roundel Street. 0114 261 8162,,,,,,,,,,,,,,Aaliyah Mosque and Islamic Centre,,,,,9 Roundel Street
-0.440413356,51.50133976,"*[300Pkstn]Abdullah Masjid. Christ Church, Waltham Avenue. 07742 754383",,,,,,,,,,,,,,Abdullah Masjid,,,,,"Christ Church, Waltham Avenue"
-2.960547209,53.41436648,*[50]Abdullah Quilliam Society. 8-10 Brougham Terrace. 0151 427 4489,,,,,,,,,,,,,,Abdullah Quilliam Society,,,,,8-10 Brougham Terrace
-2.10075438,57.16091608,*[250WArabArab]Aberdeen Mosque and Islamic Centre. 164-168 Spital. 01224 493764,,,,,,,,,,,,,,Aberdeen Mosque and Islamic Centre,,,,,164-168 Spital
-0.005734563,51.51320286,*[250NoWDeobBangla]Aberfeldy Islamic Cultural Centre. 36-38 Aberfeldy Street. 07961 184460,,,,,,,,,,,,,,Aberfeldy Islamic Cultural Centre,,,,,36-38 Aberfeldy Street
-1.281521916,51.6697456,*[30IrregDeob]Abingdon Muslims. 4 East St Helen Street. ,,,,,,,,,,,,,,Abingdon Muslims,,,,,4 East St Helen Street
-0.876478851,52.24365073,*[200NoWDeobBangla]Abington Jame Masjid. 49 Stimpson Avenue. ,,,,,,,,,,,,,,Abington Jame Masjid,,,,,49 Stimpson Avenue
-2.70507887,53.77017191,*[400IrregDeob]Abrar Academy. 34-36 Garstang Road. 01772 828732,,,,,,,,,,,,,,Abrar Academy,,,,,34-36 Garstang Road
0.135963857,52.20021122,*[500W]Abu Bakr Jamia Mosque. 1a Mawson Road . 01223 350134,,,,,,,,,,,,,,Abu Bakr Jamia Mosque,,,,,1a Mawson Road
-1.397500634,50.90988964,"*[1200WDeobPkstn]Abu Bakr Masjid. Argyle Centre, 91 Argyle Road. 02380 634508",,,,,,,,,,,,,,Abu Bakr Masjid,,,,,"Argyle Centre, 91 Argyle Road"
-0.996022224,51.45693845,*[1000WDeob]Abu Bakr Masjid Trust. 330 Oxford Road. None in 2015,,,,,,,,,,,,,,Abu Bakr Masjid Trust,,,,,330 Oxford Road
-1.728758812,53.79355344,*[1200NoWDeobPkstn]Abu Bakr Mosque. 38 Steadman Terrace. 01274 668343,,,,,,,,,,,,,,Abu Bakr Mosque,,,,,38 Steadman Terrace
-1.238941848,54.56633218,*[350WSalf]Abu Bakr Mosque & Community Centre. 7-9 Park Road North. 01642 873305,,,,,,,,,,,,,,Abu Bakr Mosque & Community Centre,,,,,7-9 Park Road North
-1.492627859,53.68151902,*[200Arab]Abu Bakr Siddique Masjid. 105 Kirkgate. 07738 712869,,,,,,,,,,,,,,Abu Bakr Siddique Masjid,,,,,105 Kirkgate
-0.383963585,51.5121746,*[1450WDeobPkstn]Abubakr Masjid. 165-169 The Broadway. 020 8571 6839,,,,,,,,,,,,,,Abubakr Masjid,,,,,165-169 The Broadway
-0.2701,51.506554,*[700WBrelPkstn]Acton Mosque. 2-5 Oldham Terrace. 020 8993 8073,,,,,,,,,,,,,,Acton Mosque,,,,,2-5 Oldham Terrace
-1.782925,53.797754,*[800WShia]Adam Masjid. Syedna Way. 01274 544062,,,,,,,,,,,,,,Adam Masjid,,,,,Syedna Way
-1.881611313,52.45716387,*[300Pkstn]Adam Mosque & Dawah Academy. 19-31 Brunswick Road (Units 5-7). 0121 440 6066,,,,,,,,,,,,,,Adam Mosque & Dawah Academy,,,,,19-31 Brunswick Road (Units 5-7)
0.024805069,51.54621161,*[700WBrel]Adara  or Idara Minhaj-ul-Quran Educational Centre. 292-296 Romford Road. 020 8257 1786,,,,,,,,,,,,,,Adara  or Idara Minhaj-ul-Quran Educational Centre,,,,,292-296 Romford Road
-0.247943401,51.54822737,*[450WDeob]Afghan Islamic Cultural Centre. 212-214 Church Road. 020 8459 6111,,,,,,,,,,,,,,Afghan Islamic Cultural Centre,,,,,212-214 Church Road
-1.219640632,51.73814868,*[200WShia]Ahlul bayt Centre. 1 Oxford Road. ,,,,,,,,,,,,,,Ahlul bayt Centre,,,,,1 Oxford Road
-1.560144425,53.80067491,"*[450WShia]Ahlul Bayt Islamic Centre. ADP House, 35 Hanover Square. 0113 244 3419",,,,,,,,,,,,,,Ahlul Bayt Islamic Centre,,,,,"ADP House, 35 Hanover Square"
-4.275682569,55.86696784,*[200WShia]Ahlulbait Mosque. 25 Woodside Place. 0141 429 6565,,,,,,,,,,,,,,Ahlulbait Mosque,,,,,25 Woodside Place
-0.133182406,51.46431493,*[450WShia]Ahl-ul-Bayt Islamic Centre. 11-13 Edgeley Road. not known,,,,,,,,,,,,,,Ahl-ul-Bayt Islamic Centre,,,,,11-13 Edgeley Road
-0.11587728,51.44988721,"*[100Arab]AII Voice. Jubilee Community Hall, Tulse Hill Estate (behind Medora Roa.... 07507 795100",,,,,,,,,,,,,,AII Voice,,,,,"Jubilee Community Hall, Tulse Hill Estate (behind Medora Roa"
-3.985438049,55.86649827,[100Maud]Airdrie and Coatbridge Islamic Centre. 41 Bell Street. 01236 749163,,,,,,,,,,,,,,Airdrie and Coatbridge Islamic Centre,,,,,41 Bell Street
-0.936493278,51.45517453,*[1600WDeobPkstn]Aisha Masjid & Islamic Centre. London Road. ,,,,,,,,,,,,,,Aisha Masjid & Islamic Centre,,,,,London Road
-1.984805167,52.57663681,*[1500WMaudPkstn]Aisha Mosque and Islamic Centre. 4 Rutter Street. 01922 620982,,,,,,,,,,,,,,Aisha Mosque and Islamic Centre,,,,,4 Rutter Street
0.143591389,51.56740055,*[300Deob]Aishah Islamic Centre. 1 Selinas Lane. 07930 210422,,,,,,,,,,,,,,Aishah Islamic Centre,,,,,1 Selinas Lane
-1.724083722,53.79754587,"*[500NoWSufiBangla]Al Amin Mosque. Al Amin Square, back Amberley Street.. 01274 722876",,,,,,,,,,,,,,Al Amin Mosque,,,,,"Al Amin Square, back Amberley Street"
-2.506647706,53.75124208,*[100DeobGujrti]Al Asr Mosque. 58-60 St Silas's Road. 01254 696922,,,,,,,,,,,,,,Al Asr Mosque,,,,,58-60 St Silas's Road
-2.579920292,51.45913113,*[300WSalf]Al Baseera Bristol Centre. 20 Wade Street. 0117 941 3331,,,,,,,,,,,,,,Al Baseera Bristol Centre,,,,,20 Wade Street
-1.092391,51.263467,*[275WSalf]Al Birr Masjid. 35-37 Sarum Hill. 01256 324859,,,,,,,,,,,,,,Al Birr Masjid,,,,,35-37 Sarum Hill
-1.857903153,52.44777667,*[130WBrelPkstn]Al Bokhari Education Centre. 2 Knowle Road and 10 Formans Road. 0121 778 2004,,,,,,,,,,,,,,Al Bokhari Education Centre,,,,,2 Knowle Road and 10 Formans Road
-4.25560087,55.83666306,*[50IrregDeobPkstn]Al Falaah Academy. 311 Calder Street. 0141 258 2957,,,,,,,,,,,,,,Al Falaah Academy,,,,,311 Calder Street
-0.473409891,52.13628355,"*[250WSalfBangla]Al Falah. 1st floor, 1b Brereton Road. 01234 325207",,,,,,,,,,,,,,Al Falah,,,,,"1st floor, 1b Brereton Road"
0.551478267,51.87598758,*[150WMix]Al Falah Braintree Islamic Centre. 28 Silks Way. 01376 802786,,,,,,,,,,,,,,Al Falah Braintree Islamic Centre,,,,,28 Silks Way
-0.475316942,51.51271544,"*[130WDeobMix]Al Falah Centre. The Forge, St Stephens Road. 07828 792135",,,,,,,,,,,,,,Al Falah Centre,,,,,"The Forge, St Stephens Road"
-1.889763773,52.45562162,*[700WArabMix]Al Falah Community Support Centre. 89 Tindal Street. 0121 249 0309,,,,,,,,,,,,,,Al Falah Community Support Centre,,,,,89 Tindal Street
-4.271734357,55.87168432,*[500WMaudPkstn]Al Furqan Islamic Centre. 19 Carrington Street. 0141 331 1119,,,,,,,,,,,,,,Al Furqan Islamic Centre,,,,,19 Carrington Street
-1.106958389,52.62662904,*[300WSalf]Al Furqan Islamic Da'wah Association. 33 Rowsley Street and 9 Osmaston Road. 0116 2123175,,,,,,,,,,,,,,Al Furqan Islamic Da'wah Association,,,,,33 Rowsley Street and 9 Osmaston Road
0.017819256,51.52031657,*[700NoWBrelPkstn]Al Habib Jamia Masjid. 269 Barking Road. 020 7511 7406,,,,,,,,,,,,,,Al Habib Jamia Masjid,,,,,269 Barking Road
-1.901271188,52.50494543,*[100BrelPkstn]Al Habib Trust. 101 Birchfield Road. ,,,,,,,,,,,,,,Al Habib Trust,,,,,101 Birchfield Road
-1.634648815,53.71249988,*[300Deob]Al Hashim Academy. Cambridge Street. 01924 476741,,,,,,,,,,,,,,Al Hashim Academy,,,,,Cambridge Street
-1.392919421,50.91960652,"*[300W]Al Hayat Centre. Unit 1, 4 Dukes Road. 07518 968375",,,,,,,,,,,,,,Al Hayat Centre,,,,,"Unit 1, 4 Dukes Road"
-1.968701184,52.56442006,*[200Deob]Al Hidaya Foundation. 130-140 Walstead Road. 07794 837439,,,,,,,,,,,,,,Al Hidaya Foundation,,,,,130-140 Walstead Road
-0.113441348,51.39344543,*[300Mix]Al Hidaya Masjid. 177 Brigstock Road. 07572 116952,,,,,,,,,,,,,,Al Hidaya Masjid,,,,,177 Brigstock Road
-2.686469704,53.75588792,*[50WIrregDeobGujrti]Al Hidayah Centre. 65 James Street. ,,,,,,,,,,,,,,Al Hidayah Centre,,,,,65 James Street
-1.761631966,53.77567793,*[650NoWMaudPkstn]Al Hira Islamic Centre. Marsh Street. 01274 737532,,,,,,,,,,,,,,Al Hira Islamic Centre,,,,,Marsh Street
-1.42581135,53.38827954,*[400]Al Huda Academy. Ouseburn Croft. 0114 243 8000,,,,,,,,,,,,,,Al Huda Academy,,,,,Ouseburn Croft
-0.042684674,51.51141508,"*[150NoWDeobBangla]Al Huda Academy & Islamic Centre. Unit 29, 566 Cable Street. 07988 636201",,,,,,,,,,,,,,Al Huda Academy & Islamic Centre,,,,,"Unit 29, 566 Cable Street"
-0.1968171,51.1280847,"*[300]Al Huda Islamic Centre. St Leonard’s Church Hall, Martyrs Avenue. 07913 951364",,,,,,,,,,,,,,Al Huda Islamic Centre,,,,,"St Leonard’s Church Hall, Martyrs Avenue"
-4.262298346,55.83417717,*[300WShiaPkstn]Al Huda Masjid. 65 Albert Road. 0141 423 3836,,,,,,,,,,,,,,Al Huda Masjid,,,,,65 Albert Road
-0.208616853,51.5219563,*[30NoWSalfArab]Al Huda Mosque. 76 Golborne Road. 020 8968 1592,,,,,,,,,,,,,,Al Huda Mosque,,,,,76 Golborne Road
-2.697663903,53.75556204,*[200DeobGujrti]Al Huda Preston. 14 Avenham Road. 07930 989538,,,,,,,,,,,,,,Al Huda Preston,,,,,14 Avenham Road
0.129340142,51.56974297,"*[60WIrregSalf]Al Huda Welfare Foundation UK. 14 Wangey Road, Cedar Park Gardens, Chadwell Heath. ",,,,,,,,,,,,,,Al Huda Welfare Foundation UK,,,,,"14 Wangey Road, Cedar Park Gardens, Chadwell Heath"
-2.239483595,53.50497773,*[600WShiaPkstn]Al Hussain Masjid. 54 Bellot Street. 07866 636907,,,,,,,,,,,,,,Al Hussain Masjid,,,,,54 Bellot Street
-3.154720366,51.48818925,*[200WSalf]Al Ikhlas Centre. 92 Broadway. 07565 513526,,,,,,,,,,,,,,Al Ikhlas Centre,,,,,92 Broadway
-1.875534654,53.72190886,"*[350WBrelPkstn]Al Jamia Al Zahra. Heathroyde House, 16-18 Francis Street. 01422 380540",,,,,,,,,,,,,,Al Jamia Al Zahra,,,,,"Heathroyde House, 16-18 Francis Street"
-0.088829398,51.37938658,*[25WDeobPkstn]Al Khair Musallah. 109-117 Cherry Orchard Road. 020 7084 7199,,,,,,,,,,,,,,Al Khair Musallah,,,,,109-117 Cherry Orchard Road
-0.650465305,51.52168235,*[1000WDeobPkstn]Al Madani Masjid. 1 Whittle Parkway. 01628 669756,,,,,,,,,,,,,,Al Madani Masjid,,,,,1 Whittle Parkway
-2.469171882,53.7418045,*[80NoWDeobPkstn]Al Madat Madrasah. 154 Pringle Street. 01254 262223,,,,,,,,,,,,,,Al Madat Madrasah,,,,,154 Pringle Street
-0.151888132,51.4167931,*[100BrelGujrti]Al Madina Islamic Centre. 201a Streatham Road. 020 8687 2002,,,,,,,,,,,,,,Al Madina Islamic Centre,,,,,201a Streatham Road
-1.567920148,53.81125031,*[900WBrel]Al Madina Jamia Mosque. 31-33 Brudenell Grove. 0113 275 2535,,,,,,,,,,,,,,Al Madina Jamia Mosque,,,,,31-33 Brudenell Grove
-0.154001713,50.82414247,*[415WDeobPkstn]Al Madina Mosque. 24 Bedford Place. 01273 737721,,,,,,,,,,,,,,Al Madina Mosque,,,,,24 Bedford Place
-1.544255018,53.775903,*[100NoWDeobBangla]Al Madina Mosque. 12 Tunstall Road. not working,,,,,,,,,,,,,,Al Madina Mosque,,,,,12 Tunstall Road
-0.41313529,51.50339116,"*[300NoWBrelPkstn]Al Madinah Masjid. Unit 1, Johnson Industrial Estate, Silverdale Road. 020 8589 9055",,,,,,,,,,,,,,Al Madinah Masjid,,,,,"Unit 1, Johnson Industrial Estate, Silverdale Road"
-1.898188591,52.50829407,*[200NoWDeob]Al Madni Masjid. 58 Trinity Road. 0121 554 9157,,,,,,,,,,,,,,Al Madni Masjid,,,,,58 Trinity Road
-0.229564905,51.56833753,"*[1000Shia]Al Majlis Al Hussaini. Al-Majlis Al-Hussaini Halls, 403-405 Edgware Road. ",,,,,,,,,,,,,,Al Majlis Al Hussaini,,,,,"Al-Majlis Al-Hussaini Halls, 403-405 Edgware Road"
-2.986777618,56.4595872,*[100WArabArab]Al Maktoum Mosque. 15 Wilkies Lane. 01382 908070,,,,,,,,,,,,,,Al Maktoum Mosque,,,,,15 Wilkies Lane
-1.200594306,52.76914636,*[100WSalf]Al Markaz As Salafi Islamic Centre. 107 Moira Street. ,,,,,,,,,,,,,,Al Markaz As Salafi Islamic Centre,,,,,107 Moira Street
-0.364410281,51.54279538,*[2000WShia]Al Masjid ul Husseini. Rowdell Road. 020 8841 5623,,,,,,,,,,,,,,Al Masjid ul Husseini,,,,,Rowdell Road
-2.293192148,53.59924143,"*[300Shia]Al Mehdi Foundation. St. Johns Works, Fern Street. ",,,,,,,,,,,,,,Al Mehdi Foundation,,,,,St
-0.56396395,51.55878008,*[500Shia]Al Muhassin Mosque. Windmill Lane. 01753 663004,,,,,,,,,,,,,,Al Muhassin Mosque,,,,,Windmill Lane
-2.248391211,53.49724962,*[100Shia]Al Muntazir Trust UK. 100 Waterloo Road. ,,,,,,,,,,,,,,Al Muntazir Trust UK,,,,,100 Waterloo Road
-2.235988677,53.49298133,*[300Shia]Al Murtaza Trust. 12 Honey Street. 07899 993044,,,,,,,,,,,,,,Al Murtaza Trust,,,,,12 Honey Street
-6.397897303,53.38335396,*[400WBrelPkstn]Al Mustafa Islamic Centre. 31 Coolmine Industrial Estate. +353 1 515 6206,,,,,,,,,,,,,,Al Mustafa Islamic Centre,,,,,31 Coolmine Industrial Estate
-0.16762197,51.43022674,*[450WSalf]Al Muzzammil Mosque. 8 Gatton Road. 07956 030037,,,,,,,,,,,,,,Al Muzzammil Mosque,,,,,8 Gatton Road
-0.123399049,51.4113081,"*[100IrregShia]Al Noor Institute. 2nd Floor, 1517a London Road. ",,,,,,,,,,,,,,Al Noor Institute,,,,,"2nd Floor, 1517a London Road"
-2.985996,51.589603,*[200NoWBrel]Al Noor Mosque. 23a Harrow Road. 01633 662032,,,,,,,,,,,,,,Al Noor Mosque,,,,,23a Harrow Road
-2.125360966,52.58818939,*[1000W]Al Rahmah City Mosque. 21 Thornley Street. 07956 892533,,,,,,,,,,,,,,Al Rahmah City Mosque,,,,,21 Thornley Street
-2.193059921,53.44858959,*[300Shia]Al Raza Foundation. 8-16 Park Grove. 0161 861 9802,,,,,,,,,,,,,,Al Raza Foundation,,,,,8-16 Park Grove
-1.876049638,52.46740255,"*[1500WArabArab]Al-Amanah Mosque. 29-35 Henley Street and Bordesley Centre, Camp Hill Island, .... 0121 753 0297",,,,,,,,,,,,,,Al-Amanah Mosque,,,,,"29-35 Henley Street and Bordesley Centre, Camp Hill Island,"
-1.915070415,53.8617558,*[350NoWDeob]Al-Amin Islamic Society Jamia Masjid & Madrassa. 53 Kensington Street. 01535 690160,,,,,,,,,,,,,,Al-Amin Islamic Society Jamia Masjid & Madrassa,,,,,53 Kensington Street
-2.144029141,53.62060622,*[100NoWDeobBangla]Al-Amin Jame Masjid and Teaching Centre. 40 Corbett Street. 01706 642911,,,,,,,,,,,,,,Al-Amin Jame Masjid and Teaching Centre,,,,,40 Corbett Street
-2.708677054,53.77638168,"*[Deob]Al-Ansaar Welfare and Education. Crystal House, 140-142 Garstang Road. 01772 716060",,,,,,,,,,,,,,Al-Ansaar Welfare and Education,,,,,"Crystal House, 140-142 Garstang Road"
0.109273195,51.56656025,*[200WSalfBangla]Al-Ansar Islamic Education Centre. 833-835 High Road. 020 8597 5092,,,,,,,,,,,,,,Al-Ansar Islamic Education Centre,,,,,833-835 High Road
-1.091557145,52.63604995,*[100]Al-Aqsa School Masjid. The Wayne Way. 01530 243111,,,,,,,,,,,,,,Al-Aqsa School Masjid,,,,,The Wayne Way
-1.491575411,52.42068431,*[200WSalf]Al-Aqsaa Red Lane Masjid. 108-114 Red Lane. 02477 672850,,,,,,,,,,,,,,Al-Aqsaa Red Lane Masjid,,,,,108-114 Red Lane
-0.56928277,51.31703809,*[250WShia]Al-Asr Education & Community Centre. 118 Goldsworth Road. 01483 599222,,,,,,,,,,,,,,Al-Asr Education & Community Centre,,,,,118 Goldsworth Road
-1.439949274,54.99020941,"*[260WArabArab]Alazhar Mosque. Trinity Walk, Laygate. 0191 454 0738",,,,,,,,,,,,,,Alazhar Mosque,,,,,"Trinity Walk, Laygate"
0.08510515,51.55902021,*[150WIrregSalfPkstn]Al-Bayan Welfare Centre. 55 Green Lane. 020 3556 2110,,,,,,,,,,,,,,Al-Bayan Welfare Centre,,,,,55 Green Lane
1.383236647,51.38779496,"*[300WSalfArab]Al-Birr Community Centre. former church, Union Crescent. 01843 297476",,,,,,,,,,,,,,Al-Birr Community Centre,,,,,"former church, Union Crescent"
-0.760214478,51.24485976,"*[200NoWBrelPkstn]Aldershot MWA. Harland Hall, 60 St Georges Road. ",,,,,,,,,,,,,,Aldershot MWA,,,,,"Harland Hall, 60 St Georges Road"
0.03798008,51.36740326,*[54W]Al-Emaan Centre. Croydon Road. 01689 851553,,,,,,,,,,,,,,Al-Emaan Centre,,,,,Croydon Road
-1.876521707,52.46445346,*[200DeobPkstn]Al-Falaah Learning Centre. 3 Braithwaite Road. 0121 773 2756,,,,,,,,,,,,,,Al-Falaah Learning Centre,,,,,3 Braithwaite Road
-2.239397764,53.50186687,*[800NoWDeob]Al-Falah Islamic Centre. 96 Heywood Street. 0161 205 0439,,,,,,,,,,,,,,Al-Falah Islamic Centre,,,,,96 Heywood Street
-2.441480756,53.57408824,*[1150WDeobGujrti]Al-Falah Mosque and Madrassa Trust. 17 Salisbury Street and 3-19 Gibraltar Street. 01204 529363,,,,,,,,,,,,,,Al-Falah Mosque and Madrassa Trust,,,,,17 Salisbury Street and 3-19 Gibraltar Street
-1.951119304,52.5040183,*[50BrelPkstn]Al-Farooq Islamic Teaching & Community Centre. 130 Station Road. 0121 507 1005,,,,,,,,,,,,,,Al-Farooq Islamic Teaching & Community Centre,,,,,130 Station Road
-0.066880882,51.36596646,"[200Deob]Al-Fatihah Mosque & Islamic Centre. Coombe Farm, Oaks Road. 07415 955893",,,,,,,,,,,,,,Al-Fatihah Mosque & Islamic Centre,,,,,"Coombe Farm, Oaks Road"
-1.783561707,53.83092794,*[500WIrregSalfPkstn]Al-Furqaan Education Centre & Masjid. Bradford Road. 07816 059091,,,,,,,,,,,,,,Al-Furqaan Education Centre & Masjid,,,,,Bradford Road
-1.607941389,54.95575761,*[150WSalf]al-Furqan Mosque. 1a Villa Place. 07834 340477,,,,,,,,,,,,,,al-Furqan Mosque,,,,,1a Villa Place
-2.234604657,53.82206085,*[200BrelPkstn]Al-Gilani Ghausia Centre. 9-11 Burnley Road. 01282 707868,,,,,,,,,,,,,,Al-Gilani Ghausia Centre,,,,,9-11 Burnley Road
-1.774600446,51.57189522,*[750WBrelBangla]Al-Habib Islamic Centre. 88 Chapel Street. 01793 485896,,,,,,,,,,,,,,Al-Habib Islamic Centre,,,,,88 Chapel Street
-1.845226362,52.46675832,*[100Irreg]Al-Haroon Educational Centre. 25 St Benedicts Road. ,,,,,,,,,,,,,,Al-Haroon Educational Centre,,,,,25 St Benedicts Road
-1.839255095,52.47424944,*[650WSalf]Al-Hijrah Mosque. 59-61 Hob Moor Road. 0121 766 5454,,,,,,,,,,,,,,Al-Hijrah Mosque,,,,,59-61 Hob Moor Road
-1.796232462,53.79964718,*[300BrelPkstn]Al-Hikam Institute. 12 Bull Royd lane. 01274 786001,,,,,,,,,,,,,,Al-Hikam Institute,,,,,12 Bull Royd lane
-0.601785779,51.50307952,*[500BrelPkstn]Al-Hira Educational Centre. 70-72 Ragstone Road. 07748 652027,,,,,,,,,,,,,,Al-Hira Educational Centre,,,,,70-72 Ragstone Road
-2.47443974,53.75729687,*[50BrelPkstn]Al-Hira Educational Centre - Milaad House. 300 Whalley Range. 01254 673395,,,,,,,,,,,,,,Al-Hira Educational Centre - Milaad House,,,,,300 Whalley Range
-1.846089,52.433225,*[150NoWBrelPkstn]Al-Hira Educational Centre & Mosque. 1209-1211 Stratford Road. 07977 077615,,,,,,,,,,,,,,Al-Hira Educational Centre & Mosque,,,,,1209-1211 Stratford Road
0.033195019,51.5377573,*[1500WBrelPkstn]Al-Hira Masjid and Educational Centre. 241 Plashet Road. 020 8552 7681,,,,,,,,,,,,,,Al-Hira Masjid and Educational Centre,,,,,241 Plashet Road
-2.207940817,53.83854445,*[700WBrelPkstn]Al-Hira Mosque and Educational Centre. Seldon Street. 07837 860151,,,,,,,,,,,,,,Al-Hira Mosque and Educational Centre,,,,,Seldon Street
-0.051262379,51.52098749,*[450WSalf]Al-Huda Cultural Centre and Mosque. 91 Mile End Road. 020 7780 9495,,,,,,,,,,,,,,Al-Huda Cultural Centre and Mosque,,,,,91 Mile End Road
-1.483309865,53.3755141,*[600WSalf]Al-Huda Masjid & Broomhall Muslim Islamic Community Centre. Hanover Street. 0114 272 0727,,,,,,,,,,,,,,Al-Huda Masjid & Broomhall Muslim Islamic Community Centre,,,,,Hanover Street
-1.778020263,53.79111978,*[600Salf]Al-Hudaa Masjid. 119 Legrams Lane. <br>01274 503727,,,,,,,,,,,,,,Al-Hudaa Masjid,,,,,119 Legrams Lane
0.476789475,51.73739068,*[80WShia]Ali Reza Islamic Centre. 4 Regina Road. 01245 351125,,,,,,,,,,,,,,Ali Reza Islamic Centre,,,,,4 Regina Road
-2.689704448,53.69727102,*[80Deob]Al-Ikhlas. 25 Chapel Brow. 01772 928226,,,,,,,,,,,,,,Al-Ikhlas,,,,,25 Chapel Brow
-0.432350636,51.89569182,*[750NoWDeobBangla]Al-Jalal Masjid. 314 Biscot Road. 01582 411744,,,,,,,,,,,,,,Al-Jalal Masjid,,,,,314 Biscot Road
-0.89900136,52.24334197,*[600WDeobBangla]Al-Jamaat-ul-Muslimin. 8 St Georges Street. 01604 624930,,,,,,,,,,,,,,Al-Jamaat-ul-Muslimin,,,,,8 St Georges Street
-0.917869359,52.24094409,*[260WDeobBangla]Al-Jamat-ul-Muslimin of Bangladesh. 43 Argyle Street. 01604 754085,,,,,,,,,,,,,,Al-Jamat-ul-Muslimin of Bangladesh,,,,,43 Argyle Street
-1.769142151,53.78420461,*[8000BrelPkstn]Al-Jamia Suffa-Tul-Islam Grand Mosque. Horton Park Avenue. 01274 732497,,,,,,,,,,,,,,Al-Jamia Suffa-Tul-Islam Grand Mosque,,,,,Horton Park Avenue
-2.457675934,53.5671692,"*[300DeobGujrti]Al-Jamiah Al-Islamiyah. Mount St Joseph's Convent, Willows Lane. 01204 62622",,,,,,,,,,,,,,Al-Jamiah Al-Islamiyah,,,,,"Mount St Joseph's Convent, Willows Lane"
-2.23086834,53.44944578,*[450WBrelPkstn]Al-Jamiat al Karimia Trust. 200 Platt Lane (first floor). 0161 225 1378,,,,,,,,,,,,,,Al-Jamiat al Karimia Trust,,,,,200 Platt Lane (first floor)
0.036860257,51.54257518,*[450WBrel]Al-Karam Trust Masjid. 411-413 Katherine Road. ,,,,,,,,,,,,,,Al-Karam Trust Masjid,,,,,411-413 Katherine Road
-2.800635,54.033881,*[1000Deob]Al-Kauthar Mosque. Ashton Road. 01524 389595,,,,,,,,,,,,,,Al-Kauthar Mosque,,,,,Ashton Road
-2.122000158,53.54614712,*[400NoWDeobBangla]Al-Khazra Markazi Masjid. 53 Chadderton Way. 07877 432890,,,,,,,,,,,,,,Al-Khazra Markazi Masjid,,,,,53 Chadderton Way
-1.424030364,53.38940247,*[300NoWDeobBangla]Allahi Masjid and Islamic Cultural Centre. 14 Wilfrid Road. 0114 242 2784,,,,,,,,,,,,,,Allahi Masjid and Islamic Cultural Centre,,,,,14 Wilfrid Road
-2.210842967,52.1964152,*[500WDeobBangla]Al-Madina Jami Masjid. Tolladine Road. 07974 751614,,,,,,,,,,,,,,Al-Madina Jami Masjid,,,,,Tolladine Road
-2.100488842,53.53616459,*[1000WBrel]Al-Madina Jamia Masjid. 230-240 Waterloo Street. 0161 627 5213,,,,,,,,,,,,,,Al-Madina Jamia Masjid,,,,,230-240 Waterloo Street
0.077290535,51.5443534,*[3400WBrelPkstn]Al-Madina Masjid. 2 Victoria Road. 020 8478 8526,,,,,,,,,,,,,,Al-Madina Masjid,,,,,2 Victoria Road
-1.501269937,52.43359281,"*[1000BrelPkstn]al-Madinah Institute. Unit 6, 137 Queen Mary's Road. 07535 704986",,,,,,,,,,,,,,al-Madinah Institute,,,,,"Unit 6, 137 Queen Mary's Road"
-1.764700413,53.77872111,*[300NoWDeob]Al-Ma'had-al-Islami Islamic Academy. 38-40 Greaves Street. not connected,,,,,,,,,,,,,,Al-Ma'had-al-Islami Islamic Academy,,,,,38-40 Greaves Street
-1.953451484,52.43743476,*[2000Shia]Al-Mahdi Institute. 60 Weoley Park Road. 0121 446 5047,,,,,,,,,,,,,,Al-Mahdi Institute,,,,,60 Weoley Park Road
-1.87958613,52.51261269,*[100Shia]Almahdi Trust. 2 Westwood Road. ,,,,,,,,,,,,,,Almahdi Trust,,,,,2 Westwood Road
-3.175190315,51.48761889,*[420WSalf]Al-Manar Centre. 2-4 Glynrhondda Street. 029 2022 6607,,,,,,,,,,,,,,Al-Manar Centre,,,,,2-4 Glynrhondda Street
-0.948696658,51.44697521,*[50WSalfPkstn]Al-Markaz As-Salafi. 29 Lydford Road. 07913 344174,,,,,,,,,,,,,,Al-Markaz As-Salafi,,,,,29 Lydford Road
-2.192641497,53.44783563,*[200WShia]Al-Masjid al-Nur. 5-9 Woodfold Avenue. 0161 224 3878,,,,,,,,,,,,,,Al-Masjid al-Nur,,,,,5-9 Woodfold Avenue
-1.787106246,53.80328986,*[200Brel]Al-Mustafa Cultural & Educational Centre. 249 Kensington Street. 01274 780452,,,,,,,,,,,,,,Al-Mustafa Cultural & Educational Centre,,,,,249 Kensington Street
-0.248938501,52.58765652,*[100IrregBrel]Al-Mustafa International. 33 Parliament Street. 01733 706717,,,,,,,,,,,,,,Al-Mustafa International,,,,,33 Parliament Street
-0.603617728,51.50987596,"*[100IrregArabMix]Al-Nasr Centre. Ansar House, 8 Ledgers Road. 01753 550788",,,,,,,,,,,,,,Al-Nasr Centre,,,,,"Ansar House, 8 Ledgers Road"
-0.119564831,51.53273201,*[350NoWSufiBangla]Al-Nehar Mosque & Education Centre. 70 Caledonian Road. 020 7833 5959,,,,,,,,,,,,,,Al-Nehar Mosque & Education Centre,,,,,70 Caledonian Road
-0.616376996,51.52430523,*[1000WShia]Al-Quaim Centre. 39 Montrose Avenue. 01753 824167,,,,,,,,,,,,,,Al-Quaim Centre,,,,,39 Montrose Avenue
-2.145150304,53.61976303,*[200Brel]Al-Quba Islamic Centre. 1 Copenhagen Street. ,,,,,,,,,,,,,,Al-Quba Islamic Centre,,,,,1 Copenhagen Street
-2.202066779,53.45080988,*[800WDeobBangla]Al-Quba Mosque. 109-115 Beresford Road. 0161 249 0307,,,,,,,,,,,,,,Al-Quba Mosque,,,,,109-115 Beresford Road
-1.845807731,52.47172518,*[200BrelPkstn]Al-Quraan Islamic Academic Centre. 140 Mansel Road. 0121 773 9604,,,,,,,,,,,,,,Al-Quraan Islamic Academic Centre,,,,,140 Mansel Road
-1.888965815,52.45471897,*[200BrelPkstn]Al-Quran Educational Centre. 17 Cromer Road. ,,,,,,,,,,,,,,Al-Quran Educational Centre,,,,,17 Cromer Road
-0.134979487,51.53513795,"*[150DeobBangla]Al-Rahman Mosque & Community Centre. 78 Godwin Court, Crowndale Road. 020 7916 8260",,,,,,,,,,,,,,Al-Rahman Mosque & Community Centre,,,,,"78 Godwin Court, Crowndale Road"
-1.457607597,53.39316296,*[300ArabArab]Al-Rahman Mosque and Cultural Centre. 3 Ellesmere Road. none,,,,,,,,,,,,,,Al-Rahman Mosque and Cultural Centre,,,,,3 Ellesmere Road
-1.885491014,52.45728098,*[ShiaPkstn]Al-Rasool Islamic Centre. 496 Moseley Road. 0121 440 4144,,,,,,,,,,,,,,Al-Rasool Islamic Centre,,,,,496 Moseley Road
-0.12005,51.557416,*[300]Al-Risaalah Mosque & Islington Islamic Centre. 91-93 Parkhurst Road. 020 7700 3733,,,,,,,,,,,,,,Al-Risaalah Mosque & Islington Islamic Centre,,,,,91-93 Parkhurst Road
-0.236590518,51.54773159,*[300ShiaPkstn]Al-Salam Foundation. 247 High Road. 020 8451 3322,,,,,,,,,,,,,,Al-Salam Foundation,,,,,247 High Road
-0.364913195,53.73864204,*[60]Al-Salam Mosque. 153 Boulevard. 07384 214691,,,,,,,,,,,,,,Al-Salam Mosque,,,,,153 Boulevard
-2.24478364,53.50654424,*[400WSalf]Al-Sunnah Mosque. 13 Winterford Road. 0161 492 0699,,,,,,,,,,,,,,Al-Sunnah Mosque,,,,,13 Winterford Road
-1.521397233,53.81332174,*[120WSalfMix]Al-Towbah Masjid. Whitfield Street. 0113 2403901,,,,,,,,,,,,,,Al-Towbah Masjid,,,,,Whitfield Street
-2.350811362,53.37663417,*[50Stdnt]Altrincham Grammar School for Boys Islamic Society . Marlborough Road. ,,,,,,,,,,,,,,Altrincham Grammar School for Boys Islamic Society ,,,,,Marlborough Road
-0.221079544,51.54592071,*[50WShia]Alulbayt Foundation. 75 Brondesbury Park. 020 8451 3323,,,,,,,,,,,,,,Alulbayt Foundation,,,,,75 Brondesbury Park
-1.173514724,52.94710578,*[500WShia]Al-Zahra Foundation. 2 Lenton Boulevard and 15 Osmaston Street. 0115 950 3077,,,,,,,,,,,,,,Al-Zahra Foundation,,,,,2 Lenton Boulevard and 15 Osmaston Street
-1.836686475,52.50962033,*[200BrelPkstn]Ameenia Sultania Educational Trust. 452 Tyburn Road. 0121 382 6649,,,,,,,,,,,,,,Ameenia Sultania Educational Trust,,,,,452 Tyburn Road
-2.091897726,57.15033299,*[1500WArabArab]AMIC Central Mosque. Frederick Street. 07412 324458,,,,,,,,,,,,,,AMIC Central Mosque,,,,,Frederick Street
-1.873413026,52.45447216,*[230WBrelPkstn]Amir-e-Millat Mosque and Community Centre. 144-146 Stoney Lane and 144A Stoney Lane. 0121 449 5695,,,,,,,,,,,,,,Amir-e-Millat Mosque and Community Centre,,,,,144-146 Stoney Lane and 144A Stoney Lane
-4.266836643,55.87044269,*[100W]Andalus. 211 New City Road. 0141 332 0225,,,,,,,,,,,,,,Andalus,,,,,211 New City Road
-2.240749598,53.80030391,*[650WShiaPkstn]Anjaman-e-Muhibban-e-Ahel-e-Bait Hussainia Mosque. 37-41 Grey Street. 01282 412279,,,,,,,,,,,,,,Anjaman-e-Muhibban-e-Ahel-e-Bait Hussainia Mosque,,,,,37-41 Grey Street
-0.415377617,51.48125929,*[400DeobPkstn]Anjuman Hidaya Heathrow Masjid. Park Lane off High Street off Bath Road. 07931 333611,,,,,,,,,,,,,,Anjuman Hidaya Heathrow Masjid,,,,,Park Lane off High Street off Bath Road
-0.964039564,51.4524224,*[550WBrelPkstn]Anjuman Muhibban-e-Rasool Jamme Masjid Ghousia Islamic Centre. 50-52 South Street. 01189 504756,,,,,,,,,,,,,,Anjuman Muhibban-e-Rasool Jamme Masjid Ghousia Islamic Centre,,,,,50-52 South Street
-0.9478122,51.45372946,*[WBrelPkstn]Anjuman Muhibban-e-Rasool Jamme Masjid Ghousia Islamic Centre. 1-3 Amity Road. 01189 504756,,,,,,,,,,,,,,Anjuman Muhibban-e-Rasool Jamme Masjid Ghousia Islamic Centre,,,,,1-3 Amity Road
-1.505172117,52.42274093,"*[300ShiaPkstn]Anjuman Qaim Aal Mohammed. Heer House, Matlock Road. ",,,,,,,,,,,,,,Anjuman Qaim Aal Mohammed,,,,,"Heer House, Matlock Road"
-1.489542648,52.44265221,*[150Shia]Anjumane Qaim Aal-e-Muhammed. 992 Foleshill Road. ,,,,,,,,,,,,,,Anjumane Qaim Aal-e-Muhammed,,,,,992 Foleshill Road
-1.97042048,52.58321491,*[1200WBrel]Anjuman-e-Gosia Mosque. 41 Selbourne Street. 01922 620849,,,,,,,,,,,,,,Anjuman-e-Gosia Mosque,,,,,41 Selbourne Street
-1.771395206,53.80811446,*[WShiaPkstn]Anjuman-e-Haideria. 12 St Marys Road. 07740 798537,,,,,,,,,,,,,,Anjuman-e-Haideria,,,,,12 St Marys Road
-1.476818919,53.3680889,*[Shia]Anjuman-e-Haideria. 14-26 Cecil Square. 07456 471285,,,,,,,,,,,,,,Anjuman-e-Haideria,,,,,14-26 Cecil Square
-1.647461057,54.97665968,*[100Shia]Anjuman-e-Husainiyah Newcastle. 52a Wingrove Road. ,,,,,,,,,,,,,,Anjuman-e-Husainiyah Newcastle,,,,,52a Wingrove Road
0.050723255,51.54158763,*[2000WBrelPkstn]Anjuman-e-Islamia Jamia Mosque. 266-268 High Street North. 020 8472 5663,,,,,,,,,,,,,,Anjuman-e-Islamia Jamia Mosque,,,,,266-268 High Street North
-0.401623249,51.65358859,*[500WShiaPkstn]Anjuman-E-Ja'afriya Al-Zahra Centre.  81 Fearnley Street. 01923 231257,,,,,,,,,,,,,,Anjuman-E-Ja'afriya Al-Zahra Centre,,,,,81 Fearnley Street
-1.857102513,52.49329195,*[400NoWDeob]Anjuman-e-Naqeebul-Islam Mosque. 78-82 Washwood Heath Road. 0121 328 4930,,,,,,,,,,,,,,Anjuman-e-Naqeebul-Islam Mosque,,,,,78-82 Washwood Heath Road
-1.112902165,52.60430673,*[50WShia]Anjuman-e-Saifee. 74 Overdale Road. 0116 288 2772,,,,,,,,,,,,,,Anjuman-e-Saifee,,,,,74 Overdale Road
-1.632027626,53.7093421,*[1050WDeobGujrti]Anjuman-e-Zinatul Islam. 78 Taylor Street. 01924 445456,,,,,,,,,,,,,,Anjuman-e-Zinatul Islam,,,,,78 Taylor Street
-0.270522237,51.50565398,*[600WSalf]An-Noor Masjid and Community Centre. 58-70 Church Road. 020 8993 6650,,,,,,,,,,,,,,An-Noor Masjid and Community Centre,,,,,58-70 Church Road
-6.256689727,53.35045926,*[500BrelPkstn]Anwar-e-Madina Islamic Centre. 8-9 Talbot Street. ,,,,,,,,,,,,,,Anwar-e-Madina Islamic Centre,,,,,8-9 Talbot Street
-3.185268045,55.96059413,*[800WBrelPkstn]Anwar-E-Madina Masjid. 43-45 Annandale Street. 0131 556 1226,,,,,,,,,,,,,,Anwar-E-Madina Masjid,,,,,43-45 Annandale Street
-3.498437405,55.90186286,*[200NoWBrelPkstn]Anwar-e-Madina Masjid. 1 Craigshill East Road. 01506 431165,,,,,,,,,,,,,,Anwar-e-Madina Masjid,,,,,1 Craigshill East Road
-1.828306317,52.49298819,*[100BrelPkstn]Anwar-ul-Madina. 762 Washwood Heath Road. 0121 328 4930,,,,,,,,,,,,,,Anwar-ul-Madina,,,,,762 Washwood Heath Road
-0.0123891,51.4963363,"*[450NoWDeobBangla]Aqsa Masjid. 3 Thorne House, Launch Street. 020 7515 2488",,,,,,,,,,,,,,Aqsa Masjid,,,,,"3 Thorne House, Launch Street"
-2.24824369,53.45432058,*[200WArab]Ar Rahma Masjid. Woburn Street. 0161 226 0762,,,,,,,,,,,,,,Ar Rahma Masjid,,,,,Woburn Street
-1.481681764,53.3892985,*[500WArabArab]Ar Risala Masjid. 51 Montgomery Terrace Road. 0114 272 9999,,,,,,,,,,,,,,Ar Risala Masjid,,,,,51 Montgomery Terrace Road
-0.610202551,51.50532007,*[200Arab]Ar-Rahaman Community Centre. 22 Ladbrooke Road. ,,,,,,,,,,,,,,Ar-Rahaman Community Centre,,,,,22 Ladbrooke Road
-1.863346696,52.47021382,*[1100WArab]Ar-Rahma Islamic Centre. 29 Whitmore Road. 0121 766 8896,,,,,,,,,,,,,,Ar-Rahma Islamic Centre,,,,,29 Whitmore Road
-2.447467446,53.56577379,*[1000NoWDeobGujrti]Ar-Rahman Masjid. 2-14 Randal Street. 01204 660177,,,,,,,,,,,,,,Ar-Rahman Masjid,,,,,2-14 Randal Street
-1.056843996,52.63814646,*[200WDeob]As Salaam Trust Masjid. 198 Thurncourt Road. 0116 241 7100,,,,,,,,,,,,,,As Salaam Trust Masjid,,,,,198 Thurncourt Road
0.046677142,51.55204598,*[30Irreg]ASHA Islamic Centre. 49 Station Road. 020 8911 6282,,,,,,,,,,,,,,ASHA Islamic Centre,,,,,49 Station Road
-0.061847717,51.51400492,*[100NoWSalf]Ashaadibi Masjid and Cultural Centre. 167 Canon Street Road. ,,,,,,,,,,,,,,Ashaadibi Masjid and Cultural Centre,,,,,167 Canon Street Road
-0.458373427,51.44687617,*[100W]Ashford & Staines Community Centre. circa 778 London Road. 07931 369176,,,,,,,,,,,,,,Ashford & Staines Community Centre,,,,,circa 778 London Road
0.875161886,51.13913914,*[300WBrel]Ashford Muslim Association. 79 Torrington Road. 01233 647030,,,,,,,,,,,,,,Ashford Muslim Association,,,,,79 Torrington Road
-2.443240285,53.57397356,*[350NoWDeobGujrti]Ashrafia Mosque. Cannon Street North. 01204 384713,,,,,,,,,,,,,,Ashrafia Mosque,,,,,Cannon Street North
-2.443763316,53.57398551,*[200NoWDeobGujrti]Ashrafia Mosque (temporary). 56-58 Gibraltar Street. 01204 384713,,,,,,,,,,,,,,Ashrafia Mosque (temporary),,,,,56-58 Gibraltar Street
-2.087375522,53.49241166,*[1200WBrelPkstn]Ashton Central Mosque. Hillgate Street. 0161 330 0617,,,,,,,,,,,,,,Ashton Central Mosque,,,,,Hillgate Street
-2.101052105,53.48941479,*[DeobBangla]Ashton Jame' Mosque & Islamic Centre. 243 Cavendish Street. 0161 339 7898,,,,,,,,,,,,,,Ashton Jame' Mosque & Islamic Centre,,,,,243 Cavendish Street
-2.310127616,53.45120122,*[50NoWDeobPkstn]As-Salam Centre. 14 Moss Road. 07922653581,,,,,,,,,,,,,,As-Salam Centre,,,,,14 Moss Road
-0.055822134,51.48365458,*[750WArab]Assalatur-Rahman Islamic Association. 141 Ormside Street. 020 7635 7722,,,,,,,,,,,,,,Assalatur-Rahman Islamic Association,,,,,141 Ormside Street
-0.055532455,51.48455654,"*[1000WArab]Assalatur-Rahman Islamic Association. Unit 5, Record Street. 020 7635 7722",,,,,,,,,,,,,,Assalatur-Rahman Islamic Association,,,,,"Unit 5, Record Street"
-1.177361012,52.96662795,*[800WBrelPkstn]As-Shifa and Karimia Mosque. 512 Berridge Road West. 0115 841 5806,,,,,,,,,,,,,,As-Shifa and Karimia Mosque,,,,,512 Berridge Road West
-1.894551516,52.49982376,*[250DeobGujrti]As-Suffa Institute. 25 Park Lane. 07939 537085,,,,,,,,,,,,,,As-Suffa Institute,,,,,25 Park Lane
-0.06910041,51.59581817,"*[650WSalf]Assunnah Islamic Centre. Unit B1, 565a High Road. 020 8808 7951",,,,,,,,,,,,,,Assunnah Islamic Centre,,,,,"Unit B1, 565a High Road"
-1.762543917,53.79025782,*[50IrregSufiPkstn]Astana Aliya Naqeebiya. 14 Claremont. ,,,,,,,,,,,,,,Astana Aliya Naqeebiya,,,,,14 Claremont
0.075160861,51.56079779,*[30NJDeobGujrti]At-Taqwa Academy. 104-106 Ley Street. 020 3603 8464,,,,,,,,,,,,,,At-Taqwa Academy,,,,,104-106 Ley Street
0.124919862,51.56962377,*[60NoWNJDeobBangla]At-Taqwa Centre. 1041-1043 High Road. 0203 583 2324,,,,,,,,,,,,,,At-Taqwa Centre,,,,,1041-1043 High Road
-1.919260025,52.50214558,*[300W]At-Taqwa Centre. 61-65 Villa Road. 0121 333 5194,,,,,,,,,,,,,,At-Taqwa Centre,,,,,61-65 Villa Road
0.08471488,51.54174777,*[80NoWArab]Attaqwa Mosque. 97 Longbridge Road. 020 8591 5917,,,,,,,,,,,,,,Attaqwa Mosque,,,,,97 Longbridge Road
-0.832345784,51.82268394,"*[500WBrelPkstn]Aylesbury Faizan-e-Siddeeq-e-Akbar. Unit 2, Chamberlain Road. 07877 160554",,,,,,,,,,,,,,Aylesbury Faizan-e-Siddeeq-e-Akbar,,,,,"Unit 2, Chamberlain Road"
-0.798874497,51.81523122,*[500BrelPkstn]Aylesbury Islamic Educational Trust. 33 Tring Road. 01296 422245,,,,,,,,,,,,,,Aylesbury Islamic Educational Trust,,,,,33 Tring Road
-0.833064616,51.82218326,"*[500WSalf]Aylesbury Vale Islamic Centre. Matrix House, 10 Chamberlain Road. ",,,,,,,,,,,,,,Aylesbury Vale Islamic Centre,,,,,"Matrix House, 10 Chamberlain Road"
-4.499416351,55.61566779,*[WSalfPkstn]Ayrshire Central Mosque. 58 Hill Street. 01563 533213,,,,,,,,,,,,,,Ayrshire Central Mosque,,,,,58 Hill Street
-2.638817578,53.4512124,*[100DeobBangla]Aysha Siddique Muslim Community Centre And Prayers Room. 9 Queen Street. 07543 765945,,,,,,,,,,,,,,Aysha Siddique Muslim Community Centre And Prayers Room,,,,,9 Queen Street
-2.460163683,53.5815372,*[100DeobGujrti]Azhar Academy. 20 Devonshire Road. 01204 841876,,,,,,,,,,,,,,Azhar Academy,,,,,20 Devonshire Road
0.020199716,51.5458313,*[600WDeob]Azhar Masjid Mosque. 235a Romford Road. 020 8534 5959,,,,,,,,,,,,,,Azhar Masjid Mosque,,,,,235a Romford Road
-0.074847043,51.55532143,*[2000WSufiTurk]Azizia Mosque. 117-119 Stoke Newington Road. 020 7254 0046,,,,,,,,,,,,,,Azizia Mosque,,,,,117-119 Stoke Newington Road
-2.096634507,53.53734259,*[300Maud]Azmat-e-Islam Masjid. 77-81 Retford Street. 0161 678 6772,,,,,,,,,,,,,,Azmat-e-Islam Masjid,,,,,77-81 Retford Street
-1.556206942,53.77768772,*[250ShiaGujrti]Baab Il Ilm Institute. 168 Beeston Road. 0113 276 5558,,,,,,,,,,,,,,Baab Il Ilm Institute,,,,,168 Beeston Road
-0.019091964,51.52183197,*[200NoWDeobBangla]Bait ul Aman Cultural Centre. 208-210 Devons Road. 07944 300231,,,,,,,,,,,,,,Bait ul Aman Cultural Centre,,,,,208-210 Devons Road
-1.736714244,53.79432661,*[600NoWSufiBangla]Bait ul Aman Jamia Mosque. 6 Maudsley Street. ,,,,,,,,,,,,,,Bait ul Aman Jamia Mosque,,,,,6 Maudsley Street
-0.030727387,53.5594843,"*[50DeobBangla]Bait ul-Huda Jame Masjid. Rear of 43 or of 51, Market Street. 01472 600082",,,,,,,,,,,,,,Bait ul-Huda Jame Masjid,,,,,"Rear of 43 or of 51, Market Street"
-0.150658339,51.5500971,*[700NoWDeobBangla]Baitul Amaan Mosque. 158 Weedington Road. 020 7267 0906,,,,,,,,,,,,,,Baitul Amaan Mosque,,,,,158 Weedington Road
-0.052710772,51.52500947,*[2500WSufiBangla]Baitul Aman Mosque and Cultural Centre. 101 Braintree Street. 020 8983 3409,,,,,,,,,,,,,,Baitul Aman Mosque and Cultural Centre,,,,,101 Braintree Street
-0.049932,51.5284262,*[200NoWDeobBangla]Baitul Mamur Academy. 85 Roman Road. 07534 076055,,,,,,,,,,,,,,Baitul Mamur Academy,,,,,85 Roman Road
-1.429158747,55.00125052,*[500DeobBangla]Baitul Ma'mur Jame-e-Masjid and Islamic Center. 50 Baring Street. 0191 456 4663,,,,,,,,,,,,,,Baitul Ma'mur Jame-e-Masjid and Islamic Center,,,,,50 Baring Street
-0.083545446,51.49236276,"*[200WArab]Baitul Rahman Masjid. Unit 1, 82-96 Old Kent Road. 020 7703 2592",,,,,,,,,,,,,,Baitul Rahman Masjid,,,,,"Unit 1, 82-96 Old Kent Road"
-0.438506,51.89494,*[300NoWDeob]Baitul-Abrar Jami Masjid. 364-366 Leagrave Road. 01582 595535,,,,,,,,,,,,,,Baitul-Abrar Jami Masjid,,,,,364-366 Leagrave Road
-0.094311833,51.49746431,*[2500WDeobBangla]Bait-ul-Aziz Islamic Cultural Centre. 1 Dickens Square. 020 7378 7764,,,,,,,,,,,,,,Bait-ul-Aziz Islamic Cultural Centre,,,,,1 Dickens Square
-1.473353505,53.36556979,*[350WDeobBangla]Bait-ul-Mukarram Jamia Mosque. 358-362 London Road. 0114 258 2280,,,,,,,,,,,,,,Bait-ul-Mukarram Jamia Mosque,,,,,358-362 London Road
-2.055135369,52.52538647,*[70DeobBangla]Bait-ul-Mukarram Mosque. 17 Wellington Road. n/a,,,,,,,,,,,,,,Bait-ul-Mukarram Mosque,,,,,17 Wellington Road
-2.327041626,53.7066146,*[700WBangla]Bait-ul-Mukarram Mosque and Islamic Centre. 3 Union Street. 01706 223940,,,,,,,,,,,,,,Bait-ul-Mukarram Mosque and Islamic Centre,,,,,3 Union Street
0.048947632,51.54654522,*[300NoWDeobBangla]Baitur Rahman Masjid. 440-442 High Street North. 020 8471 8343,,,,,,,,,,,,,,Baitur Rahman Masjid,,,,,440-442 High Street North
-3.245991915,55.93445342,*[50WJSufiTurk]Balgreen Mosque and Turkish Community Centre. 199-201 Balgreen Road. 0131 629 5276,,,,,,,,,,,,,,Balgreen Mosque and Turkish Community Centre,,,,,199-201 Balgreen Road
-0.149027556,51.44652344,*[750WDeobGujrti]Balham Mosque. 47A Balham High Road. 020 8673 1000,,,,,,,,,,,,,,Balham Mosque,,,,,47A Balham High Road
-8.770608902,53.76035724,"*[150]Ballyhaunis Mosque. 3 Sherwood Ave, Abbeyquarter. +353 861708562",,,,,,,,,,,,,,Ballyhaunis Mosque,,,,,"3 Sherwood Ave, Abbeyquarter"
-1.987117231,52.57800271,*[500DeobBangla]Bangladesh Islamic & Cultural Association. 74 Wednesbury Road. not available,,,,,,,,,,,,,,Bangladesh Islamic & Cultural Association,,,,,74 Wednesbury Road
-1.911175847,52.50377503,*[470WDeobBangla]Bangladesh Islamic Centre. 8 Mayfield Road. 0121 507 0817,,,,,,,,,,,,,,Bangladesh Islamic Centre,,,,,8 Mayfield Road
-1.910060048,52.50160024,*[300SufiBangla]Bangladesh Islamic Centre and Jami Masjid. 88 Wills Street. 0121 523 0624,,,,,,,,,,,,,,Bangladesh Islamic Centre and Jami Masjid,,,,,88 Wills Street
-5.691309571,54.59209711,*[40DeobBangla]Bangladesh Islamic Community Centre. 24 Greenwell Street. 028 9181 0566,,,,,,,,,,,,,,Bangladesh Islamic Community Centre,,,,,24 Greenwell Street
-0.473616421,52.13417129,*[350WDeobBangla]Bangladesh Islamic Mission and Jamee Mosjid. 65 Commercial Road. 01234 219427,,,,,,,,,,,,,,Bangladesh Islamic Mission and Jamee Mosjid,,,,,65 Commercial Road
-0.028249,51.510102,*[200NoWDeobBangla]Bangladeshi Cultural Centre. 304-306 Stock Place. 020 7719 8066,,,,,,,,,,,,,,Bangladeshi Cultural Centre,,,,,304-306 Stock Place
-1.241192222,51.74909259,*[200NoWDeobBangla]Bangladeshi Islamic Education Centre and Mosque. 57 Cowley Road. 01865 793118,,,,,,,,,,,,,,Bangladeshi Islamic Education Centre and Mosque,,,,,57 Cowley Road
-0.653370023,53.59216731,*[50NoWBrelBangla]Bangladeshi Sunni Mosque. 107 West Street. 01724 842772,,,,,,,,,,,,,,Bangladeshi Sunni Mosque,,,,,107 West Street
-4.130701125,53.22346574,*[375WDeob]Bangor Islamic Centre & Muslim Welfare House. 57 and 61 High Street. 01248 354612,,,,,,,,,,,,,,Bangor Islamic Centre & Muslim Welfare House,,,,,57 and 61 High Street
-2.475893498,53.75773771,*[IrregGujrti]Bangor Street Community Centre. Norwich Street. 01254 692289,,,,,,,,,,,,,,Bangor Street Community Centre,,,,,Norwich Street
-0.1650451,51.6450793,*[300Bangla]Barnet Islamic Centre. 18 Brookhill Road. 07904 544207,,,,,,,,,,,,,,Barnet Islamic Centre,,,,,18 Brookhill Road
-2.184154987,53.91623524,*[50Deob]Barnoldswick Learning & Cultural Trust. 45 Rainhall Road. 07811 621187,,,,,,,,,,,,,,Barnoldswick Learning & Cultural Trust,,,,,45 Rainhall Road
-1.395096034,50.92310316,*[300W]Bashir Ahmed Masjid. 96-100 Portswood Road. 02380 557563,,,,,,,,,,,,,,Bashir Ahmed Masjid,,,,,96-100 Portswood Road
-2.357221842,51.38011482,*[250W]Bath Islamic Centre and Mosque. 8 Pierrepoint Street. 01225 460922,,,,,,,,,,,,,,Bath Islamic Centre and Mosque,,,,,8 Pierrepoint Street
-1.745790839,53.81130257,*[300ShiaPkstn]Bayt Al Qaim Islamic Centre. 145-147 Bolton Lane. ,,,,,,,,,,,,,,Bayt Al Qaim Islamic Centre,,,,,145-147 Bolton Lane
-0.074688792,51.51771206,*[300NoWDeobBangla]BBC Community Centre. 16 Toynbee Street. 020 7247 7661,,,,,,,,,,,,,,BBC Community Centre,,,,,16 Toynbee Street
-2.235089564,51.85988373,*[20WSalf]Beacon of Light Foundation. 177 Barton Street. 01452 699098,,,,,,,,,,,,,,Beacon of Light Foundation,,,,,177 Barton Street
-4.320311844,55.91239169,*[300DeobPkstn]Bearsden Muslim Association Community Centre. 1 Speirs Road. 07866 261403,,,,,,,,,,,,,,Bearsden Muslim Association Community Centre,,,,,1 Speirs Road
-1.152513027,52.66148294,"*[200W]Beaumont Leys Muslims. Home Farm Neighbourhood Centre, Home Farm Close,. 07565 512035",,,,,,,,,,,,,,Beaumont Leys Muslims,,,,,"Home Farm Neighbourhood Centre, Home Farm Close,"
0.0682149,51.51298,*[300DeobBangla]Beckton Islamic Association. 18 Warwall. 07940 722941,,,,,,,,,,,,,,Beckton Islamic Association,,,,,18 Warwall
-0.474413037,52.13699474,"*[650WSufiBangla]Bedford Central Jamee Masjid And Islamic Cultural Centre. 34 Brereton Road, corner of Alexandra Road. 01234 360346",,,,,,,,,,,,,,Bedford Central Jamee Masjid And Islamic Cultural Centre,,,,,"34 Brereton Road, corner of Alexandra Road"
-1.204991117,52.92777126,*[500BrelPkstn]Beeston Muslim Centre. 4A Evelyn Street. 0115 9258576,,,,,,,,,,,,,,Beeston Muslim Centre,,,,,4A Evelyn Street
-5.935969949,54.58730614,"*[700WSalfArab]Belfast Islamic Centre. Aldersgate House, 13-19 University Road. ",,,,,,,,,,,,,,Belfast Islamic Centre,,,,,"Aldersgate House, 13-19 University Road"
-5.942051858,54.58249704,*[330WSalfArab]Belfast Islamic Centre. 38 Wellington Park. 028 9066 4465,,,,,,,,,,,,,,Belfast Islamic Centre,,,,,38 Wellington Park
-3.165439232,51.77587386,*[100]Berea Masjid. Berea Cottages. ,,,,,,,,,,,,,,Berea Masjid,,,,,Berea Cottages
-4.274880588,55.86510446,"*[30WJ]Berkeley Street Musallah. Basement of Shah Noor Restaurant, 73 Berkeley Street. 0141 248 0107",,,,,,,,,,,,,,Berkeley Street Musallah,,,,,"Basement of Shah Noor Restaurant, 73 Berkeley Street"
-0.054293275,51.53297895,*[150NoWDeobBangla]Bethnal Green North Community Focus. 73 Bishops Way. 07846 488155,,,,,,,,,,,,,,Bethnal Green North Community Focus,,,,,73 Bishops Way
0.474333912,50.84140733,*[80]Bexhill Masjid and Islamic Centre. 1 Clifford Road. 01424 211977,,,,,,,,,,,,,,Bexhill Masjid and Islamic Centre,,,,,1 Clifford Road
-1.990327835,52.57154447,"*[100Irreg]Bilal Academy. Unit 2, Rear of 226 Milton Street. ",,,,,,,,,,,,,,Bilal Academy,,,,,"Unit 2, Rear of 226 Milton Street"
-1.639945507,54.96916813,*[2500WBrelPkstn]Bilal Jamia Masjid. 4 Malvern Street. 0191 226 0562,,,,,,,,,,,,,,Bilal Jamia Masjid,,,,,4 Malvern Street
-2.08845377,53.54204792,*[450WBrel]Bilal Jamia Masjid & Education Centre. 19-23 Ronald Street. 0161 345 7184,,,,,,,,,,,,,,Bilal Jamia Masjid & Education Centre,,,,,19-23 Ronald Street
-2.14625001,52.59381993,*[1200WBrelPkstn]Bilal Jamia Masjid and Muslim Community Centre. 58 Newhampton Road West. 01902 771980,,,,,,,,,,,,,,Bilal Jamia Masjid and Muslim Community Centre,,,,,58 Newhampton Road West
-3.598988056,51.53968084,*[200DeobBangla]Bilal Masjid. 39 Dunraven Street. none,,,,,,,,,,,,,,Bilal Masjid,,,,,39 Dunraven Street
-1.878552139,52.46252713,*[300Deob]Bilal Masjid and Islamic Centre. 92-93 Long Street. 0121 753 4609,,,,,,,,,,,,,,Bilal Masjid and Islamic Centre,,,,,92-93 Long Street
-0.331077128,51.55047154,*[200DeobPkstn]Bilal Masjid Trust (Greenford). 82-84 Horsenden Lane North. 020 3489 5589,,,,,,,,,,,,,,Bilal Masjid Trust (Greenford),,,,,82-84 Horsenden Lane North
-1.890506,52.46497512,*[2900WDeobPkstn]Birmingham Central Mosque. 180 Belgrave Middleway and 148-154 Berners Street. 0121 440 5355,,,,,,,,,,,,,,Birmingham Central Mosque,,,,,180 Belgrave Middleway and 148-154 Berners Street
-1.84630394,52.46548823,"*[100NoWIrregBangla]Birmingham Cultural and Education Centre. Oldknow Junior School, Oldknow Road. ",,,,,,,,,,,,,,Birmingham Cultural and Education Centre,,,,,"Oldknow Junior School, Oldknow Road"
-1.905374229,52.50031075,*[300WDeobBangla]Birmingham Masjid and Dawah Centre. 148 Berners Street. 0121 257 2556,,,,,,,,,,,,,,Birmingham Masjid and Dawah Centre,,,,,148 Berners Street
-1.926434202,52.44923325,"*[200WStdnt]Birmingham University Islamic Society. Chaplaincy, St Francis Hall or University of Birmingham Guil.... 0121 414 3344",,,,,,,,,,,,,,Birmingham University Islamic Society,,,,,"Chaplaincy, St Francis Hall or University of Birmingham Guil"
-4.214141965,55.89763278,"*[40]Bishopbriggs Muslim Community Centre. behind Cha Cha Gz, 140a Auchinairn Road. ",,,,,,,,,,,,,,Bishopbriggs Muslim Community Centre,,,,,"behind Cha Cha Gz, 140a Auchinairn Road"
-0.121557713,51.40924163,*[150WDeob]Bismillah Cultural Centre. 1370c London Road. 020 8764 6274,,,,,,,,,,,,,,Bismillah Cultural Centre,,,,,1370c London Road
-3.257381916,55.96116616,*[400WDeobPkstn]Blackhall Mosque. 1 House O'Hill Road. 0131 343 3802,,,,,,,,,,,,,,Blackhall Mosque,,,,,1 House O'Hill Road
-2.035059035,52.47058798,*[400WBrel]Blackheath Jamia Mosque. 143-150 Malt Mill Lane. 07832969429,,,,,,,,,,,,,,Blackheath Jamia Mosque,,,,,143-150 Malt Mill Lane
-6.398219168,53.38516653,"*[200]Blanchardstown Islamic Centre. Unit 6, CoolPorts Business Park. +353 1 822 2366",,,,,,,,,,,,,,Blanchardstown Islamic Centre,,,,,"Unit 6, CoolPorts Business Park"
-0.734225214,51.99210575,*[300NoWDeobBangla]Bletchley Jamee Mosque. 48-52 Duncombe Street. 01908 367758,,,,,,,,,,,,,,Bletchley Jamee Mosque,,,,,48-52 Duncombe Street
-0.721675158,51.98936645,*[300DeobBangla]Bletchley Jamee Mosque. 95 Manor Road. 01908 367758,,,,,,,,,,,,,,Bletchley Jamee Mosque,,,,,95 Manor Road
-2.812875509,55.61869264,*[50WIrreg]Borders Islamic Society. 6 Roxburgh Street. ,,,,,,,,,,,,,,Borders Islamic Society,,,,,6 Roxburgh Street
-1.856906712,52.4767909,*[225NoWDeobBangla]Bordesley Green Islamic Centre. 122 Bordesley Green. 0121 766 6371,,,,,,,,,,,,,,Bordesley Green Islamic Centre,,,,,122 Bordesley Green
-0.2826076,51.6682709,[50]Borehamwood Islamic Society. 160 Aycliffe Road. 07508 936038,,,,,,,,,,,,,,Borehamwood Islamic Society,,,,,160 Aycliffe Road
-0.214152932,51.55554824,*[80WSufi]Bosnia & Hercegovina Muslim Community. 129 Cricklewood Broadway. 020 8452 7632,,,,,,,,,,,,,,Bosnia & Hercegovina Muslim Community,,,,,129 Cricklewood Broadway
-0.018770099,52.98463152,*[100MaudPkstn]Boston Masjid. 27 Horncastle Road. 01205 369114,,,,,,,,,,,,,,Boston Masjid,,,,,27 Horncastle Road
-1.885081902,50.7189955,*[50SufiTurk]Bournemouth C&acirc;mii. 20 St Michael's Road. 07542 427189,,,,,,,,,,,,,,Bournemouth C&acirc;mii,,,,,20 St Michael's Road
-1.877044737,50.74247253,*[300NoWDeobBangla]Bournemouth Mosque. 2c Cranmer Road. 01202 528417,,,,,,,,,,,,,,Bournemouth Mosque,,,,,2c Cranmer Road
-1.950145777,52.42499991,*[200]Bourneville Masjid & Community Centre. 122 Cob Lane. ,,,,,,,,,,,,,,Bourneville Masjid & Community Centre,,,,,122 Cob Lane
-0.014636815,51.52924802,*[1500NoWDeobBangla]Bow Central Mosque & Islamic Centre. 246 Bow Road. not known,,,,,,,,,,,,,,Bow Central Mosque & Islamic Centre,,,,,246 Bow Road
-0.031698346,51.53258184,*[350NoWDeobBangla]Bow Muslim Community Centre. 515b-517 Roman Road. 020 8983 1661,,,,,,,,,,,,,,Bow Muslim Community Centre,,,,,515b-517 Roman Road
0.298716277,51.61234722,*[30WSalfBangla]Brentwood Islamic Cultural Centre. 29a Warley Hill. 07947 084220,,,,,,,,,,,,,,Brentwood Islamic Cultural Centre,,,,,29a Warley Hill
-3.003596663,51.12692303,"*[200WDeobBangla]Bridgwater Jamme Masjid. 10, Friarn Street. 07946 460841",,,,,,,,,,,,,,Bridgwater Jamme Masjid,,,,,"10, Friarn Street"
-2.562705874,51.46200552,*[600WBrelBangla]Bristol Central Mosque. Owen Street and Kilburn Street. 0117 941 1339,,,,,,,,,,,,,,Bristol Central Mosque,,,,,Owen Street and Kilburn Street
-2.581561804,51.44219361,*[840WDeobPkstn]Bristol Jamia Mosque. Green Street. 0117 977 0944,,,,,,,,,,,,,,Bristol Jamia Mosque,,,,,Green Street
-2.58880645,51.48062119,*[30SufiTurk]Bristol Turkish Community BSW. 272a Gloucester Road. 0117 944 4564,,,,,,,,,,,,,,Bristol Turkish Community BSW,,,,,272a Gloucester Road
-0.026220434,51.52549115,*[250NoWDeobBangla]British Estate Islamic Education Centre. 31 Merchant Street. not known,,,,,,,,,,,,,,British Estate Islamic Education Centre,,,,,31 Merchant Street
-2.264401317,53.44944578,*[300JSalf]British Muslim Heritage Centre. College Road. 0161 881 8062,,,,,,,,,,,,,,British Muslim Heritage Centre,,,,,College Road
-0.123966336,51.44871053,*[200WArab]Brixton Hill Islamic Centre. 226A-228A Brixton Hill. 020 3583 9729,,,,,,,,,,,,,,Brixton Hill Islamic Centre,,,,,226A-228A Brixton Hill
-0.014253259,51.52604077,"*[300NoWDeobBangla]Bromley by Bow Bangladeshi Forum & Muslim Cultural Centre. Kingsley Hall, Powis Road. 07930 964592",,,,,,,,,,,,,,Bromley by Bow Bangladeshi Forum & Muslim Cultural Centre,,,,,"Kingsley Hall, Powis Road"
0.014758,51.4030293,*[100SalfArab]Bromley Islamic Centre. 1st floor 94 High Street. 020 3488 3310,,,,,,,,,,,,,,Bromley Islamic Centre,,,,,1st floor 94 High Street
-0.479340255,51.53255264,"*[50WNJStdnt]Brunel University Islamic Society. Brunel University, Kingston Lane. ",,,,,,,,,,,,,,Brunel University Islamic Society,,,,,"Brunel University, Kingston Lane"
-0.027181506,51.5171621,"*[400NoWDeobBangla]Burdett Estate Mosque. Masjid Lane, between Wallwood Street and Burgess Street. 020 7536 2572",,,,,,,,,,,,,,Burdett Estate Mosque,,,,,"Masjid Lane, between Wallwood Street and Burgess Street"
-0.066145957,51.52602993,*[250NoWDeobBangla]Burhan Uddin Masjid. 2a Buckfast Street. 07984 728490,,,,,,,,,,,,,,Burhan Uddin Masjid,,,,,2a Buckfast Street
-1.918083876,52.4879678,*[800ShiaGujrti]Burhani Saifee Icknield Mosque. 164 Icknield Street. ,,,,,,,,,,,,,,Burhani Saifee Icknield Mosque,,,,,164 Icknield Street
-0.425913334,51.88483586,*[2000NoWDeobBangla]Bury Park Jamia Masjid. 21-27 Bury Park Road. 01582 725412,,,,,,,,,,,,,,Bury Park Jamia Masjid,,,,,21-27 Bury Park Road
-0.327749848,51.59230902,"[500WIrregShia]Bustan-e-Zehra Association. Masefield Suite, 1st floor, Harrow Leisure Centre, Christchu.... 020 8908 4911",,,,,,,,,,,,,,Bustan-e-Zehra Association,,,,,"Masefield Suite, 1st floor, Harrow Leisure Centre, Christchu"
-1.981924474,52.59414091,*[100IrregDeob]Butts Muslim Society and Mosque. 22 Cannon Street. 01922 640983,,,,,,,,,,,,,,Butts Muslim Society and Mosque,,,,,22 Cannon Street
-0.036901832,51.47635306,*[100NoWDeobBangla]BWA Muslim Cultural Centre and Mosque. 10a Clifton Rise. none working,,,,,,,,,,,,,,BWA Muslim Cultural Centre and Mosque,,,,,10a Clifton Rise
-0.756785274,51.33738518,*[350WDeobBangla]Camberley Islamic Centre. 282 London Road. 01276 670717,,,,,,,,,,,,,,Camberley Islamic Centre,,,,,282 London Road
-0.09440437,51.47880874,*[200WArabMix]Camberwell Islamic Centre. 188 Camberwell Road. 020 7701 3687,,,,,,,,,,,,,,Camberwell Islamic Centre,,,,,188 Camberwell Road
0.152354837,52.19694459,*[1000W]Cambridge Mosque Trust. 309-313 Mill Road. 01223 350134,,,,,,,,,,,,,,Cambridge Mosque Trust,,,,,309-313 Mill Road
0.109685,52.200887,[NJStdnt]Cambridge University Islamic Society. University of Cambridge at Sidgwick Avenue. ,,,,,,,,,,,,,,Cambridge University Islamic Society,,,,,University of Cambridge at Sidgwick Avenue
0.113513,52.201987,"[J]Cambridge University Islamic Society's Jumu'ah Venue. Bowett Room, Queens College, Silver Street. ",,,,,,,,,,,,,,Cambridge University Islamic Society's Jumu'ah Venue,,,,,"Bowett Room, Queens College, Silver Street"
-0.014921129,51.50421066,*[multi]Canary Wharf Multi-faith Prayer Room. Churchill Place. ,,,,,,,,,,,,,,Canary Wharf Multi-faith Prayer Room,,,,,Churchill Place
0.011160672,51.55524639,*[600WBangla]Cann Hall Masjid. 145 Cann Hall Road. 020 8555 0963,,,,,,,,,,,,,,Cann Hall Masjid,,,,,145 Cann Hall Road
-3.805684447,53.28460405,*[150WDeob]Canolfan Iman Centre. Glyn Y Marl Road. ,,,,,,,,,,,,,,Canolfan Iman Centre,,,,,Glyn Y Marl Road
1.064847708,51.2962828,"*[200WStdnt]Canterbury Muslim Cultural Centre. The Markaz, 1, Giles Lane. 01227 769263",,,,,,,,,,,,,,Canterbury Muslim Cultural Centre,,,,,"The Markaz, 1, Giles Lane"
-0.20121932,51.53278874,*[300WMix]Carlton Vale Mosque. 88-90 Canterbury Road. 020 7625 5789,,,,,,,,,,,,,,Carlton Vale Mosque,,,,,88-90 Canterbury Road
0.594074428,51.51604297,*[50DeobBangla]Castlepoint Jame Mosque. 1a Grafton Road. 07848 032419,,,,,,,,,,,,,,Castlepoint Jame Mosque,,,,,1a Grafton Road
-0.384760201,51.49944799,*[2500WDeobPkstn]Central Jamia Masjid. 12 Montague Waye. 020 8813 9219,,,,,,,,,,,,,,Central Jamia Masjid,,,,,12 Montague Waye
-0.808605552,52.06252097,*[1600WBrelPkstn]Central Jamia Masjid. 14-16 Church Street. 01908 221341,,,,,,,,,,,,,,Central Jamia Masjid,,,,,14-16 Church Street
-1.858416796,52.46495224,*[6000WBrelPkstn]Central Jamia Mosque Ghamkol Sharif. 150 Golden Hillock Road. 0121 773 7277,,,,,,,,,,,,,,Central Jamia Mosque Ghamkol Sharif,,,,,150 Golden Hillock Road
-1.910473108,53.86859176,*[600BrelPkstn]Central Jamia Mosque Highfield Branch. Albert Street. ,,,,,,,,,,,,,,Central Jamia Mosque Highfield Branch,,,,,Albert Street
-1.872439385,53.72334831,*[2500WBrel]Central Jamia Mosque Madni. 117-131 Gibbet Street. 01422 365645,,,,,,,,,,,,,,Central Jamia Mosque Madni,,,,,117-131 Gibbet Street
-1.766977608,53.80399434,*[540WBrelPkstn]Central Jamia MosqueTabligh-ul-Islam. 68-69 Southfield Square. 01274 732958,,,,,,,,,,,,,,Central Jamia MosqueTabligh-ul-Islam,,,,,68-69 Southfield Square
-0.981441736,51.45405538,*[700WDeobBangla]Central Jamme Mosque. 18a Waylen Street. 01189 508860,,,,,,,,,,,,,,Central Jamme Mosque,,,,,18a Waylen Street
-3.186029792,55.94491933,*[1250WArabArab]Central Mosque & Islamic Centre. 50 Potterrow. 0131 667 0140,,,,,,,,,,,,,,Central Mosque & Islamic Centre,,,,,50 Potterrow
-3.045009971,53.8084233,*[500WDeobMix]Central Mosque and Community Centre. 2 Revoe Street. 01253 291967,,,,,,,,,,,,,,Central Mosque and Community Centre,,,,,2 Revoe Street
-3.991963863,55.81697468,*[3000WDeobPkstn]Central Mosque Lanarkshire. 1-3 and 5 Clydesdale Street. 01698 730650,,,,,,,,,,,,,,Central Mosque Lanarkshire,,,,,1-3 and 5 Clydesdale Street
-0.223835707,51.5499545,"*[900WBrelPkstn]Central Mosque Of Brent. Marley Walk, Station Parade and 41 Station Parade. 020 8450 1986",,,,,,,,,,,,,,Central Mosque Of Brent,,,,,"Marley Walk, Station Parade and 41 Station Parade"
-1.643260717,52.79703694,*[750WBrel]Central Mosque Razvia Burton. 228-231 Uxbridge Street. 01283 516390,,,,,,,,,,,,,,Central Mosque Razvia Burton,,,,,228-231 Uxbridge Street
-1.240290999,51.75159335,*[300NoWBrelBangla]Central Oxford Mosque Society. 10-11 Bath Street. 01865 245547,,,,,,,,,,,,,,Central Oxford Mosque Society,,,,,10-11 Bath Street
-3.932826519,56.11341934,*[800WDeobMix]Central Scotland Islamic Centre. Burghmuir Road. 01786 474324,,,,,,,,,,,,,,Central Scotland Islamic Centre,,,,,Burghmuir Road
-0.193440914,51.57160848,"*[1000WShia]Centre for Islamic Enlightening. The Hippodrome, North End Road. 020 8452 3822",,,,,,,,,,,,,,Centre for Islamic Enlightening,,,,,"The Hippodrome, North End Road"
0.139979124,52.17466203,"*[20Wmulti]Chapel. Addenbrooke's Hospital, Hill's Road. 01223 217769",,,,,,,,,,,,,,Chapel,,,,,"Addenbrooke's Hospital, Hill's Road"
-0.272732377,51.32471204,"*[2Wmulti]Chapel and Multifaith Room. Wells Wing, Epsom General Hospital, Dorking Road. ",,,,,,,,,,,,,,Chapel and Multifaith Room,,,,,"Wells Wing, Epsom General Hospital, Dorking Road"
-0.178350806,51.1610857,*[20Wmulti]Chaplaincy. Gatwick Airport. ,,,,,,,,,,,,,,Chaplaincy,,,,,Gatwick Airport
-2.278783321,53.36667412,"[WNJmulti]Chaplaincy. Terminal 2 Arrivals, Manchester Airport. 0161 489 2838",,,,,,,,,,,,,,Chaplaincy,,,,,"Terminal 2 Arrivals, Manchester Airport"
-1.610093862,54.98171034,"*[WNJShia]Chaplaincy hosting Ismaili Jamaat Khana. University Chaplaincy,  University of Newcastle Upon Tyne, 1.... ",,,,,,,,,,,,,,Chaplaincy hosting Ismaili Jamaat Khana,,,,,"University Chaplaincy, University of Newcastle Upon Tyne, 1"
-3.188384771,55.94617649,"*[WNJShia]Chaplaincy hosting Ismaili Jamaat Khana. Chaplaincy Centre,  University of Edinburgh,  Bristo Place. ",,,,,,,,,,,,,,Chaplaincy hosting Ismaili Jamaat Khana,,,,,"Chaplaincy Centre, University of Edinburgh, Bristo Place"
0.03508,51.487609,*[230WBrel]Charlton Mosque. 30-32 Ransom Road. none,,,,,,,,,,,,,,Charlton Mosque,,,,,30-32 Ransom Road
-1.998589039,52.50255377,*[330WBrel]Chashma-e-Rahat Mosque. Oldbury Road. 0121 555 6321,,,,,,,,,,,,,,Chashma-e-Rahat Mosque,,,,,Oldbury Road
0.539242029,51.37584231,*[50BrelPkstn]Chatham Muslim Community Centre. 155 Thorold Road. 07909 903975,,,,,,,,,,,,,,Chatham Muslim Community Centre,,,,,155 Thorold Road
-2.219436765,53.35965076,*[400WPkstn]Cheadle Muslim Association (CMA). 377 Wilmslow Road. 0161 437 1093,,,,,,,,,,,,,,Cheadle Muslim Association (CMA),,,,,377 Wilmslow Road
-0.177353025,51.48123089,[50W]Chelsea Muslim Community. 14 Blantyre Street. 020 7018 1313,,,,,,,,,,,,,,Chelsea Muslim Community,,,,,14 Blantyre Street
-0.61417222,51.71206658,*[400NoWBrelPkstn]Chesham Mosque. 212 Bellingdon Road. 01494 772065,,,,,,,,,,,,,,Chesham Mosque,,,,,212 Bellingdon Road
-1.428662539,53.23978726,*[200WBrelPkstn]Chesterfield Jamia Mosque. 29 Newbold Road. 01246 277284,,,,,,,,,,,,,,Chesterfield Jamia Mosque,,,,,29 Newbold Road
-1.450329423,53.23492018,"*[130WDeob]Chesterfield Jamia Mosque Education & Welfare Trust. Portacabin A, Barker Lane. 07976 352053",,,,,,,,,,,,,,Chesterfield Jamia Mosque Education & Welfare Trust,,,,,"Portacabin A, Barker Lane"
-0.017809868,51.61104137,*[200NoWDeobGujrti]Chingford Islamic Society. 92 Chingford Mount Road. 020 8523 5826,,,,,,,,,,,,,,Chingford Islamic Society,,,,,92 Chingford Mount Road
-0.284421444,51.4902819,"*[30]Chiswick Park Mosque. Riverside Properties, 10 London Stile, Wellesley Road. n/a",,,,,,,,,,,,,,Chiswick Park Mosque,,,,,"Riverside Properties, 10 London Stile, Wellesley Road"
-2.698237896,53.76320493,*[400WSalf]City Mosque Preston. 1 North Road. ,,,,,,,,,,,,,,City Mosque Preston,,,,,1 North Road
-0.102889538,51.52765777,"*[WStdnt]City University Islaamic Society. City University, 10 Northampton Square. ",,,,,,,,,,,,,,City University Islaamic Society,,,,,"City University, 10 Northampton Square"
-1.242957115,54.57045705,*[600WBrel]Cleveland Muslim Cultural Association. 2a Bow Street. 01642 230408,,,,,,,,,,,,,,Cleveland Muslim Cultural Association,,,,,2a Bow Street
-1.885217428,52.45635103,*[1400WShiaGujrti]Clifton Mosque (KSIMC). 17 Clifton Road. 0121 440 5393,,,,,,,,,,,,,,Clifton Mosque (KSIMC),,,,,17 Clifton Road
-2.39161849,53.8700594,"*[400W]Clitheroe Masjid. Mount Vale, Lowergate. 01200 422035",,,,,,,,,,,,,,Clitheroe Masjid,,,,,"Mount Vale, Lowergate"
0.904934406,51.88775951,*[260WDeob]Colchester Islamic Cultural Association. 2 Priory Street. 01206 794919,,,,,,,,,,,,,,Colchester Islamic Cultural Association,,,,,2 Priory Street
0.172817409,51.60090147,*[100]Collier Row Masjid. 148a Chase Cross Road. ,,,,,,,,,,,,,,Collier Row Masjid,,,,,148a Chase Cross Road
-0.05836084,51.5231337,"*[50]Collingwood Masjid. 4 Ashington House, Barnsley Street. ",,,,,,,,,,,,,,Collingwood Masjid,,,,,"4 Ashington House, Barnsley Street"
-1.158472896,51.89232507,"*[15multi]Contemplation Room. adjacent Unit 55, Bicester Village, 50 Pingle Drive. 01869 366266",,,,,,,,,,,,,,Contemplation Room,,,,,"adjacent Unit 55, Bicester Village, 50 Pingle Drive"
-0.697610378,52.48765421,*[300DeobBangla]Corby Muslim Association. 30 Stuart Road. 07733 787271,,,,,,,,,,,,,,Corby Muslim Association,,,,,30 Stuart Road
-5.089298487,50.23077036,"*[200WJDeobBangla]Cornwall Islamic Community Centre. former Quenchwell Chapel, Quenchwell Road. 01872 870137",,,,,,,,,,,,,,Cornwall Islamic Community Centre,,,,,"former Quenchwell Chapel, Quenchwell Road"
-2.598816454,51.46097444,*[40NoWNJStdnt]Cotham Islamic Centre - University of Bristol. 17 Alfred Place. ,,,,,,,,,,,,,,Cotham Islamic Centre - University of Bristol,,,,,17 Alfred Place
-1.50179565,52.42509747,*[40IrregSufiTurk]Coventry &#304;slam K&uuml;lt&uuml;r Merkezi. 280 Foleshill Road. 07745 514442,,,,,,,,,,,,,,Coventry &#304;slam K&uuml;lt&uuml;r Merkezi,,,,,280 Foleshill Road
-0.014612675,51.52294011,"*[250NoWDeobBangla]Coventry Cross Mosque & Islamic Centre. Flat 6 Broxbourne House, Devas Street and Empson Street. 020 7987 2133",,,,,,,,,,,,,,Coventry Cross Mosque & Islamic Centre,,,,,"Flat 6 Broxbourne House, Devas Street and Empson Street"
-1.492740512,52.41069378,*[500Arab]Coventry Muslim Swahili Association. 88 Paynes Lane. ,,,,,,,,,,,,,,Coventry Muslim Swahili Association,,,,,88 Paynes Lane
-2.075482607,52.47336066,*[300BrelPkstn]Cradley Heath Central Mosque & Islamic Centre. 40 Plant Street. ,,,,,,,,,,,,,,Cradley Heath Central Mosque & Islamic Centre,,,,,40 Plant Street
-0.627012564,52.07454034,"*[130WStdnt]Cranfield Islamic Society. Cranfield University, 1 College Road, Wharley End. 07900 586895",,,,,,,,,,,,,,Cranfield Islamic Society,,,,,"Cranfield University, 1 College Road, Wharley End"
-2.831964791,52.43958165,"*[100W]Craven Arms Islamic Centre. Noor House, Newton Street. 01588 676319",,,,,,,,,,,,,,Craven Arms Islamic Centre,,,,,"Noor House, Newton Street"
-0.213820338,51.0973742,*[1200WDeobPkstn]Crawley Mosque. Broadwood Rise. 01293 553070,,,,,,,,,,,,,,Crawley Mosque,,,,,Broadwood Rise
-0.10466516,51.3799608,*[200WSalf]Croydon Islamic Community Trust. 89 London Road. ,,,,,,,,,,,,,,Croydon Islamic Community Trust,,,,,89 London Road
-0.112566948,51.38956583,*[3000WDeobPkstn]Croydon Masjid and Islamic Centre. 525 London Road. 020 8684 8200,,,,,,,,,,,,,,Croydon Masjid and Islamic Centre,,,,,525 London Road
-1.836280525,52.46387861,*[200WSalfBangla]Daarul Jannah Community Centre And Masjid. 1034a Coventry Road. 07757 495702,,,,,,,,,,,,,,Daarul Jannah Community Centre And Masjid,,,,,1034a Coventry Road
-0.471466631,52.12496773,*[350DeobPkstn]Daarul-Huda Madrasa & Masjid. 74 Ampthill Road. 01234 311856,,,,,,,,,,,,,,Daarul-Huda Madrasa & Masjid,,,,,74 Ampthill Road
0.123712868,51.56191165,*[300NoWDeobPkstn]Dagenham Central Mosque. 798 Green Lane. 07838 144899,,,,,,,,,,,,,,Dagenham Central Mosque,,,,,798 Green Lane
0.162100072,51.54868736,"*[50DeobBangla]Dagenham East Education Centre. Unit 4, Sterling Industrial Estate, Rainham Road South. 07908 516969",,,,,,,,,,,,,,Dagenham East Education Centre,,,,,"Unit 4, Sterling Industrial Estate, Rainham Road South"
-0.440273881,51.88311568,*[250J]Dallow Learning Community Centre. 234 Dallow Road. 01582 410333,,,,,,,,,,,,,,Dallow Learning Community Centre,,,,,234 Dallow Road
-2.243030816,53.79785875,*[200WDeob]Daneshouse Islamic Education Centre. 53 Daneshouse Road. 01282 429040,,,,,,,,,,,,,,Daneshouse Islamic Education Centre,,,,,53 Daneshouse Road
-0.266546031,51.54958009,*[50]Dar al Ilm Cultural and Learning Centre. 65 Lilburn Walk. ,,,,,,,,,,,,,,Dar al Ilm Cultural and Learning Centre,,,,,65 Lilburn Walk
-0.217114091,51.55369041,*[1000WShia]Dar Al Islam Foundation. 61 Anson Road. 020 8452 3220,,,,,,,,,,,,,,Dar Al Islam Foundation,,,,,61 Anson Road
-2.221695185,53.47079685,*[400WShiaArab]Dar Al-Islam Foundation. 2a Higher Ardwick. 0161 274 4534,,,,,,,,,,,,,,Dar Al-Islam Foundation,,,,,2a Higher Ardwick
-0.183310211,51.41628792,*[100WDeobBangla]Dar ul Amaan Islamic Centre. 54 Merton High Street. 020 8543 5687,,,,,,,,,,,,,,Dar ul Amaan Islamic Centre,,,,,54 Merton High Street
-1.231182218,54.57040418,*[800WSalf]Dar ul Islam Central Mosque. 30 Southfield Road. 01642 884224,,,,,,,,,,,,,,Dar ul Islam Central Mosque,,,,,30 Southfield Road
-2.440654635,53.56569414,*[100DeobGujrti]Dar ul Qur'an Masjid. 454-460 Bridgeman Street. 01204 659099,,,,,,,,,,,,,,Dar ul Qur'an Masjid,,,,,454-460 Bridgeman Street
-1.876473427,52.46382958,*[100Brel]Dar Ul Uloom Tajdar-e-Madina Islamic and Cultural Educational Centre. 160 Stratford Road. ,,,,,,,,,,,,,,Dar Ul Uloom Tajdar-e-Madina Islamic and Cultural Educational Centre,,,,,160 Stratford Road
-2.106439322,53.5356768,*[50Brel]Daraloom Jamia Rahima Karima & Education Culture Centre. 17 Queens Road. ,,,,,,,,,,,,,,Daraloom Jamia Rahima Karima & Education Culture Centre,,,,,17 Queens Road
-0.243574083,52.5870381,*[500NoWDeobPkstn]Dar-as-Salaam Mosque. 80-82 Alma Road. 01733 313102,,,,,,,,,,,,,,Dar-as-Salaam Mosque,,,,,80-82 Alma Road
-2.148283124,52.99423994,*[300WBrel]Darbar Unique Centre. Oldfield Street. 01782 323301,,,,,,,,,,,,,,Darbar Unique Centre,,,,,Oldfield Street
0.215756778,51.44664857,*[200Bangla]Dartford Masjid and Islamic Centre. 2 Westgate Road. 01322 314820,,,,,,,,,,,,,,Dartford Masjid and Islamic Centre,,,,,2 Westgate Road
-1.081340611,52.64830781,*[300WDeob]Darul Arqam. 16 Thurmaston Lane. 0116 319 1984,,,,,,,,,,,,,,Darul Arqam,,,,,16 Thurmaston Lane
0.022562742,51.52108429,*[150WDeobBangla]Darul Arqam Islamic Community Centre. 17 Jutland Road. 020 8127 6643,,,,,,,,,,,,,,Darul Arqam Islamic Community Centre,,,,,17 Jutland Road
0.084556639,51.54131738,*[400NoWDeobBangla]Darul Ihsaan Barking. 86 Longbridge Road. 07838 586898,,,,,,,,,,,,,,Darul Ihsaan Barking,,,,,86 Longbridge Road
-2.238153219,53.79848847,*[350WDeobGujrti]Darul Islah. 63a Colne Road. 01282 835493,,,,,,,,,,,,,,Darul Islah,,,,,63a Colne Road
-1.771883368,53.8084724,*[200Deob]Darul Mahmood. 21 St Marys Road. 07966 256803,,,,,,,,,,,,,,Darul Mahmood,,,,,21 St Marys Road
-4.40264225,55.86761801,*[100DeobPkstn]Darul Quran Islamic Centre. 218 Paisley Road. 0141 886 7997,,,,,,,,,,,,,,Darul Quran Islamic Centre,,,,,218 Paisley Road
-0.231471522,51.54711694,*[100Salf]Darul Taclim Educational and Cultural Centre. 106 High Road. 07807 837341,,,,,,,,,,,,,,Darul Taclim Educational and Cultural Centre,,,,,106 High Road
-2.335174084,53.63829964,"*[1500NoWDeob]Darul Uloom Al-Arabiya Al-Islamia. Holcombe Hall, Holcombe Brook or Holcombe Old Road. 01706 826106",,,,,,,,,,,,,,Darul Uloom Al-Arabiya Al-Islamia,,,,,"Holcombe Hall, Holcombe Brook or Holcombe Old Road"
-1.824261546,52.48652886,*[200Brel]Darul Uloom Samiah Arabiah Islamiah. 221-223 Cotterills Lane. ,,,,,,,,,,,,,,Darul Uloom Samiah Arabiah Islamiah,,,,,221-223 Cotterills Lane
-0.058236122,51.51238159,*[1400WMaudBangla]Darul Ummah Masjid. 56 Bigland Street. 020 7790 3400,,,,,,,,,,,,,,Darul Ummah Masjid,,,,,56 Bigland Street
-2.233106643,53.79224156,*[50IrregDeob]Dar-ul-Alum. 141 Leyland Road. 01282 438303,,,,,,,,,,,,,,Dar-ul-Alum,,,,,141 Leyland Road
-1.636721492,53.67570752,*[200WGujrti]Darul-Ilm Education & Training Centre. 12 Dale Street. 01924 435085,,,,,,,,,,,,,,Darul-Ilm Education & Training Centre,,,,,12 Dale Street
-2.558988333,51.47288981,*[350WJShia]Darul-Imaan Hosseinieh Foundation. 2-4 Apsley Street. 07947 710390,,,,,,,,,,,,,,Darul-Imaan Hosseinieh Foundation,,,,,2-4 Apsley Street
-2.103767,53.536142,*[70]Dar-ul-Islam Jamia Muhammedia NE-NSF Project (UK). 58 Minton Street. ,,,,,,,,,,,,,,Dar-ul-Islam Jamia Muhammedia NE-NSF Project (UK),,,,,58 Minton Street
-1.636217237,52.81545636,*[210WBrel]Dar-ul-Uloom Jamia Islamia Ghausia. 23a Parker Street. 01283 569862,,,,,,,,,,,,,,Dar-ul-Uloom Jamia Islamia Ghausia,,,,,23a Parker Street
-1.87589407,53.7170061,*[30Brel]Dar-ul-Uloom Madani (No. 4). 2 Mayfield Terrace South. ,,,,,,,,,,,,,,Dar-ul-Uloom Madani (No,,,,,4)
-0.014612675,51.58379994,*[575WBrelPkstn]Dar-ul-Uloom Qadria Jalani Masjid. 12 East Avenue and St Mary Road. 020 8520 4121,,,,,,,,,,,,,,Dar-ul-Uloom Qadria Jalani Masjid,,,,,12 East Avenue and St Mary Road
-1.459604502,53.39374836,*[325WBrelPkstn]Dar-ul-Uloom Siddiqia Mosque. 24 Burngreave Road. 0114 270 1034,,,,,,,,,,,,,,Dar-ul-Uloom Siddiqia Mosque,,,,,24 Burngreave Road
-2.202817798,53.45699094,"*[300Brel]Dar-ul-Ulum Qadria Jilania Islamic Centre. St John's Church, St Johns Road. 07769 690786",,,,,,,,,,,,,,Dar-ul-Ulum Qadria Jilania Islamic Centre,,,,,"St John's Church, St Johns Road"
0.054800212,51.54824655,*[50WMaudBangla]Darus Salaam Masjid. 121 Church Road. 07956 830660,,,,,,,,,,,,,,Darus Salaam Masjid,,,,,121 Church Road
-2.021221519,52.56964528,*[100SufiBangla]Darus Salam Masjid. 48 Cook Street. 07974 187404,,,,,,,,,,,,,,Darus Salam Masjid,,,,,48 Cook Street
-1.105225682,52.62710933,*[50Bangla]Darus Salam Mosque. 82 Kedleston Road. ,,,,,,,,,,,,,,Darus Salam Mosque,,,,,82 Kedleston Road
-1.915746331,52.51139738,*[100]Darus Sunnah Islamic Foundation. 53 Church Vale. 07957 346064,,,,,,,,,,,,,,Darus Sunnah Islamic Foundation,,,,,53 Church Vale
-1.981916428,52.57778296,"*[100Deob]Darus Sunnah Madani Trust. First floor, 128 Caldmore Road. 01922 621033",,,,,,,,,,,,,,Darus Sunnah Madani Trust,,,,,"First floor, 128 Caldmore Road"
-0.398426056,51.49731235,"*[280WSalf]Darussalam Masjid. North Hyde House, North Hyde Wharf, Hayes Road. 020 8571 4848",,,,,,,,,,,,,,Darussalam Masjid,,,,,"North Hyde House, North Hyde Wharf, Hayes Road"
-4.152341187,55.88856193,*[10J]Darussalam Masjid. 75 Cumbernauld Road. ,,,,,,,,,,,,,,Darussalam Masjid,,,,,75 Cumbernauld Road
-1.116949618,52.62821643,*[200NoWSufiBangla]Dar-us-Salam Mosque. 55-57 Upper Tichborne Street. 0116 254 3887,,,,,,,,,,,,,,Dar-us-Salam Mosque,,,,,55-57 Upper Tichborne Street
-2.196648717,53.45195832,*[250NoWSalfBangla]Dar-us-Salam Mosque and Islamic Centre. 47 Slade Lane. 0161 225 7129,,,,,,,,,,,,,,Dar-us-Salam Mosque and Islamic Centre,,,,,47 Slade Lane
-1.128047258,52.95137711,*[200NoWDeobPkstn]Dar-us-Sallam. 41 Sneinton Dale. 0115 844 9705,,,,,,,,,,,,,,Dar-us-Sallam,,,,,41 Sneinton Dale
-1.887856722,52.50395953,*[IrregDeob]DarusSunnah Academy & Masjid. 127 Frederick Road. 0121 328 3938,,,,,,,,,,,,,,DarusSunnah Academy & Masjid,,,,,127 Frederick Road
-1.165854335,52.25927639,"*[150NoWDeobBangla]Daventry Muslim Association. Bridge Hall, Brook Street. ",,,,,,,,,,,,,,Daventry Muslim Association,,,,,"Bridge Hall, Brook Street"
-2.622535229,53.64950292,*[550NoWDeobGujrti]Dawat Ul Islam Masjid. Charnock Street and Brooke Street. 01257 268644,,,,,,,,,,,,,,Dawat Ul Islam Masjid,,,,,Charnock Street and Brooke Street
-1.622229517,53.71365525,*[600Deob]Dawatal Islam Mosque. West Acre Drive. 01924 424786,,,,,,,,,,,,,,Dawatal Islam Mosque,,,,,West Acre Drive
-0.289873704,51.56241425,*[2000WBrelPkstn]Dawat-e-Islami. 8-10 Forty Avenue. 01274 442612,,,,,,,,,,,,,,Dawat-e-Islami,,,,,8-10 Forty Avenue
-1.741746068,53.79500153,*[563WBrelPkstn]Dawat-e-Islami Faizan-e-Madinah. 70-72 Harris Street. 01274 308364,,,,,,,,,,,,,,Dawat-e-Islami Faizan-e-Madinah,,,,,70-72 Harris Street
-4.268998504,55.83603768,*[100BrelPkstn]Dawat-e-Islami Masjid. 95 Niddrie Road. ,,,,,,,,,,,,,,Dawat-e-Islami Masjid,,,,,95 Niddrie Road
-4.28442657,55.87444712,*[190WDeobBangla]Dawatul-Islam Mosque. 31 Oakfield Avenue. 0141 357 3733,,,,,,,,,,,,,,Dawatul-Islam Mosque,,,,,31 Oakfield Avenue
-1.140716672,52.63052984,"*[Stdnt]De Montfort University Islamic Society. Portland Building (in the basement), Newarke Close. 0116 255 1551",,,,,,,,,,,,,,De Montfort University Islamic Society,,,,,"Portland Building (in the basement), Newarke Close"
-1.46697253,52.90706037,*[300ShiaPkstn]Derby Imam Bargah. 49-51 Shaftesbury Street. 07772 361039,,,,,,,,,,,,,,Derby Imam Bargah,,,,,49-51 Shaftesbury Street
-1.471584588,52.90683794,*[100WBrelPkstn]Derby Jamia Mosque. 54 Dairy House Road. ,,,,,,,,,,,,,,Derby Jamia Mosque,,,,,54 Dairy House Road
-1.476609707,52.91021228,*[2000WBrelPkstn]Derby Jamia Mosque. 6 Rosehill Street. 01332 344838,,,,,,,,,,,,,,Derby Jamia Mosque,,,,,6 Rosehill Street
-2.246854305,53.42264353,*[950WSalfArab]Didsbury Mosque and Islamic Centre. 271 Burton Road. 0161 434 2254,,,,,,,,,,,,,,Didsbury Mosque and Islamic Centre,,,,,271 Burton Road
-0.021597147,51.49683812,*[300WDeobBangla]Docklands Community Organisation. 111-113 Mellish Street. 020 7719 9658,,,,,,,,,,,,,,Docklands Community Organisation,,,,,111-113 Mellish Street
-1.762254238,53.79012472,*[400WArabArab]Doha Mosque. 13-15 Claremont. 01274 746666,,,,,,,,,,,,,,Doha Mosque,,,,,13-15 Claremont
-1.131452322,53.51621638,"*[700WDeob]Doncaster Jamia Mosque. Bentinck Close,  St James Street. 01302 368336",,,,,,,,,,,,,,Doncaster Jamia Mosque,,,,,"Bentinck Close, St James Street"
-0.32987684,51.23404795,*[100NoWDeobBangla]Dorking Muslim Community Association. Between 11-15 Hart Road. 01306 889648,,,,,,,,,,,,,,Dorking Muslim Community Association,,,,,Between 11-15 Hart Road
-0.07245987,51.53006147,"*[100]Dorset Community Mosque. former Dorset Social Club, Diss Street. 020 7739 9371",,,,,,,,,,,,,,Dorset Community Mosque,,,,,"former Dorset Social Club, Diss Street"
-2.447580099,50.71269715,"[Jmulti]Dorset County Hospital Chapel Prayer room. Level 3 of the South Wing, Dorset County Hospital, Williams .... 01305 250979",,,,,,,,,,,,,,Dorset County Hospital Chapel Prayer room,,,,,"Level 3 of the South Wing, Dorset County Hospital, Williams"
-1.926595867,50.72802016,*[400NoWDeobBangla]Dorset Islamic Cultural Association. 59-63 Ashley Road. Not known,,,,,,,,,,,,,,Dorset Islamic Cultural Association,,,,,59-63 Ashley Road
-2.078867555,52.51240456,*[1300WBrel]Dudley Mosque & Muslim Community Centre. Birmingham Street. 01384 253951,,,,,,,,,,,,,,Dudley Mosque & Muslim Community Centre,,,,,Birmingham Street
-3.583967686,55.06941151,*[330WBrelPkstn]Dumfries Islamic Society. 243 Annan Road. 07969 045124,,,,,,,,,,,,,,Dumfries Islamic Society,,,,,243 Annan Road
-2.976656556,56.45694491,*[300Stdnt]Dundee University Islamic Society. 166B Nethergate. 01382 345133,,,,,,,,,,,,,,Dundee University Islamic Society,,,,,166B Nethergate
-3.435630798,56.07008324,*[900WBrel]Dunfermline Mosque and Islamic Centre. 125 Woodmill Road. 01383 739816,,,,,,,,,,,,,,Dunfermline Mosque and Islamic Centre,,,,,125 Woodmill Road
-1.568384171,54.77528398,"*[91WStdnt]Durham University Islamic Society Mosque. Behind Dun Cow Restaurant, 37 Old Elvet. ",,,,,,,,,,,,,,Durham University Islamic Society Mosque,,,,,"Behind Dun Cow Restaurant, 37 Old Elvet"
-0.328644365,51.51008547,*[220WBrel]Ealing Muslim Welfare Association. 4 Eccleston Road. 020 8579 2369,,,,,,,,,,,,,,Ealing Muslim Welfare Association,,,,,4 Eccleston Road
1.28671065,52.64296579,*[500WDeobBangla]East Anglian Bangladeshi Islamic Trust. 72 Aylsham Road. 01603 666632,,,,,,,,,,,,,,East Anglian Bangladeshi Islamic Trust,,,,,72 Aylsham Road
1.302480698,52.62866007,*[250WDeobBangla]East Anglian Islamic Centre. 70-72 Rose Lane. 01603 666632,,,,,,,,,,,,,,East Anglian Islamic Centre,,,,,70-72 Rose Lane
0.029364824,51.5374203,"*[700WDeobBangla]East End Islamic Centre. 98 Plashet Road, Churston Avenue and 2 Lucas Avenue. 020 8552 2195",,,,,,,,,,,,,,East End Islamic Centre,,,,,"98 Plashet Road, Churston Avenue and 2 Lucas Avenue"
0.059503466,51.53115691,*[100WNJDeobBangla]East Ham Islamic Centre. 77-79 Market Street. 020 8472 9977,,,,,,,,,,,,,,East Ham Islamic Centre,,,,,77-79 Market Street
-4.153792262,55.77157946,*[200BrelPkstn]East Kilbride Mosque. 2c Alison Lea. ,,,,,,,,,,,,,,East Kilbride Mosque,,,,,2c Alison Lea
-0.064603686,51.51174393,*[400NoWDeobBangla]East London Markazi Mosque. 9-11 Christian Street. 020 7481 1294,,,,,,,,,,,,,,East London Markazi Mosque,,,,,9-11 Christian Street
-0.065579,51.517468,*[5000WMaudMix]East London Mosque & London Muslim Centre. 46-92 Whitechapel Road. 020 7650 3000,,,,,,,,,,,,,,East London Mosque & London Muslim Centre,,,,,46-92 Whitechapel Road
-4.336461424,55.76985957,*[300Pkstn]East Ren Centre. 8 Langrig Road. ,,,,,,,,,,,,,,East Ren Centre,,,,,8 Langrig Road
0.286878347,50.77267339,*[200WDeobBangla]Eastbourne Islamic Cultural Centre. 40a Ashford Square. 01323 727866,,,,,,,,,,,,,,Eastbourne Islamic Cultural Centre,,,,,40a Ashford Square
-2.564674616,51.46712885,*[550WBrelPkstn]Easton Jamia Masjid. 66 St Marks Road. 0117 351 0317,,,,,,,,,,,,,,Easton Jamia Masjid,,,,,66 St Marks Road
-2.345227003,53.48304692,*[500WArabMix]Eccles Mosque. 5 Liverpool Road. 0161 789 2609,,,,,,,,,,,,,,Eccles Mosque,,,,,5 Liverpool Road
-1.494663656,52.42493309,*[300WDeobBangla]Eden Masjid and Dawah Centre. 452 Stoney Stanton Road. 02477 671260,,,,,,,,,,,,,,Eden Masjid and Dawah Centre,,,,,452 Stoney Stanton Road
-0.278023034,51.60988457,*[300]Edgware Central Mosque. 48 High Street. 0845 644 8585,,,,,,,,,,,,,,Edgware Central Mosque,,,,,48 High Street
-0.285126865,51.6070753,*[80NJ]Edgware Islamic Cultural Trust. 82 Chandos Crescent. 07956 333398,,,,,,,,,,,,,,Edgware Islamic Cultural Trust,,,,,82 Chandos Crescent
-0.044542104,51.62817927,[40IrregSufiTurk]Edmonton Fazilet C&acirc;mii. Centre Way. 020 8350 3503,,,,,,,,,,,,,,Edmonton Fazilet C&acirc;mii,,,,,Centre Way
-0.063015819,51.61390619,*[1750WDeob]Edmonton Islamic Centre. 20-34 Raynham Road. 020 8807 5151,,,,,,,,,,,,,,Edmonton Islamic Centre,,,,,20-34 Raynham Road
-1.880558431,53.72834714,*[100Brel]Education Centre Madni No.3. 229 Pellon Lane. ,,,,,,,,,,,,,,Education Centre Madni No,,,,,229 Pellon Lane
-1.838316321,53.68275017,*[200WDeob]Elland Mosque Association. 26 and 34 Elizabeth Street. 01422 253222,,,,,,,,,,,,,,Elland Mosque Association,,,,,26 and 34 Elizabeth Street
0.267443061,52.39679159,"*[80WJBangla]Ely Islamic Centre. Richmond House, 34 Broad Street. 07306 164700",,,,,,,,,,,,,,Ely Islamic Centre,,,,,"Richmond House, 34 Broad Street"
0.109781474,51.56492046,*[650WDeobGujrti]Eman Foundation Dawah Centre. 2a Ashgrove Road. 0208 597 6063,,,,,,,,,,,,,,Eman Foundation Dawah Centre,,,,,2a Ashgrove Road
-0.266777873,51.33885304,*[500WDeobBangla]Epsom Islamic Centre. between 113 & 115 Hook Road. 01372 210828,,,,,,,,,,,,,,Epsom Islamic Centre,,,,,between 113 & 115 Hook Road
-0.129405856,51.47761099,*[1000WArab]Eritrean Muslim Community Association. 283-291 Wandsworth Road. 020 7720 2508,,,,,,,,,,,,,,Eritrean Muslim Community Association,,,,,283-291 Wandsworth Road
0.703104,51.545914,*[1400WDeobBangla]Essex Jamme Masjid Trust. 48 Chelmsford Avenue. 01702 334142,,,,,,,,,,,,,,Essex Jamme Masjid Trust,,,,,48 Chelmsford Avenue
-2.134952545,53.5281504,"*[100WMaud]European Islamic Centre. Werneth House,  79 Manchester Road. 0161 628 4638",,,,,,,,,,,,,,European Islamic Centre,,,,,"Werneth House, 79 Manchester Road"
-3.533982039,50.73319575,"[50Stdnt]Exeter University Prayer Room. Old Library, Prince of Wales Road. ",,,,,,,,,,,,,,Exeter University Prayer Room,,,,,"Old Library, Prince of Wales Road"
-0.174086094,51.49677801,"*[8Wmulti]Faith Room. Natural History Museum, Cromwell Road. 020 7942 5000",,,,,,,,,,,,,,Faith Room,,,,,"Natural History Museum, Cromwell Road"
-1.984801143,52.57916885,*[200BrelPkstn]Faizan-e-Attar. 28 Glebe Street. ,,,,,,,,,,,,,,Faizan-e-Attar,,,,,28 Glebe Street
-1.8658411,52.452433,*[300BrelPkstn]Faizan-e-Deyar-e-Madina. 2 Showell Green Lane. 0121 684 6340,,,,,,,,,,,,,,Faizan-e-Deyar-e-Madina,,,,,2 Showell Green Lane
-1.503694654,52.43107813,*[250BrelPkstn]Faizan-e-Islam. 202 Lockhurst Lane. ,,,,,,,,,,,,,,Faizan-e-Islam,,,,,202 Lockhurst Lane
-2.283579111,53.45606464,*[1050WBrel]Faizan-e-Islam Educational & Cultural Organisation. 235 Ayres Road. 0161 877 4827,,,,,,,,,,,,,,Faizan-e-Islam Educational & Cultural Organisation,,,,,235 Ayres Road
-2.270752788,53.4578789,*[1050WBrelPkstn]Faizan-e-Islam Educational & Cultural Organisation. 229 Ayres Road. 0161 877 4827,,,,,,,,,,,,,,Faizan-e-Islam Educational & Cultural Organisation,,,,,229 Ayres Road
-0.003741682,51.59014274,*[30WBrelPkstn]Faizan-e-Islam Educational and Cultural Trust. 8 Corbett Road. 020 8518 7167,,,,,,,,,,,,,,Faizan-e-Islam Educational and Cultural Trust,,,,,8 Corbett Road
-2.15122819,53.62605628,"*[BrelPkstn]Faizan-e-Madina. Foxholes House, Foxholes Road. ",,,,,,,,,,,,,,Faizan-e-Madina,,,,,"Foxholes House, Foxholes Road"
-1.467959583,52.90759986,"*[1000BrelPkstn]Faizan-e-Madina. Lincoln House, Malcolm Street. 01332 232912",,,,,,,,,,,,,,Faizan-e-Madina,,,,,"Lincoln House, Malcolm Street"
-2.232287228,53.80285901,*[263BrelPkstn]Faizan-e-Madina. Briercliffe Road. 07714 263188,,,,,,,,,,,,,,Faizan-e-Madina,,,,,Briercliffe Road
-0.249166489,52.58022914,*[3000WBrelPkstn]Faizan-e-Madina. 169-175 Gladstone Street. 01733 566658,,,,,,,,,,,,,,Faizan-e-Madina,,,,,169-175 Gladstone Street
0.700638592,51.53922207,*[300BrelPkstn]Faizan-e-Madina. 53-55 Milton Road. 01702 346392,,,,,,,,,,,,,,Faizan-e-Madina,,,,,53-55 Milton Road
-1.119100749,52.64051143,*[1000WBrelPkstn]Faizan-e-Madina Masjid. 148 Malabar Road. 01163 194660,,,,,,,,,,,,,,Faizan-e-Madina Masjid,,,,,148 Malabar Road
-2.378062606,53.74664252,*[600WBrelPkstn]Faizan-e-Madina Masjid. 161a Richmond Road. 01254 237426,,,,,,,,,,,,,,Faizan-e-Madina Masjid,,,,,161a Richmond Road
-0.541887573,51.49513602,*[300BrelPkstn]Faizan-e-Madina Masjid. 27 Cheviot Road. 07737309911,,,,,,,,,,,,,,Faizan-e-Madina Masjid,,,,,27 Cheviot Road
-1.814348102,52.47802495,*[700BrelPkstn]Faizan-e-Madina Stechford. 41 Richmond Road. 0121 247 9310,,,,,,,,,,,,,,Faizan-e-Madina Stechford,,,,,41 Richmond Road
-1.856281757,52.47892834,*[500BrelPkstn]Faizan-e-Madinah. 76-82 Bordesley Green Road. 0121 772 3387,,,,,,,,,,,,,,Faizan-e-Madinah,,,,,76-82 Bordesley Green Road
-2.685934603,53.7556112,*[100BrelPkstn]Faizan-e-Madinah. 14 Bence Road. ,,,,,,,,,,,,,,Faizan-e-Madinah,,,,,14 Bence Road
0.00951916,51.53748703,*[200Brel]Faizan-e-Madinah Masjid. 195 Vicarage Lane. 07877 944374,,,,,,,,,,,,,,Faizan-e-Madinah Masjid,,,,,195 Vicarage Lane
-1.858094931,52.45617938,*[100Brel]Faizan-e-Mustafa Educational Centre. 42 Bertha Road. 07966 659171,,,,,,,,,,,,,,Faizan-e-Mustafa Educational Centre,,,,,42 Bertha Road
-1.836385131,52.49937963,*[200Brel]Faizan-e-Rasool Educational Institute. 95-97 Drews Lane. 0121 326 8465,,,,,,,,,,,,,,Faizan-e-Rasool Educational Institute,,,,,95-97 Drews Lane
-2.103301138,53.48759868,*[30]Falah Education Society. 79 Burlington Street. ,,,,,,,,,,,,,,Falah Education Society,,,,,79 Burlington Street
-2.264685631,53.45875406,*[DeobGujrti]Falahul Muslimeen Islamic Cultural Centre. 3-5 Milner Street. 0161 226 0876,,,,,,,,,,,,,,Falahul Muslimeen Islamic Cultural Centre,,,,,3-5 Milner Street
-3.780777454,55.99793697,*[150NoWBrel]Falkirk Central Mosque. 10 Burnhead Lane. 01324 621028,,,,,,,,,,,,,,Falkirk Central Mosque,,,,,10 Burnhead Lane
-3.781056404,55.99819196,*[300WDeob]Falkirk Islamic Centre. 6 Burnhead Lane. 01324 611018,,,,,,,,,,,,,,Falkirk Islamic Centre,,,,,6 Burnhead Lane
-0.42900055,51.8711934,*[80Bangla]Farley Hill Masjid. 31 The Crossway. 07984 960703,,,,,,,,,,,,,,Farley Hill Masjid,,,,,31 The Crossway
-1.46065861,53.39151809,*[300WSalf]Fatima Community Centre. 105 Brunswick Road. 07748 425894,,,,,,,,,,,,,,Fatima Community Centre,,,,,105 Brunswick Road
-3.159400821,56.18945443,*[600WBrelPkstn]Fife Islamic Centre. Poplar Road. 01592 612970,,,,,,,,,,,,,,Fife Islamic Centre,,,,,Poplar Road
-3.17512393,56.13034431,*[350WBrelPkstn]Fife Islamic Centre. Cumbrae Terrace. 01592 641057,,,,,,,,,,,,,,Fife Islamic Centre,,,,,Cumbrae Terrace
-3.242790699,56.17358874,*[50NoWDeob]Fife Muslim Educational and Cultural Centre. 22 Main Street. 01592 882211,,,,,,,,,,,,,,Fife Muslim Educational and Cultural Centre,,,,,22 Main Street
-0.105630755,51.56362575,*[2100WSalfMix]Finsbury Park Mosque. 7-15 St Thomas's Road. 020 7424 5252,,,,,,,,,,,,,,Finsbury Park Mosque,,,,,7-15 St Thomas's Road
1.1805,51.0822,*[150WDeobBangla]Folkestone Mosque. 8a Foord Road South. 01303 254562,,,,,,,,,,,,,,Folkestone Mosque,,,,,8a Foord Road South
0.034836531,51.54762107,*[400NoWDeobBangla]Forest Gate Mosque. 447-451 Romford Road. 020 8555 6258,,,,,,,,,,,,,,Forest Gate Mosque,,,,,447-451 Romford Road
-2.131420076,57.15427127,"*[50Wmulti]Foresterhill Hospital Mosque. Aberdeen Royal Infirmary, Cornhill Road. 0845 456 6000",,,,,,,,,,,,,,Foresterhill Hospital Mosque,,,,,"Aberdeen Royal Infirmary, Cornhill Road"
-0.051873922,51.52463566,*[500NoWIrregSufiBangla]Former Baitul Aman Mosque and Cultural Centre. Mantus Road. 020 8983 3409,,,,,,,,,,,,,,Former Baitul Aman Mosque and Cultural Centre,,,,,Mantus Road
-0.062292293,51.51421691,*[Irreg]former Ilm Centre. 11 Hessel Street. 07588 796792,,,,,,,,,,,,,,former Ilm Centre,,,,,11 Hessel Street
-2.131464502,57.15427784,"*[30W]Forresterhill Hospital Mosque. University of Aberdeen Medical School, Aberdeen Royal Infirm.... 0845 456 6000",,,,,,,,,,,,,,Forresterhill Hospital Mosque,,,,,"University of Aberdeen Medical School, Aberdeen Royal Infirm"
-9.032104164,53.28791361,"*[150]Galway Islamic Centre. 13 Sandyview Drive, Riverside. +353",,,,,,,,,,,,,,Galway Islamic Centre,,,,,"13 Sandyview Drive, Riverside"
-1.957284361,52.49020288,"*[400WSalf]Gambian Islamic Community Centre. Tudor Works, 36a Windmill Lane. 0121 238 5540",,,,,,,,,,,,,,Gambian Islamic Community Centre,,,,,"Tudor Works, 36a Windmill Lane"
-0.161281228,51.17318515,"*[300NoWDeobBangla]Gatwick Bangladeshi Islamic Community Association. The Old College, 53 High Street. 07765 667015",,,,,,,,,,,,,,Gatwick Bangladeshi Islamic Community Association,,,,,"The Old College, 53 High Street"
-2.492826283,53.7491882,*[50Brel]Ghausia Islamic Centre. 13 Johnston Street. 01254 853211,,,,,,,,,,,,,,Ghausia Islamic Centre,,,,,13 Johnston Street
-2.116085887,52.45746404,*[400WBrel]Ghausia Jamia Mosque and Welfare Association. 196-198 High Street. 01384 893110,,,,,,,,,,,,,,Ghausia Jamia Mosque and Welfare Association,,,,,196-198 High Street
-1.858317554,52.49120973,*[150NoWBrelBangla]Ghausia Madrasa and Mosque. 19-21 Alum Rock Road. 0121 327 2286,,,,,,,,,,,,,,Ghausia Madrasa and Mosque,,,,,19-21 Alum Rock Road
-2.205671668,53.83724031,"*[500BrelPkstn]Ghausia Madrassah. Clifford House, Barkerhouse Road. 01282 618686",,,,,,,,,,,,,,Ghausia Madrassah,,,,,"Clifford House, Barkerhouse Road"
-1.739796102,53.80307919,*[Brel]Ghosia Chistia Islamic Trust Academy. 39 Undercliffe Lane. 01274 638348,,,,,,,,,,,,,,Ghosia Chistia Islamic Trust Academy,,,,,39 Undercliffe Lane
-1.982656717,52.57834149,*[750WBrel]Ghosia Qasmia Trust Masjid and Community Centre. 34-38 Mount Street. 01922 634862,,,,,,,,,,,,,,Ghosia Qasmia Trust Masjid and Community Centre,,,,,34-38 Mount Street
-2.3792696,53.75227612,"*[600WBrelPkstn]Ghosia Raza Jamia Masjid and Islamic Centre. 8 Lower Antley Street, 13 Grimshaw Street. 01254 233740",,,,,,,,,,,,,,Ghosia Raza Jamia Masjid and Islamic Centre,,,,,"8 Lower Antley Street, 13 Grimshaw Street"
-0.072768331,51.45745822,*[300NoWDeobBangla]Ghous-e-Azam Mosque. 23 North Cross Road. 020 8299 1046,,,,,,,,,,,,,,Ghous-e-Azam Mosque,,,,,23 North Cross Road
-2.23748669,51.86159879,*[100WBrelGujrti]Ghousia Islamic Community Centre. 14 Charles Street. ,,,,,,,,,,,,,,Ghousia Islamic Community Centre,,,,,14 Charles Street
-1.981216371,52.49965394,*[50Brel]Ghousia Islamic Learning Centre. 41 St Pauls Road. ,,,,,,,,,,,,,,Ghousia Islamic Learning Centre,,,,,41 St Pauls Road
-2.398718298,53.78570532,*[130WBrelPkstn]Ghousia Masjid. 1 Park Street. 01254 829583,,,,,,,,,,,,,,Ghousia Masjid,,,,,1 Park Street
-1.909062266,53.87438927,*[400WBrel]Ghousia Mosque. 206a Skipton Road. ,,,,,,,,,,,,,,Ghousia Mosque,,,,,206a Skipton Road
-2.373009324,53.74866004,*[1050WBrelPkstn]Ghousia Rizvia Jamia Masjid and Islamic Centre. 44a Higher Antley Street. 01254 236281,,,,,,,,,,,,,,Ghousia Rizvia Jamia Masjid and Islamic Centre,,,,,44a Higher Antley Street
-2.121375203,52.98099006,*[550WBrel]Gilani Noor Mosque Longton. 2 Chaplin Road. 01782 335606,,,,,,,,,,,,,,Gilani Noor Mosque Longton,,,,,2 Chaplin Road
0.54467082,51.38424967,*[400WDeobPkstn]Gillingham Mosque. 114 Canterbury Street. 01634 850878,,,,,,,,,,,,,,Gillingham Mosque,,,,,114 Canterbury Street
0.001506731,51.64988877,"*[50W]Gilwell Park Mosque. The Scout Association, Gilwell Park. ",,,,,,,,,,,,,,Gilwell Park Mosque,,,,,"The Scout Association, Gilwell Park"
-1.788778603,53.80522072,*[250BrelPkstn]Girlington Islamic Trust. 350 Girlington Road. ,,,,,,,,,,,,,,Girlington Islamic Trust,,,,,350 Girlington Road
-4.251194,55.85230005,*[2500WDeobPkstn]Glasgow Islamic Centre and Central Mosque. 1 Mosque Avenue. 0141 429 3132,,,,,,,,,,,,,,Glasgow Islamic Centre and Central Mosque,,,,,1 Mosque Avenue
-4.242474139,55.86740311,*[500Arab]Glasgow Mena Trust. 83-85 Lister Street. ,,,,,,,,,,,,,,Glasgow Mena Trust,,,,,83-85 Lister Street
-4.288358,55.871752,"[50multi]Glasgow University Muslim Students' Association. The Chaplaincy, 11, The Square. ",,,,,,,,,,,,,,Glasgow University Muslim Students' Association,,,,,"The Chaplaincy, 11, The Square"
-0.048376322,51.52868485,*[100NoWDeobBangla]Globe Town Mosque and Cultural Centre. 100 Roman Road. 07545 348176,,,,,,,,,,,,,,Globe Town Mosque and Cultural Centre,,,,,100 Roman Road
-2.104386091,53.53671773,*[200NoWBrelBangla]Glodwick Bangladesh Jalalabad Jamia Masjid. 52-54 Orme Street. 0161 626 0132,,,,,,,,,,,,,,Glodwick Bangladesh Jalalabad Jamia Masjid,,,,,52-54 Orme Street
-2.165631652,53.61842981,*[400WBrelPkstn]Golden Masjid. Lower Sherriff Street. 01706 648681,,,,,,,,,,,,,,Golden Masjid,,,,,Lower Sherriff Street
-3.181904554,51.46850733,*[1050NoWDeob]Grangetown Muslim Cultural Centre. 2a Clydach Street. 029 2023 9166,,,,,,,,,,,,,,Grangetown Muslim Cultural Centre,,,,,2a Clydach Street
-0.641579032,52.91279543,*[200]Grantham Islamic Centre. 7 Elmer Street. ,,,,,,,,,,,,,,Grantham Islamic Centre,,,,,7 Elmer Street
0.381034613,51.44122895,*[300WBrel]Gravesend Muslim Cultural Centre. 11 Albion Terrace. 07435 476260,,,,,,,,,,,,,,Gravesend Muslim Cultural Centre,,,,,11 Albion Terrace
-1.911116838,52.52935687,*[300Deob]Great Barr Muslim Foundation. 394 Walsall Road. 0121 250 4981,,,,,,,,,,,,,,Great Barr Muslim Foundation,,,,,394 Walsall Road
-1.864729375,52.47293341,*[3500WSalfPkstn]Green Lane Masjid & Community Centre. 20 Green Lane. 0121 713 0080,,,,,,,,,,,,,,Green Lane Masjid & Community Centre,,,,,20 Green Lane
-0.351868272,51.52695691,"*[330WNJBrelPkstn]Greenford Central Madina Mosque. Sanif House, 412 Greenford Road. 020 8575 2695",,,,,,,,,,,,,,Greenford Central Madina Mosque,,,,,"Sanif House, 412 Greenford Road"
-0.042097271,51.49021593,*[500WSufiTurk]Greenwich C&acirc;mii ve &#304;slam K&uuml;lt&uuml;r Merkezi. 1-9 Evelyn Street. 020 7231 3232,,,,,,,,,,,,,,Greenwich C&acirc;mii ve &#304;slam K&uuml;lt&uuml;r Merkezi,,,,,1-9 Evelyn Street
0.082563758,51.49043889,*[3200WSalfMix]Greenwich Islamic Centre. 131 Plumstead Road. 020 8855 0786,,,,,,,,,,,,,,Greenwich Islamic Centre,,,,,131 Plumstead Road
0.102744699,51.48741931,*[300WBrelPkstn]Greenwich Madina Trust. Camrose Street. 020 8854 8691,,,,,,,,,,,,,,Greenwich Madina Trust,,,,,Camrose Street
-0.327659994,51.50782846,"*[20NJ]Grosvenor House Prayer Room. Ground Floor Room 103, Grosvenor House, 65a Grosvenor Road. 020 8799 4455",,,,,,,,,,,,,,Grosvenor House Prayer Room,,,,,"Ground Floor Room 103, Grosvenor House, 65a Grosvenor Road"
-0.588760972,51.24324029,"*[NJStdnt]Guildford Islamic Soc. Building AA, Guildford University. ",,,,,,,,,,,,,,Guildford Islamic Soc,,,,,"Building AA, Guildford University"
-0.586239696,51.24200109,"*[JStdnt]Guildford Islamic Soc. Student Union Hall, Guildford University. ",,,,,,,,,,,,,,Guildford Islamic Soc,,,,,"Student Union Hall, Guildford University"
-1.99126929,52.50245825,*[200W]Guinea Community Birmingham West Midlands. 58 Millan Street. 07428 139233,,,,,,,,,,,,,,Guinea Community Birmingham West Midlands,,,,,58 Millan Street
-0.849235654,52.25829789,*[425WBrelPkstn]Gulzar-e-Madina Islamic Welfare Trust. 1 Collingdale Road. 07801 735395,,,,,,,,,,,,,,Gulzar-e-Madina Islamic Welfare Trust,,,,,1 Collingdale Road
-1.113379598,52.63418937,"*[400WBrelPkstn]Gulzar-e-Madina Mosque. Muslim Community Resource Centre Ltd, Melbourne Centre, Melb.... 0116 251 1134",,,,,,,,,,,,,,Gulzar-e-Madina Mosque,,,,,"Muslim Community Resource Centre Ltd, Melbourne Centre, Melb"
-1.918170492,52.43554955,*[50BrelPkstn]Gulzar-E-Madina Mosque. 10 St Stephen's Road. 0121 471 1388,,,,,,,,,,,,,,Gulzar-E-Madina Mosque,,,,,10 St Stephen's Road
0.031627268,51.53768306,*[10NoWIrregDeobPkstn]Gym Spot Prayer Room. 205a Plashet Road. 020 8472 0286,,,,,,,,,,,,,,Gym Spot Prayer Room,,,,,205a Plashet Road
-0.047060698,51.54432421,*[300NoWDeobPkstn]Hackney Central Masjid. 237 Well Street and 5a Cresset Road. 020 8986 5857,,,,,,,,,,,,,,Hackney Central Masjid,,,,,237 Well Street and 5a Cresset Road
-2.275146246,53.46117822,"*[300NoWDeobGujrti]Hadayat ul Muslimeen Mosque. 2 Seymour Place, 19 Humphrey Road. 0161 877 6034",,,,,,,,,,,,,,Hadayat ul Muslimeen Mosque,,,,,"2 Seymour Place, 19 Humphrey Road"
-2.487056851,52.70331776,*[80]Hadley Mosque. 18 Mafeking Road. 01952 411916,,,,,,,,,,,,,,Hadley Mosque,,,,,18 Mafeking Road
-1.106185913,52.63847363,*[350WSalf]Hafsah Islamic Centre. 6 Sylvan Avenue. 0116 216 6234,,,,,,,,,,,,,,Hafsah Islamic Centre,,,,,6 Sylvan Avenue
-2.060467601,52.4484412,*[300WArab]Halesowen Dudley Yemeni Community Association. Highfield Lane. 0121 585 1261,,,,,,,,,,,,,,Halesowen Dudley Yemeni Community Association,,,,,Highfield Lane
-1.140947342,52.63592135,*[130WSufiTurk]Hamidiye C&acirc;mii. 16 Great Central Street. 0116 262 4465,,,,,,,,,,,,,,Hamidiye C&acirc;mii,,,,,16 Great Central Street
-2.481654882,53.75292159,*[1300WBrelPkstn]Hanafi Sunni Jamia Masjid-e-Raza. 33a Randal Street and 2 Kendal Street. 01254 52170,,,,,,,,,,,,,,Hanafi Sunni Jamia Masjid-e-Raza,,,,,33a Randal Street and 2 Kendal Street
-1.909319758,52.51045874,*[300WMaudPkstn]Handsworth Islamic Centre. 27 Putney Road. 0121 551 9012,,,,,,,,,,,,,,Handsworth Islamic Centre,,,,,27 Putney Road
-1.944118738,52.50394973,*[300NoWSufiBangla]Handsworth Mosque and Islamic Centre. 23 Booth Street. 0121 551 3049,,,,,,,,,,,,,,Handsworth Mosque and Islamic Centre,,,,,23 Booth Street
-2.483749688,53.75322767,*[700WBrelGujrti]Hanfi Sunni Jamia Masjidi Reza. 42-48 Altom Street. 01254 52608,,,,,,,,,,,,,,Hanfi Sunni Jamia Masjidi Reza,,,,,42-48 Altom Street
-1.797573566,53.63259033,*[1200WBrelPkstn]Hanfia Masjid & Islamic Institute. Bentley Street. 01484 421802,,,,,,,,,,,,,,Hanfia Masjid & Islamic Institute,,,,,Bentley Street
-1.398326755,53.41650543,*[450WBrelPkstn]Hanfia Mosque and Islamic Cultural Centre. 372 Sheffield Road. 0114 244 3824,,,,,,,,,,,,,,Hanfia Mosque and Islamic Cultural Centre,,,,,372 Sheffield Road
-0.33778131,51.50836184,*[30WSalf]Hanwell Masjid. 9 Boston Road. ,,,,,,,,,,,,,,Hanwell Masjid,,,,,9 Boston Road
-0.249045789,51.5371884,*[300WDeob]Harlesden Ummah Community Centre. 12 High Street. 0208 965 5378,,,,,,,,,,,,,,Harlesden Ummah Community Centre,,,,,12 High Street
0.082654953,51.74882026,"*[700WDeobBangla]Harlow Islamic Centre. Kingsmoor Recreation Centre, Paringdon Road. 01279 635227",,,,,,,,,,,,,,Harlow Islamic Centre,,,,,"Kingsmoor Recreation Centre, Paringdon Road"
-0.332497358,51.5890229,*[2100WBrelPkstn]Harrow Central Mosque. 34 Station Road. 020 8861 2071,,,,,,,,,,,,,,Harrow Central Mosque,,,,,34 Station Road
-0.339256,51.61296,[Stdnt]Harrow College Islamic Society (HCIS). . ,,,,,,,,,,,,,,Harrow College Islamic Society (HCIS),,,,,
-4.975344837,51.79823207,*[150WDeob]Haverfordwest Mosque. 2 Albert Street. 01437 765791,,,,,,,,,,,,,,Haverfordwest Mosque,,,,,2 Albert Street
0.179359317,51.57321219,*[250WDeob]Havering Islamic Cultural Centre. 91 Waterloo Road. 01708 741333,,,,,,,,,,,,,,Havering Islamic Cultural Centre,,,,,91 Waterloo Road
-2.193159432,53.04163456,*[100DeobBangla]Hazrat Belal Masjid. 100 Waterloo Road. 01782 819247,,,,,,,,,,,,,,Hazrat Belal Masjid,,,,,100 Waterloo Road
-2.577816099,51.46902279,*[300WBrelPkstn]Hazrat Bilal Centre. 41 Sevier Street. 07970 394011,,,,,,,,,,,,,,Hazrat Bilal Centre,,,,,41 Sevier Street
-1.50290072,52.43076694,*[50NoWIrregBrel]Hazrat Dewan Hazoori Centre. 130 Station Street West. 024 7658 1219,,,,,,,,,,,,,,Hazrat Dewan Hazoori Centre,,,,,130 Station Street West
-1.471997649,52.90326346,"*[850Deob]Hazrat Hamza Masjid. Unit 3/4 Block B, New Normanton Mills and 34 Pear Tree Stree.... 07501 003782",,,,,,,,,,,,,,Hazrat Hamza Masjid,,,,,"Unit 3/4 Block B, New Normanton Mills and 34 Pear Tree Stree"
-1.780235767,51.56499632,*[600NoWDeobBangla]Hazrat Shah Jalal Mosque. 136-139 Manchester Road. 01793 511051,,,,,,,,,,,,,,Hazrat Shah Jalal Mosque,,,,,136-139 Manchester Road
-1.848506033,52.46383612,*[500BrelPkstn]Hazrat Shah-e-Walayat Educational Centre. 101-105 Oldknow Road. 0121 773 6419,,,,,,,,,,,,,,Hazrat Shah-e-Walayat Educational Centre,,,,,101-105 Oldknow Road
-2.000785768,52.4908488,[50IrregBrelPkstn]Hazrat Sultan Bahu Trust. 76 Vicarage Road. 07971 628457,,,,,,,,,,,,,,Hazrat Sultan Bahu Trust,,,,,76 Vicarage Road
-1.882787347,52.46059381,*[1350WBrelPkstn]Hazrat Sultan Bahu Trust Jamiah Islamiyah Mosque. 17-21 Ombersley Road. 0121 440 4096,,,,,,,,,,,,,,Hazrat Sultan Bahu Trust Jamiah Islamiyah Mosque,,,,,17-21 Ombersley Road
-1.6603142,53.7095896,*[50NoWDeob]Healey Musallah. Batley Road. ,,,,,,,,,,,,,,Healey Musallah,,,,,Batley Road
-0.453625917,51.47028009,"*[20Wmulti]Heathrow Airport. 1st floor, Corner btn Arrivals and Departures, Terminal 3; <.... 020 8745 4261",,,,,,,,,,,,,,Heathrow Airport,,,,,"1st floor, Corner btn Arrivals and Departures, Terminal 3; <"
-1.58184886,54.98578658,*[600WBrelPkstn]Heaton Mosque and Islamic Centre. 1 Rothbury Terrace. 0191 265 4083,,,,,,,,,,,,,,Heaton Mosque and Islamic Centre,,,,,1 Rothbury Terrace
0.028894097,51.52550176,*[100NoWDeobBangla]Hefazothe Islam UK. 534 Barking Road. 020 8472 7526,,,,,,,,,,,,,,Hefazothe Islam UK,,,,,534 Barking Road
-0.239114,51.577672,*[800NoWDeobGujrti]Hendon Mosque and Islamic Centre. Brentview Road. 020 8202 3236,,,,,,,,,,,,,,Hendon Mosque and Islamic Centre,,,,,Brentview Road
-3.3223557,55.910938,"[50WStdnt]Heriot-Watt University Prayer Room. Hugh Nisbit Building, Third Gait. ",,,,,,,,,,,,,,Heriot-Watt University Prayer Room,,,,,"Hugh Nisbit Building, Third Gait"
0.164033175,51.86439145,"*[300WDeobBangla]Herts & Essex Mosque and Islamic Cultural Centre. Millars 2, South Mill Road. 01279 655615",,,,,,,,,,,,,,Herts & Essex Mosque and Islamic Cultural Centre,,,,,"Millars 2, South Mill Road"
1.178102642,52.60218253,*[150]Hethersett Masjid Mosque and Community Centre. 9 Henstead Road. 01603945852,,,,,,,,,,,,,,Hethersett Masjid Mosque and Community Centre,,,,,9 Henstead Road
-2.194140852,53.46539383,*[100ShiaPkstn]Hidayat Centre. 9 Birch Street. 0161 300 9510,,,,,,,,,,,,,,Hidayat Centre,,,,,9 Birch Street
-0.029136837,51.51490211,*[200NoWDeobBangla]Hifz-ul Qur'an and Islamic Education Centre. 304 Burdett Road. 07958 807574,,,,,,,,,,,,,,Hifz-ul Qur'an and Islamic Education Centre,,,,,304 Burdett Road
-1.634851992,53.70151819,*[70]Hilal Islamic Centre & Masjid. Hyrstlands Road. 07894 332846,,,,,,,,,,,,,,Hilal Islamic Centre & Masjid,,,,,Hyrstlands Road
-0.268349648,51.54271197,*[200]Hillside Islamic Cultural Centre. 175 Hillside. 020 3712 4531,,,,,,,,,,,,,,Hillside Islamic Cultural Centre,,,,,175 Hillside
-0.025556088,51.5129892,*[100NoWDeobBangla]Hind Grove Cultural and Community Association. 162 Pigott Street. 07805 103831,,,,,,,,,,,,,,Hind Grove Cultural and Community Association,,,,,162 Pigott Street
-1.783308238,53.80577588,*[300NoWDeob]Hira Masjid. 62 Toller Lane. not known,,,,,,,,,,,,,,Hira Masjid,,,,,62 Toller Lane
-1.4043253,50.921194,"*[WNJShia]Hired regularly for Ismaili Jamaat Khana. St Andrews United Reformed Church, The Avenue. ",,,,,,,,,,,,,,Hired regularly for Ismaili Jamaat Khana,,,,,"St Andrews United Reformed Church, The Avenue"
-1.7844517,51.5553942,"*[WNJShia]Hired regularly for Ismaili Jamaat Khana. Savernake Hall (Eastcott Community Centre), 7 Savernake Stre.... ",,,,,,,,,,,,,,Hired regularly for Ismaili Jamaat Khana,,,,,"Savernake Hall (Eastcott Community Centre), 7 Savernake Stre"
-0.245636702,52.5779473,"*[WNJShia]Hired regularly for Ismaili Jamaat Khana. Glad Tidings Hall,  Craig Street. ",,,,,,,,,,,,,,Hired regularly for Ismaili Jamaat Khana,,,,,"Glad Tidings Hall, Craig Street"
-2.2061118,53.3886546,"*[WNJShia]Hired regularly for Ismaili Jamaat Khana. Goodwood Lodge Day Nursery, The Paddock,  off Brookfield Roa.... ",,,,,,,,,,,,,,Hired regularly for Ismaili Jamaat Khana,,,,,"Goodwood Lodge Day Nursery, The Paddock, off Brookfield Roa"
-1.632405818,53.71898736,"*[WNJShia]Hired regularly for Ismaili Jamaat Khana. Westfields, 21 Batley Field Hill. ",,,,,,,,,,,,,,Hired regularly for Ismaili Jamaat Khana,,,,,"Westfields, 21 Batley Field Hill"
-1.7097773,53.7246137,"*[WNJShia]Hired regularly for Ismaili Jamaat Khana. St. Johns Parochial Church Hall,  1 Cross Church Street. ",,,,,,,,,,,,,,Hired regularly for Ismaili Jamaat Khana,,,,,St
-0.257481337,51.46311847,"*[WNJShia]Hired regularly for Ismaili Jamaat Khana. Richmond Park Academy (Sheen School), Hertford Avenue. ",,,,,,,,,,,,,,Hired regularly for Ismaili Jamaat Khana,,,,,"Richmond Park Academy (Sheen School), Hertford Avenue"
-0.5972622,51.2486196,"*[WNJShia]Hired regularly for Ismaili Jamaat Khana. Guildford Grove Primary School, Southway. ",,,,,,,,,,,,,,Hired regularly for Ismaili Jamaat Khana,,,,,"Guildford Grove Primary School, Southway"
-0.2242127,51.7703665,"*[WNJShia]Hired regularly for Ismaili Jamaat Khana. St Michaels Church Hall, 127a Birchwood Avenue. ",,,,,,,,,,,,,,Hired regularly for Ismaili Jamaat Khana,,,,,"St Michaels Church Hall, 127a Birchwood Avenue"
-0.2331285,51.7486584,"*[WNJShia]Hired regularly for Ismaili Jamaat Khana. Jim McDonald Centre,  High View,  off Bishop's Rise. ",,,,,,,,,,,,,,Hired regularly for Ismaili Jamaat Khana,,,,,"Jim McDonald Centre, High View, off Bishop's Rise"
-0.226262,51.749893,"*[WNJShia]Hired regularly for Ismaili Jamaat Khana. Oxlease House, 53 Travellers Lane. ",,,,,,,,,,,,,,Hired regularly for Ismaili Jamaat Khana,,,,,"Oxlease House, 53 Travellers Lane"
-2.231047,51.861352,"*[WNJShia]Hired regularly for Ismaili Jamaat Khana. Room No 11, Colwell Youth & Community Centre,  Derby Road. ",,,,,,,,,,,,,,Hired regularly for Ismaili Jamaat Khana,,,,,"Room No 11, Colwell Youth & Community Centre, Derby Road"
-0.692329109,52.91760223,"*[WNJShia]Hired regularly for Ismaili Jamaat Khana. The Reading Room,  Church Street. ",,,,,,,,,,,,,,Hired regularly for Ismaili Jamaat Khana,,,,,"The Reading Room, Church Street"
-0.3716041,51.484058,"*[WNJShia]Hired regularly for Ismaili Jamaat Khana. Heston Junior School, Heston Road. ",,,,,,,,,,,,,,Hired regularly for Ismaili Jamaat Khana,,,,,"Heston Junior School, Heston Road"
0.0995331,51.5793473,"*[WNJShia]Hired regularly for Ismaili Jamaat Khana. William Torbitt Infant School,  Eastern Avenue, off Aldborou.... ",,,,,,,,,,,,,,Hired regularly for Ismaili Jamaat Khana,,,,,"William Torbitt Infant School, Eastern Avenue, off Aldborou"
0.4367834,50.8445124,"*[WNJShia]Hired regularly for Ismaili Jamaat Khana. Little Common Primary School,  Shepherds Close. ",,,,,,,,,,,,,,Hired regularly for Ismaili Jamaat Khana,,,,,"Little Common Primary School, Shepherds Close"
-0.2113249,51.1222818,"*[WNJShia]Hired regularly for Ismaili Jamaat Khana. Ifield Community Centre,  Ifield Drive. ",,,,,,,,,,,,,,Hired regularly for Ismaili Jamaat Khana,,,,,"Ifield Community Centre, Ifield Drive"
0.4643257,51.7273606,"*[WNJShia]Hired regularly for Ismaili Jamaat Khana. Christ Church,  London Road. ",,,,,,,,,,,,,,Hired regularly for Ismaili Jamaat Khana,,,,,"Christ Church, London Road"
-0.1549956,50.8341923,"*[WNJShia]Hired regularly for Ismaili Jamaat Khana. Avondale Centre,  31 Avondale Road. ",,,,,,,,,,,,,,Hired regularly for Ismaili Jamaat Khana,,,,,"Avondale Centre, 31 Avondale Road"
-2.60859,51.4687116,"*[WNJShia]Hired regularly for Ismaili Jamaat Khana. Redland Friends Meeting House, 126 Hampton Road. ",,,,,,,,,,,,,,Hired regularly for Ismaili Jamaat Khana,,,,,"Redland Friends Meeting House, 126 Hampton Road"
-2.45651722,53.56998856,"*[WNJShia]Hired regularly for Ismaili Jamaat Khana. Haslam Park School,  Wigan Road. ",,,,,,,,,,,,,,Hired regularly for Ismaili Jamaat Khana,,,,,"Haslam Park School, Wigan Road"
-0.271101594,51.95563213,*[160NoWDeobBangla]Hitchin Jame Masjid. 28 Florence Street. 01462 456478,,,,,,,,,,,,,,Hitchin Jame Masjid,,,,,28 Florence Street
-0.468744189,51.9060537,*[230W]Hockwell Ring Masjid. 13-17 Barley Lane. 01582 563778,,,,,,,,,,,,,,Hockwell Ring Masjid,,,,,13-17 Barley Lane
-0.111480653,51.51932185,*[300WDeobBangla]Holborn Muslim Community Association. 33 Brookes Court. 020 7242 3134,,,,,,,,,,,,,,Holborn Muslim Community Association,,,,,33 Brookes Court
1.023675799,51.36067101,*[50NoWJBangla]Horsebridge Arts and Community Centre. 11 Horsebridge Road. 01227 281174,,,,,,,,,,,,,,Horsebridge Arts and Community Centre,,,,,11 Horsebridge Road
-0.404245108,51.45389075,*[125WNJ]Hounslow Islamic Relief Association. 102 Hounslow Road. 020 8890 9287,,,,,,,,,,,,,,Hounslow Islamic Relief Association,,,,,102 Hounslow Road
-0.375222266,51.45897237,*[3000WBrelPkstn]Hounslow Jamia Masjid & Islamic Centre. 367 Wellington Road South. 020 8570 0938,,,,,,,,,,,,,,Hounslow Jamia Masjid & Islamic Centre,,,,,367 Wellington Road South
-0.357213914,51.46962095,*[500W]Hounslow Muslim Centre. 4-6 Hanworth Road. ,,,,,,,,,,,,,,Hounslow Muslim Centre,,,,,4-6 Hanworth Road
-0.083706379,51.52961178,*[100]Hoxton Islah. 71 Pitfield Street. ,,,,,,,,,,,,,,Hoxton Islah,,,,,71 Pitfield Street
-1.905677319,52.49162291,*[104WArab]Huda Community Centre. 131 Great Hampton Row. 0121 448 5058,,,,,,,,,,,,,,Huda Community Centre,,,,,131 Great Hampton Row
-1.776695252,53.64466008,"*[Stdnt]Huddersfield University Islamic Society. University of Huddersfield Students' Union, Queensgate. 01484 538156",,,,,,,,,,,,,,Huddersfield University Islamic Society,,,,,"University of Huddersfield Students' Union, Queensgate"
-2.465765476,53.56240454,"*[200Deob]Hulton Lane Centre for Education. Hulton Lane Playing Fields, Linnyshaw Close. ",,,,,,,,,,,,,,Hulton Lane Centre for Education,,,,,"Hulton Lane Playing Fields, Linnyshaw Close"
-0.167675614,52.34460627,*[50NoWBrel]Huntingdon Islamic Education and Prayer Centre. 31 Coneygear Road. 07806 855737,,,,,,,,,,,,,,Huntingdon Islamic Education and Prayer Centre,,,,,31 Coneygear Road
-1.196380556,53.03196026,"*[400WShia]Husaini Markaz (not Husami Markaz). Old United Reform Church, Portland Road and 1 Henry Street. 0115 963 4339",,,,,,,,,,,,,,Husaini Markaz (not Husami Markaz),,,,,"Old United Reform Church, Portland Road and 1 Henry Street"
-2.152301073,52.59532053,*[60ShiaPkstn]Hussaini Islamic Mission & Ali (A.S) Mosque. 283 New Hampton Road West. 01902 751593,,,,,,,,,,,,,,Hussaini Islamic Mission & Ali (A,,,,,283 New Hampton Road West
-2.991988063,51.58244827,"*[500WShia]Hussaini Mission Jamia Masjid. Kingsway and adjacent 1 Commercial Road, and 32 Ebenezer Ter.... 01633 252511",,,,,,,,,,,,,,Hussaini Mission Jamia Masjid,,,,,"Kingsway and adjacent 1 Commercial Road, and 32 Ebenezer Ter"
-0.208372772,51.55315422,*[30Shia]Hussainia Al Imam Al Mahdi. 155a Fordwych Road. ,,,,,,,,,,,,,,Hussainia Al Imam Al Mahdi,,,,,155a Fordwych Road
-1.771926284,53.78534243,"*[1000WShia]Hussainia Islamic Mission. Hussainia Hall, All Saints Road. 01706 819121",,,,,,,,,,,,,,Hussainia Islamic Mission,,,,,"Hussainia Hall, All Saints Road"
-2.093684077,53.53850622,"*[675WShiaPkstn]Hussainia Islamic Mission. Unit 1 or 2 or 3 or 4, The Mill, Back Gladstone Street. 0161 627 2155",,,,,,,,,,,,,,Hussainia Islamic Mission,,,,,"Unit 1 or 2 or 3 or 4, The Mill, Back Gladstone Street"
-0.316801071,51.62681893,*[4000WShia]Husseini Islamic Centre. 50 Wood Lane. 020 8954 6247,,,,,,,,,,,,,,Husseini Islamic Centre,,,,,50 Wood Lane
-0.345903039,51.47482779,*[600WShia]Husseini Islamic Mission Mosque. 19 Thornbury Road. 0208 569 8823,,,,,,,,,,,,,,Husseini Islamic Mission Mosque,,,,,19 Thornbury Road
-2.081758976,53.45033069,*[500NoWDeobBangla]Hyde Jamia Mosque and Islamic Centre. 16-18 Greenfield Street and 21 Jackson Street (corner site). 0161 368 1551,,,,,,,,,,,,,,Hyde Jamia Mosque and Islamic Centre,,,,,16-18 Greenfield Street and 21 Jackson Street (corner site)
-0.136584789,51.4201293,*[1000WShia]Hyderi Islamic Centre. 26 Estreham Road. 020 8769 7553,,,,,,,,,,,,,,Hyderi Islamic Centre,,,,,26 Estreham Road
-1.792773751,52.48899971,*[150BrelPkstn]Idara Fezan Ul Quran. Farmcote Road. 07908 119789,,,,,,,,,,,,,,Idara Fezan Ul Quran,,,,,Farmcote Road
-1.866243482,52.47141801,*[1700WShiaPkstn]Idara Maarif-e-Islam Hussainia Mosque and Community Centre. Herbert Road and Regent Park Road. 0121 773 6212,,,,,,,,,,,,,,Idara Maarif-e-Islam Hussainia Mosque and Community Centre,,,,,Herbert Road and Regent Park Road
-1.845383942,52.48872727,*[350WBrel]Idara Minhaj-ul-Quran. 14 Naseby Road. 0121 326 6537,,,,,,,,,,,,,,Idara Minhaj-ul-Quran,,,,,14 Naseby Road
-2.2168082,53.83679398,*[300BrelPkstn]Idara Minhaj-ul-Quran Educational Centre. 15 Cross Street. 01282 616466,,,,,,,,,,,,,,Idara Minhaj-ul-Quran Educational Centre,,,,,15 Cross Street
-1.849026382,52.45408151,*[100Brel]Idara Misbah-ul-Qur'an (Int). 38 Manor Farm Road. ,,,,,,,,,,,,,,Idara Misbah-ul-Qur'an (Int),,,,,38 Manor Farm Road
-3.218425512,55.93834598,*[200WDeobPkstn]Idara Trust. 8-10 Temple Park Crescent. 0131 229 3844,,,,,,,,,,,,,,Idara Trust,,,,,8-10 Temple Park Crescent
-0.161816,51.42508,*[700WShiaPkstn]Idara-e-Jafferiya. 18 Church Lane. 020 8672 5373,,,,,,,,,,,,,,Idara-e-Jafferiya,,,,,18 Church Lane
-1.637960672,53.69801817,"*[500NoWDeob]Ilaahi Masjid. Hamza Court, 2 Hope Street. 01924 439779",,,,,,,,,,,,,,Ilaahi Masjid,,,,,"Hamza Court, 2 Hope Street"
0.071627051,51.55823812,*[50WIrregSufiTurk]Ilford C&acirc;mii ve &#304;slam K&uuml;lt&uuml;r Merkezi. 2-4 Clements Road. 07903 381932,,,,,,,,,,,,,,Ilford C&acirc;mii ve &#304;slam K&uuml;lt&uuml;r Merkezi,,,,,2-4 Clements Road
0.074865818,51.55646545,*[2500WBrelPkstn]Ilford Islamic Centre. 50-58 Albert Road. 020 8478 0347,,,,,,,,,,,,,,Ilford Islamic Centre,,,,,50-58 Albert Road
0.076464415,51.5632756,*[600NoWDeobGujrti]Ilford Mosque. 112 Balfour Road. 020 8478 0347,,,,,,,,,,,,,,Ilford Mosque,,,,,112 Balfour Road
0.080004931,51.55021469,"*[600WBrelPkstn]Ilford Muslim Community Centre and Mosque. Community Centre, Eton Road. 020 8514 0706",,,,,,,,,,,,,,Ilford Muslim Community Centre and Mosque,,,,,"Community Centre, Eton Road"
-2.434541881,53.56844271,*[300WSalf]Imaan Masjid. 270 Bridgeman Street. 07581 358270,,,,,,,,,,,,,,Imaan Masjid,,,,,270 Bridgeman Street
-3.167114854,51.4655214,"*[Shia]Imam Ali Centre. Former St Stephen's Church, Mount Stuart Square. 07957 448337",,,,,,,,,,,,,,Imam Ali Centre,,,,,"Former St Stephen's Church, Mount Stuart Square"
-0.195940733,51.53741362,*[450WShiaArab]Imam Hussain Mosque. 14 Brondesbury Road. 020 7625 8584,,,,,,,,,,,,,,Imam Hussain Mosque,,,,,14 Brondesbury Road
-0.20986,51.539434,"*[1500WShia]Imam Khoei Islamic Centre. The Stone Hall, Chevening Road. 020 8960 6378",,,,,,,,,,,,,,Imam Khoei Islamic Centre,,,,,"The Stone Hall, Chevening Road"
-3.957446516,51.61509537,"*[300WShia]Imam Khoei Islamic Centre. Faith Hall, 88a St Helens Road. 01792 458372",,,,,,,,,,,,,,Imam Khoei Islamic Centre,,,,,"Faith Hall, 88a St Helens Road"
-2.243164927,53.79816926,*[100Shia]IMAM Organisation UK. 53b Daneshouse Road. 01282 701361,,,,,,,,,,,,,,IMAM Organisation UK,,,,,53b Daneshouse Road
-0.894330293,52.24445382,*[300ShiaPkstn]Imambargah Dua-E-Zehra SA. 2 Lorne Road. 07909 110110,,,,,,,,,,,,,,Imambargah Dua-E-Zehra SA,,,,,2 Lorne Road
0.088129341,51.57806466,*[500WShiaPkstn]Imamia Mission London. 129 Perrymans Farm Road. 020 8554 9988,,,,,,,,,,,,,,Imamia Mission London,,,,,129 Perrymans Farm Road
-2.731357813,53.42694287,"*[200W]Iman Trust St Helens. St. Michael’s Mount, Elton Head Road. 01744 234567",,,,,,,,,,,,,,Iman Trust St Helens,,,,,St
-0.177454948,51.4995799,"[multiStdnt]Imperial College Chaplaincy Centre. East Basement, Beit Hall Quad, Prince Consort Road. 020 7594 9600",,,,,,,,,,,,,,Imperial College Chaplaincy Centre,,,,,"East Basement, Beit Hall Quad, Prince Consort Road"
-0.172718167,51.50016764,"*[50WNJStdnt]Imperial College Union Islamic Society. The Basement, 10 Princes Gardens. ",,,,,,,,,,,,,,Imperial College Union Islamic Society,,,,,"The Basement, 10 Princes Gardens"
-0.102495924,51.54038109,"*[50WIrreg]Inclusive Mosque Initiative. New Unity, 277a Upper Street. 020 3189 1185",,,,,,,,,,,,,,Inclusive Mosque Initiative,,,,,"New Unity, 277a Upper Street"
0.0006859,51.5414839,[60Wmulti]InSpiration multi-faith worship and prayer area. Westfield Stratford City shopping centre. ,,,,,,,,,,,,,,InSpiration multi-faith worship and prayer area,,,,,Westfield Stratford City shopping centre
-1.850814074,52.49627792,*[100WBrelPkstn]International Islamic Cultural Study Centre and Mosque. 260-262 Washwood Heath Road. 0121 326 0966,,,,,,,,,,,,,,International Islamic Cultural Study Centre and Mosque,,,,,260-262 Washwood Heath Road
0.030062199,51.54206473,*[400NoWDeob]International Khatme-Nabuwat Movement. 11-13 St George Road. 020 8552 7052,,,,,,,,,,,,,,International Khatme-Nabuwat Movement,,,,,11-13 St George Road
-4.230417609,57.47458327,"*[30WDeobMix]Inverness Masjid. Northern Meeting Park, Ardross Street. ",,,,,,,,,,,,,,Inverness Masjid,,,,,"Northern Meeting Park, Ardross Street"
1.160200238,52.05583533,*[300NoWDeobBangla]Ipswich and Suffolk Bangladeshi Muslim Community and Mosque Centre. 32-36 Bond Street. 01473 226879,,,,,,,,,,,,,,Ipswich and Suffolk Bangladeshi Muslim Community and Mosque Centre,,,,,32-36 Bond Street
1.16324991,52.05729656,*[1200Bangla]Ipswich Shahjalal Islamic Centre & Masjid. 15 Argyle Street. 01473 412983,,,,,,,,,,,,,,Ipswich Shahjalal Islamic Centre & Masjid,,,,,15 Argyle Street
-3.168187737,55.93003457,*[600WDeobPkstn]Iqra Academy. 10 East Suffolk Road. 0131 667 7474,,,,,,,,,,,,,,Iqra Academy,,,,,10 East Suffolk Road
-1.538225412,52.40845368,*[100WBrel]Iqra Centre. 180-184 Allesley Old Road. 024 7671 2553,,,,,,,,,,,,,,Iqra Centre,,,,,180-184 Allesley Old Road
-1.475818,52.903386,*[150Deob]Iqra Centre (Ahle-Sunnah Wal-Jam'aah). 112 Rutland Street. 07440 243369,,,,,,,,,,,,,,Iqra Centre (Ahle-Sunnah Wal-Jam'aah),,,,,112 Rutland Street
-4.378352165,55.81859615,"*[300BrelPkstn]Iqra Learning Centre. ILC Darnley, West Hurlet House, Glasgow Road. not known",,,,,,,,,,,,,,Iqra Learning Centre,,,,,"ILC Darnley, West Hurlet House, Glasgow Road"
-2.190597653,53.45688234,"*[300BrelPkstn]Iqra Mosque. (former Garratt Hotel), Pink Bank Lane. ",,,,,,,,,,,,,,Iqra Mosque,,,,,"(former Garratt Hotel), Pink Bank Lane"
-0.05636394,51.51641769,*[1500NoWDeobBangla]Ishaatul Islam Mosque. 16 Ford Square and 18-22 Damien Street. 020 7790 0693,,,,,,,,,,,,,,Ishaatul Islam Mosque,,,,,16 Ford Square and 18-22 Damien Street
-0.686897636,52.30287627,*[340WDeob]Islah ul Muslimeen. 8 Strode Road. 01933 678030,,,,,,,,,,,,,,Islah ul Muslimeen,,,,,8 Strode Road
-1.869456,53.723575,"*[50WJSalf]Islam Halifax. Hope Mills, Hope Street. ",,,,,,,,,,,,,,Islam Halifax,,,,,"Hope Mills, Hope Street"
-0.365263224,51.4680445,*[200Irreg]Islam Hounslow. 263-273 High Street.. ,,,,,,,,,,,,,,Islam Hounslow,,,,,263-273 High Street
-1.764523387,53.79798062,*[500WSalf]IslamBradford Centre (IBC). 1 City Road. 01274 395521,,,,,,,,,,,,,,IslamBradford Centre (IBC),,,,,1 City Road
-1.900878847,52.45904938,*[200WDeobArab]Islamia Alouia Zawia. 294 Edward Road. 0121 440 1758,,,,,,,,,,,,,,Islamia Alouia Zawia,,,,,294 Edward Road
-4.280596375,55.84535982,*[500WDeobPkstn]Islamic Academy of Scotland. 24 Maxwell Drive. 0141 433 9500,,,,,,,,,,,,,,Islamic Academy of Scotland,,,,,24 Maxwell Drive
-0.175977051,51.61146861,*[700WDeob]Islamic Association of North London. 683-685 High Road. 020 8492 0028,,,,,,,,,,,,,,Islamic Association of North London,,,,,683-685 High Road
-2.176907659,53.01839442,*[1700Brel]Islamic Centre. Regent Road. ,,,,,,,,,,,,,,Islamic Centre,,,,,Regent Road
-4.036915004,55.77235644,*[100Deob]Islamic Centre. 10 Avon Street. 01698 200072,,,,,,,,,,,,,,Islamic Centre,,,,,10 Avon Street
-2.094590664,52.5055285,*[1500WSalf]Islamic Centre. 29 Queens Cross. 01384 258479,,,,,,,,,,,,,,Islamic Centre,,,,,29 Queens Cross
-4.162379354,51.67782195,*[160W]Islamic Centre. 62 Station Road. 07891 214668,,,,,,,,,,,,,,Islamic Centre,,,,,62 Station Road
-0.134613041,51.51327609,*[150NoWDeobBangla]Islamic Centre. 10 Berwick Street. 020 7437 8840,,,,,,,,,,,,,,Islamic Centre,,,,,10 Berwick Street
-2.372974455,53.74950541,*[300BrelPkstn]Islamic Centre. 74a Richmond Hill Street. 01254 397398,,,,,,,,,,,,,,Islamic Centre,,,,,74a Richmond Hill Street
-2.186595798,53.01760057,*[350WBrel]Islamic Centre. 20 Bedford Road. 01782 280364,,,,,,,,,,,,,,Islamic Centre,,,,,20 Bedford Road
-1.475984752,52.91719953,*[1060WBrel]Islamic Centre - Derby Ltd. Sacheveral Street and Wilmot Street. 01332 292021,,,,,,,,,,,,,,Islamic Centre - Derby Ltd,,,,,Sacheveral Street and Wilmot Street
-1.645256281,54.97019433,"*[500WShia]Islamic Centre (Hoseiniyeh) of Newcastle. Cliftonville, Bentinck Road. 0191 273 5563",,,,,,,,,,,,,,Islamic Centre (Hoseiniyeh) of Newcastle,,,,,"Cliftonville, Bentinck Road"
-1.879961565,50.72198334,*[400WSalfArab]Islamic Centre and Central Mosque. 4 St Stephens Road. 01202 557072,,,,,,,,,,,,,,Islamic Centre and Central Mosque,,,,,4 St Stephens Road
-0.186751485,51.13122209,*[410WDeobPkstn]Islamic Centre And Mosque. 157 London Road. 01293 528488,,,,,,,,,,,,,,Islamic Centre And Mosque,,,,,157 London Road
-0.273553133,51.60779908,*[500Pkstn]Islamic Centre Edgware. 9d Deansbrook Road. 020 8728 3798,,,,,,,,,,,,,,Islamic Centre Edgware,,,,,9d Deansbrook Road
-0.744098425,52.02638612,*[300W]Islamic Centre Milton Keynes. Trubys Garden. ,,,,,,,,,,,,,,Islamic Centre Milton Keynes,,,,,Trubys Garden
-0.189390779,51.53533148,*[1200WShia]Islamic Centre of England (sic) (ICEL). 140 Maida Vale. 020 7604 5500,,,,,,,,,,,,,,Islamic Centre of England (sic) (ICEL),,,,,140 Maida Vale
0.08855313,51.57447245,*[200Shia]Islamic Centre of Essex. 878-880 Eastern Avenue. 07746 530014,,,,,,,,,,,,,,Islamic Centre of Essex,,,,,878-880 Eastern Avenue
-1.858910322,52.44920625,*[200DeobPkstn]Islamic Centre Zakariya. 259 Percy Road. ,,,,,,,,,,,,,,Islamic Centre Zakariya,,,,,259 Percy Road
-0.079953969,53.55392526,*[310WArab]Islamic Community Centre. 81 Weelsby Road or 79a Weelsby Road. 01472 752268,,,,,,,,,,,,,,Islamic Community Centre,,,,,81 Weelsby Road or 79a Weelsby Road
-0.17037794,51.46783815,*[150WDeobPkstn]Islamic Cultural & Education Centre. 75 Falcon Road. 020 7228 4267,,,,,,,,,,,,,,Islamic Cultural & Education Centre,,,,,75 Falcon Road
-0.130740255,51.52971273,*[100NoWDeobBangla]Islamic Cultural & Education Centre (Mosjid). 68 Churchway. 020 3441 0879,,,,,,,,,,,,,,Islamic Cultural & Education Centre (Mosjid),,,,,68 Churchway
-4.126750231,50.37354404,*[200]Islamic Cultural and Community Centre. 19 Greenbank Avenue. 07971 988454,,,,,,,,,,,,,,Islamic Cultural and Community Centre,,,,,19 Greenbank Avenue
-1.863200516,52.44505552,*[260WIrregDeobPkstn]Islamic Cultural and Educational Centre. 96-98 Greswolde Road. 0121 702 2969,,,,,,,,,,,,,,Islamic Cultural and Educational Centre,,,,,96-98 Greswolde Road
-1.173782945,54.57817786,*[200W]Islamic Cultural Association. 3 South Terrace. ,,,,,,,,,,,,,,Islamic Cultural Association,,,,,3 South Terrace
-1.894863993,52.51020163,*[175WBrelPkstn]Islamic Cultural Centre. 129 Normandy Road. 07507 685568,,,,,,,,,,,,,,Islamic Cultural Centre,,,,,129 Normandy Road
-0.274475813,51.54706897,*[300NoWDeob]Islamic Cultural Centre. 72 Harrow Road. 020 8903 3760,,,,,,,,,,,,,,Islamic Cultural Centre,,,,,72 Harrow Road
-0.165175796,51.52891262,*[6000WArabArab]Islamic Cultural Centre. 146 Park Road. 020 7724 3363,,,,,,,,,,,,,,Islamic Cultural Centre,,,,,146 Park Road
-2.327958942,53.38064697,"*[300WMix]Islamic Cultural Centre. St David's Church, Grove Lane. ",,,,,,,,,,,,,,Islamic Cultural Centre,,,,,"St David's Church, Grove Lane"
-3.493212462,53.32009473,*[200W]Islamic Cultural Centre. 30 Water Street. 01745 360467,,,,,,,,,,,,,,Islamic Cultural Centre,,,,,30 Water Street
-2.960627675,53.39428897,*[1400WArab]Islamic Cultural Centre and Al-Rahma Mosque. 29-31 Hatherley Street. 0151 709 2560,,,,,,,,,,,,,,Islamic Cultural Centre and Al-Rahma Mosque,,,,,29-31 Hatherley Street
-2.464842796,53.74560834,*[2200WDeobGujrti]Islamic Cultural Centre and Jaame Mosque. 40 Lambeth Street and Cumberland Street and Mary Street. 01254 608683,,,,,,,,,,,,,,Islamic Cultural Centre and Jaame Mosque,,,,,40 Lambeth Street and Cumberland Street and Mary Street
-2.180035114,53.02888739,*[300NoWDeob]Islamic Cultural Centre and Mosque. 16 York Street. 01782 268122,,,,,,,,,,,,,,Islamic Cultural Centre and Mosque,,,,,16 York Street
-6.234430075,53.30471404,*[Arab]Islamic Cultural Centre of Ireland. 19 Roebuck Road. +353,,,,,,,,,,,,,,Islamic Cultural Centre of Ireland,,,,,19 Roebuck Road
-1.790905595,53.80886676,*[Deob]Islamic Cultural Educational Centre. 190 Toller Lane. ,,,,,,,,,,,,,,Islamic Cultural Educational Centre,,,,,190 Toller Lane
-1.8435359,52.47836475,*[400BrelPkstn]Islamic Cultural Foundation. 468-474 Bordesley Green. ,,,,,,,,,,,,,,Islamic Cultural Foundation,,,,,468-474 Bordesley Green
-1.630766988,53.70301365,*[1000NoWDeob]Islamic Cultural Welfare Association. 17 Henry Street. 01924 463275,,,,,,,,,,,,,,Islamic Cultural Welfare Association,,,,,17 Henry Street
-0.825176239,51.8105517,*[500NoWDeob]Islamic Culture and Community Centre. Churchill Avenue. 07710 401243,,,,,,,,,,,,,,Islamic Culture and Community Centre,,,,,Churchill Avenue
-2.564164996,51.46617809,*[500WDeobPkstn]Islamic Darasgah. 2 Roman Road. 0117 951 0156,,,,,,,,,,,,,,Islamic Darasgah,,,,,2 Roman Road
-1.113899946,52.63429029,*[4000NoWDeobGujrti]Islamic Da'wah Academy. Berners Street. 0116 262 5440,,,,,,,,,,,,,,Islamic Da'wah Academy,,,,,Berners Street
0.049438477,51.54541763,*[160WSalfTamil]Islamic Dawah Centre. 398 High Street North. 020 8586 2140,,,,,,,,,,,,,,Islamic Dawah Centre,,,,,398 High Street North
-0.417566299,51.50689273,"*[600WDeob]Islamic Education & Cultural Society. Former Civic Hall, 3 Pump Lane. 020 8561 7149",,,,,,,,,,,,,,Islamic Education & Cultural Society,,,,,"Former Civic Hall, 3 Pump Lane"
-1.851047427,52.49017675,*[100BrelPkstn]Islamic Education Centre. 172-174 Havelock Road. ,,,,,,,,,,,,,,Islamic Education Centre,,,,,172-174 Havelock Road
-2.497196943,53.74953078,*[200Brel]Islamic Education Centre (Blackburn). 44 Devonport Road. 01254 670079,,,,,,,,,,,,,,Islamic Education Centre (Blackburn),,,,,44 Devonport Road
-4.01208043,55.95878049,*[500WPkstn]Islamic Education Trust of Cumbernauld. 5 Craighalbert Way. 01236 733719,,,,,,,,,,,,,,Islamic Education Trust of Cumbernauld,,,,,5 Craighalbert Way
-0.38954258,51.46271407,"*[500]Islamic Integration Community Centre. Phoenix Court, 531 Staines Road. 020 8570 7978",,,,,,,,,,,,,,Islamic Integration Community Centre,,,,,"Phoenix Court, 531 Staines Road"
-2.501377165,53.75068064,"*[2000Brel]Islamic Religious Centre. Unit 2c, 35 Leamington Road. 01254 698384",,,,,,,,,,,,,,Islamic Religious Centre,,,,,"Unit 2c, 35 Leamington Road"
-2.501456291,53.7494721,*[200WBrelPkstn]Islamic Religious Centre & Mosque. 209 Preston New Road. 01254 698384,,,,,,,,,,,,,,Islamic Religious Centre & Mosque,,,,,209 Preston New Road
-1.895715594,52.45837848,*[50]Islamic Resource Centre. 93 Court Road. 0121 440 3500,,,,,,,,,,,,,,Islamic Resource Centre,,,,,93 Court Road
-1.765925169,53.79053245,"[40WStdnt]Islamic Society. Carlton Prayer Room, University of Bradford. ",,,,,,,,,,,,,,Islamic Society,,,,,"Carlton Prayer Room, University of Bradford"
-2.234344482,53.47570752,"*[300Stdnt]Islamic Society. Sub-Basement, Main Building, UMIST, Sackville Street. 0161 236 3311",,,,,,,,,,,,,,Islamic Society,,,,,"Sub-Basement, Main Building, UMIST, Sackville Street"
-1.617436409,54.97790922,"*[350WStdnt]Islamic Society. King George VI Building, University of Newcastle upon Tyne, .... 0191 232 6889",,,,,,,,,,,,,,Islamic Society,,,,,"King George VI Building, University of Newcastle upon Tyne,"
-2.605175972,51.45622647,"*[IrregStdnt]Islamic Society of Bristol University. Wills Memorial Building, Queens Road. 0117 928 9000",,,,,,,,,,,,,,Islamic Society of Bristol University,,,,,"Wills Memorial Building, Queens Road"
-4.005053043,55.861353,*[200NoWDeob]Islamic Society of Coatbridge & Airdrie. 10 Quarry Street. 01236 440576,,,,,,,,,,,,,,Islamic Society of Coatbridge & Airdrie,,,,,10 Quarry Street
-3.178846836,55.92336101,"*[Stdnt]Islamic Society of Edinburgh University. Weir Building, Kings Buildings, West Mains Road. ",,,,,,,,,,,,,,Islamic Society of Edinburgh University,,,,,"Weir Building, Kings Buildings, West Mains Road"
-2.782566547,54.0074409,"*[Stdnt]Islamic Society of Lancaster University. Lancaster University Islamic Society, Lancaster University S.... 01524 65201",,,,,,,,,,,,,,Islamic Society of Lancaster University,,,,,"Lancaster University Islamic Society, Lancaster University S"
-2.54749,51.500207,"[Stdnt]Islamic Society of the University of the West of England. Islamic Society, Room 4E13, The University of the West of En.... 0117 965 6261",,,,,,,,,,,,,,Islamic Society of the University of the West of England,,,,,"Islamic Society, Room 4E13, The University of the West of En"
-2.996134758,51.58410327,"*[500WShia]Islamic Society of Wales. Former United Reformed Church, Victoria Road. 01633 243871",,,,,,,,,,,,,,Islamic Society of Wales,,,,,"Former United Reformed Church, Victoria Road"
-4.074758291,52.41274365,"*[300Stdnt]Islamic Students Society of Aberystwyth. The Old Gymnasium, Vicarage Playing Fields, Llanbadarn Road. 07865 644533",,,,,,,,,,,,,,Islamic Students Society of Aberystwyth,,,,,"The Old Gymnasium, Vicarage Playing Fields, Llanbadarn Road"
-1.641023755,53.6907716,*[500NoWDeobGujrti]Islamic Tarbiya Academy. 45 Boothroyd Lane. 01924 450422,,,,,,,,,,,,,,Islamic Tarbiya Academy,,,,,45 Boothroyd Lane
-1.770295501,53.80608395,*[IrregDeob]Islamic Tarbiyya Centre. 1 Ambler Street. 01274 222221,,,,,,,,,,,,,,Islamic Tarbiyya Centre,,,,,1 Ambler Street
-0.211744309,51.5089094,*[700Shia]Islamic Universal Association. 20 Penzance Place. 020 7602 5273,,,,,,,,,,,,,,Islamic Universal Association,,,,,20 Penzance Place
-1.949858666,52.5037881,*[100BrelPkstn]Islamic Welfare Trust. 114 Crocketts Road. ,,,,,,,,,,,,,,Islamic Welfare Trust,,,,,114 Crocketts Road
-0.008349717,51.48908444,"*[50NoWNJBangla]Island Garden Bangladeshi Cultural Association. 3 Capstan House, Glengarnock Avenue. 07956 569029",,,,,,,,,,,,,,Island Garden Bangladeshi Cultural Association,,,,,"3 Capstan House, Glengarnock Avenue"
-4.481656104,54.15331205,"*[140W]Isle of Man Muslim Association. 3 Mona Terrace, Harris View. 01624 620336",,,,,,,,,,,,,,Isle of Man Muslim Association,,,,,"3 Mona Terrace, Harris View"
-1.295851618,50.69805466,*[175WDeobBangla]Isle of Wight Jame-e-Mosque Islamic Community Centre. 42 Chapel Street. 01983 530383,,,,,,,,,,,,,,Isle of Wight Jame-e-Mosque Islamic Community Centre,,,,,42 Chapel Street
-0.172837,51.495655,*[500WNJShia]Ismaili Jamaat Khana. 1-7 Cromwell Gardens. 020 7581 2071,,,,,,,,,,,,,,Ismaili Jamaat Khana,,,,,1-7 Cromwell Gardens
-2.545966208,53.18273708,*[30WNJShia]Ismaili Jamaat Khana. 29 Cleveland Way. ,,,,,,,,,,,,,,Ismaili Jamaat Khana,,,,,29 Cleveland Way
-1.4019158,53.4143488,*[100WNJShia]Ismaili Jamaat Khana. 250b Sheffield Road. ,,,,,,,,,,,,,,Ismaili Jamaat Khana,,,,,250b Sheffield Road
-1.171586216,52.97255621,"*[200WNJShia]Ismaili Jamaat Khana. Beaconsfield House,  46 Rawson Street. ",,,,,,,,,,,,,,Ismaili Jamaat Khana,,,,,"Beaconsfield House, 46 Rawson Street"
-0.830736458,52.05984123,*[500WNJShia]Ismaili Jamaat Khana. Unit 9 Walker Avenue. ,,,,,,,,,,,,,,Ismaili Jamaat Khana,,,,,Unit 9 Walker Avenue
-1.078272164,52.65916063,*[500WNJShia]Ismaili Jamaat Khana. Waterside Road. ,,,,,,,,,,,,,,Ismaili Jamaat Khana,,,,,Waterside Road
-0.286144763,51.59368788,*[300WNJShia]Ismaili Jamaat Khana. 7 Cumberland Road. ,,,,,,,,,,,,,,Ismaili Jamaat Khana,,,,,7 Cumberland Road
0.714997935,52.22634168,[50WNJShia]Ismaili Jamaat Khana. 81 Home Farm Lane. ,,,,,,,,,,,,,,Ismaili Jamaat Khana,,,,,81 Home Farm Lane
0.053799748,51.44977139,*[50WNJShia]Ismaili Jamaat Khana. 22 Passey Place. ,,,,,,,,,,,,,,Ismaili Jamaat Khana,,,,,22 Passey Place
-0.077330768,51.37528143,*[200WNJShia]Ismaili Jamaat Khana. 205-209 Addiscombe Road. ,,,,,,,,,,,,,,Ismaili Jamaat Khana,,,,,205-209 Addiscombe Road
-1.5270995,52.3962304,*[50WNJShia]Ismaili Jamaat Khana. 5 Warwick Avenue. ,,,,,,,,,,,,,,Ismaili Jamaat Khana,,,,,5 Warwick Avenue
-2.870500088,53.20809924,*[50WNJShia]Ismaili Jamaat Khana. 77 Kingsway. ,,,,,,,,,,,,,,Ismaili Jamaat Khana,,,,,77 Kingsway
-2.25373,53.7769331,*[50WNJShia]Ismaili Jamaat Khana. 3 Reynolds Street. ,,,,,,,,,,,,,,Ismaili Jamaat Khana,,,,,3 Reynolds Street
-1.9122372,52.4707072,"*[WNJShia]Ismaili Jamaat Khana. Jubilee House,  Wheeley's Road. ",,,,,,,,,,,,,,Ismaili Jamaat Khana,,,,,"Jubilee House, Wheeley's Road"
-1.928610206,50.72460057,*[WNJShia]Ismaili Jamaat Khana. 2 North Lodge Road. ,,,,,,,,,,,,,,Ismaili Jamaat Khana,,,,,2 North Lodge Road
-1.902083159,52.47597468,"*[500WNJShia]Ismaili Jamatkhana. 126 Suffolk Street, Queensway. ",,,,,,,,,,,,,,Ismaili Jamatkhana,,,,,"126 Suffolk Street, Queensway"
-3.164691478,51.48852245,*[200WNJShia]Ismaili Jamatkhana. 51 Croft Street. ,,,,,,,,,,,,,,Ismaili Jamatkhana,,,,,51 Croft Street
-0.165537894,51.58991277,*[500WNJShia]Ismaili Jamatkhana. 273 East End Road. ,,,,,,,,,,,,,,Ismaili Jamatkhana,,,,,273 East End Road
-2.20249325,53.45232888,*[280WBrelPkstn]Ithad-ul-Muslemeen Education and Cultural Centre. 92 Duncan Road. 0161 248 5817,,,,,,,,,,,,,,Ithad-ul-Muslemeen Education and Cultural Centre,,,,,92 Duncan Road
-2.471666336,53.74296885,*[100Brel]Jaame-al-Hashmi. 43 Copperfield Street. ,,,,,,,,,,,,,,Jaame-al-Hashmi,,,,,43 Copperfield Street
0.077065229,51.53601553,"*[150W]Jabir bin Zayd Islamic Centre. Medite House, 11-13 Broadway. 020 8594 3100",,,,,,,,,,,,,,Jabir bin Zayd Islamic Centre,,,,,"Medite House, 11-13 Broadway"
-2.233743668,53.45774794,*[300WShiaPkstn]Jaffaria Islamic Centre. 404 Moss Lane East. 07710 432838,,,,,,,,,,,,,,Jaffaria Islamic Centre,,,,,404 Moss Lane East
-2.21242547,52.19124921,"*[100DeobBangla]Jalalabad  Muslim Association. Unit 7, Three Springs Trading Estate, Vincent Road. 01905 353248",,,,,,,,,,,,,,Jalalabad  Muslim Association,,,,,"Unit 7, Three Springs Trading Estate, Vincent Road"
-1.733624339,53.79733517,*[350WDeobBangla]Jalalabad Islamic Centre & Jamia Mosque. 1 Barlow Street. 01274 722941,,,,,,,,,,,,,,Jalalabad Islamic Centre & Jamia Mosque,,,,,1 Barlow Street
-0.430043936,51.88726949,*[1700WBrelBangla]Jalalabad Jame Masjid. 34-40 Leagrave Road. 01582 483581,,,,,,,,,,,,,,Jalalabad Jame Masjid,,,,,34-40 Leagrave Road
-1.492735148,52.41568519,*[200NoWDeobBangla]Jalalabad Masjid. 237 Harnall Lane East and 1-7 Freehold Street. 024 7663 2765,,,,,,,,,,,,,,Jalalabad Masjid,,,,,237 Harnall Lane East and 1-7 Freehold Street
-1.934639812,52.44250015,*[150NoWSufiBangla]Jalalabad Mosque and Islamic Centre. 24-26 Dartmouth Road. 0121 246 9729,,,,,,,,,,,,,,Jalalabad Mosque and Islamic Centre,,,,,24-26 Dartmouth Road
-1.896316409,52.50351054,*[250SufiBangla]Jalalabad Sunni Jame Masjid and Islamic Centre. 57 Albert Road. 07915 650914,,,,,,,,,,,,,,Jalalabad Sunni Jame Masjid and Islamic Centre,,,,,57 Albert Road
-2.146947384,53.61928257,*[1600WDeobBangla]Jalalia Jame Masjid. 66 Trafalgar Street. 01706 646822,,,,,,,,,,,,,,Jalalia Jame Masjid,,,,,66 Trafalgar Street
-3.19047153,51.47803864,*[700NoWBrelBangla]Jalalia Mosque and Islamic Education Centre. Machen Place. 029 2022 1309,,,,,,,,,,,,,,Jalalia Mosque and Islamic Education Centre,,,,,Machen Place
-1.980199814,52.57772563,*[400SufiBangla]Jalalia Sunni Jami Masjid & Islamic Education Centre. 150 Bath Street. ,,,,,,,,,,,,,,Jalalia Sunni Jami Masjid & Islamic Education Centre,,,,,150 Bath Street
-0.04698962,51.64595481,*[1200NoWSufiBangla]Jalaliah Jamme Masjeed Enfield. 228 High Street. 020 8804 4872,,,,,,,,,,,,,,Jalaliah Jamme Masjeed Enfield,,,,,228 High Street
-2.980819345,56.46177325,*[725WDeob]Jamaa Masjid - Dundee Islamic Society. 6 Miln Street. 01382 778168,,,,,,,,,,,,,,Jamaa Masjid - Dundee Islamic Society,,,,,6 Miln Street
-2.960960269,56.4702962,*[700WBrel]Jama-i-Masjid Bilal. 5-7 Dura Street. 01382 226913,,,,,,,,,,,,,,Jama-i-Masjid Bilal,,,,,5-7 Dura Street
1.169983596,52.05007322,*[Salf]Jam'at Ihyaa' Minhaaj Al-Sunnah. 24 Bishops Hill. 01473 251578,,,,,,,,,,,,,,Jam'at Ihyaa' Minhaaj Al-Sunnah,,,,,24 Bishops Hill
-1.860466003,52.44309201,*[1500WBrelPkstn]Jamatia Islamic Centre. 179-181 Woodlands Road. 0121 778 6612,,,,,,,,,,,,,,Jamatia Islamic Centre,,,,,179-181 Woodlands Road
-1.853696108,52.47839905,*[300DeobBangla]Jame Masjid. 104 Cherrywood Road. 0121 766 7332,,,,,,,,,,,,,,Jame Masjid,,,,,104 Cherrywood Road
-0.32125622,51.75208318,*[450NoWDeobBangla]Jame Masjid & Bangladesh Islamic Centre. 77 Hatfield Road. 01727 838187,,,,,,,,,,,,,,Jame Masjid & Bangladesh Islamic Centre,,,,,77 Hatfield Road
-1.355003715,53.42820222,*[550WSalf]Jame Masjid & Community Centre. Moorgate Street. 01709 369715,,,,,,,,,,,,,,Jame Masjid & Community Centre,,,,,Moorgate Street
-1.648828983,53.68238003,*[450WSalfPkstn]Jame Masjid Ahl-e-Hadith and Salfia Centre. 1-3 Stoney Bank Street. 01924 462358,,,,,,,,,,,,,,Jame Masjid Ahl-e-Hadith and Salfia Centre,,,,,1-3 Stoney Bank Street
-2.031663358,53.95918821,*[400WSalf]Jame Masjid and Madrassa Salafia Skipton. 23-25 Midland Street. not known,,,,,,,,,,,,,,Jame Masjid and Madrassa Salafia Skipton,,,,,23-25 Midland Street
-0.35363853,53.75773136,*[300WDeobBangla]Jame Masjid and Madresah Darul Marif al Islamia. 20 Pearson Park. 01482 473867,,,,,,,,,,,,,,Jame Masjid and Madresah Darul Marif al Islamia,,,,,20 Pearson Park
-1.642543,52.810147,*[1000WBrelPkstn]Jame Masjid Ghausia. 19-24 Princess Street and 28-30 Princess Street. not known,,,,,,,,,,,,,,Jame Masjid Ghausia,,,,,19-24 Princess Street and 28-30 Princess Street
-0.579485893,51.50953041,*[1950WBrelPkstn]Jame Masjid Ghausia. 78 Diamond Road. 01753 531919,,,,,,,,,,,,,,Jame Masjid Ghausia,,,,,78 Diamond Road
-1.665013433,53.67980012,*[1050NoWBrelPkstn]Jame Masjid Ghausia & Islamic Education Centre. North Road. 01924 461089,,,,,,,,,,,,,,Jame Masjid Ghausia & Islamic Education Centre,,,,,North Road
-2.123054266,53.5361614,*[650WSalf]Jame Masjid Jamiat Ahl-e-Hadith. 11 Ross Street. 0161 620 8548,,,,,,,,,,,,,,Jame Masjid Jamiat Ahl-e-Hadith,,,,,11 Ross Street
-2.064744383,52.47786649,"*[250WSalfBangla]Jame Masjid Quba. 43 Highgate Street, Old Hill. 01384 566203",,,,,,,,,,,,,,Jame Masjid Quba,,,,,"43 Highgate Street, Old Hill"
-1.481040716,52.90646588,*[400WSalf]Jame Masjid Salafiyah Centre. 7-7a Hastings Street. 01332 766237,,,,,,,,,,,,,,Jame Masjid Salafiyah Centre,,,,,7-7a Hastings Street
-2.501964569,53.74924688,*[200NoWDeobPkstn]Jame Masjid-e-Noor. 71 Saunders Road. 01254 698609,,,,,,,,,,,,,,Jame Masjid-e-Noor,,,,,71 Saunders Road
-2.263054848,53.46068637,*[750NoWDeobGujrti]Jame Masjid-e-Noor. 87 Stamford Street. 0161 227 8687,,,,,,,,,,,,,,Jame Masjid-e-Noor,,,,,87 Stamford Street
-1.164057255,52.97052745,*[750WBrelPkstn]Jameah Fatimiah Mosque. 118a Berridge Road. 0115 924 4004,,,,,,,,,,,,,,Jameah Fatimiah Mosque,,,,,118a Berridge Road
0.248692,51.05468,*[500Deob]Jameah Islameah Islamic Educational Institute. Catts Hill. 01892 853051,,,,,,,,,,,,,,Jameah Islameah Islamic Educational Institute,,,,,Catts Hill
-0.485072136,52.13221371,*[900WBrelPkstn]Jameh Masjid Gulshan-e-Baghdad. 1-7 Westbourne Road. 01234 351770,,,,,,,,,,,,,,Jameh Masjid Gulshan-e-Baghdad,,,,,1-7 Westbourne Road
-1.807068586,53.64297387,*[300Brel]Jam-e-Masjid Abu Bakr. 64a Church Street. 01484 450183,,,,,,,,,,,,,,Jam-e-Masjid Abu Bakr,,,,,64a Church Street
-1.856254935,52.5162731,*[300NoWBrel]Jam-e-Masjid Qiblah Hadhrat Sahib Gulhar Shareef. 232-234 Slade Road. 0121 373 1075,,,,,,,,,,,,,,Jam-e-Masjid Qiblah Hadhrat Sahib Gulhar Shareef,,,,,232-234 Slade Road
-1.912012696,53.86806985,*[400WMaud]Jami Madinah Masjid. Spencer Street. 01535 603756,,,,,,,,,,,,,,Jami Madinah Masjid,,,,,Spencer Street
-1.855959892,52.46854391,*[2250WDeobBangla]Jami Masjid and Islamic Centre. 505-527 Coventry Road. 0121 772 6408,,,,,,,,,,,,,,Jami Masjid and Islamic Centre,,,,,505-527 Coventry Road
-2.003242672,52.52066192,*[200SufiBangla]Jami Masjid and Islamic Centre. 67 Dartmouth Street. 0121 553 5598,,,,,,,,,,,,,,Jami Masjid and Islamic Centre,,,,,67 Dartmouth Street
-2.017348409,52.5532404,*[50SufiBangla]Jami Masjie Mosque and Islam Centre. 7-8 Spring Head. 0121 505 3957,,,,,,,,,,,,,,Jami Masjie Mosque and Islam Centre,,,,,7-8 Spring Head
-1.966112852,52.50057812,"*[850WDeobBangla]Jami Mosjid and Islamic Centre. 10-13 Lewisham Road, Middlemore Industrial Estate. 0121 558 8204",,,,,,,,,,,,,,Jami Mosjid and Islamic Centre,,,,,"10-13 Lewisham Road, Middlemore Industrial Estate"
-1.485377,53.35486,*[100BrelPkstn]Jamia al Furqaan. 703 Abbeydale Road. 0114 255 5336,,,,,,,,,,,,,,Jamia al Furqaan,,,,,703 Abbeydale Road
-2.12259829,53.54634155,*[150NoWSufiBangla]Jamia al Jalaliah Madrasah. 63 Chadderton Way. 0161 633 6363,,,,,,,,,,,,,,Jamia al Jalaliah Madrasah,,,,,63 Chadderton Way
-2.237831354,51.86081032,*[500NoWDeobGujrti]Jamia al Karim Mosque. 2d All Saints Road. 01452 506870,,,,,,,,,,,,,,Jamia al Karim Mosque,,,,,2d All Saints Road
-0.445375443,51.89581762,*[780WBrelPkstn]Jamia al-Akbaria. 241 Selbourne Road. 01582 561452,,,,,,,,,,,,,,Jamia al-Akbaria,,,,,241 Selbourne Road
-2.41623044,53.57501594,*[700WBrelPkstn]Jamia Alavia. 29 Bromwich Street. 01204 399308,,,,,,,,,,,,,,Jamia Alavia,,,,,29 Bromwich Street
-1.319512725,54.55796945,*[300WBrel]Jamia Al-Bilal Mosque. 16 Northcote Street. 01642 676636,,,,,,,,,,,,,,Jamia Al-Bilal Mosque,,,,,16 Northcote Street
-1.906991601,52.5052098,*[200BrelPkstn]Jamia Al-Furqan. 49 Roland Road. 0121 551 3743,,,,,,,,,,,,,,Jamia Al-Furqan,,,,,49 Roland Road
-0.931822,53.295314,"[150BrelPkstn]Jamia Al-Karam. Eaton Hall, London Road. 01777 706441",,,,,,,,,,,,,,Jamia Al-Karam,,,,,"Eaton Hall, London Road"
-0.78917563,52.06522529,*[600WBrelPkstn]Jamia Al-Karam Masjid. 19 North Street. 01908 221202,,,,,,,,,,,,,,Jamia Al-Karam Masjid,,,,,19 North Street
-1.625187993,53.70364558,*[400NoWBrelPkstn]Jamia Al-Saeed. 160 Bromley Street. 01924 465550,,,,,,,,,,,,,,Jamia Al-Saeed,,,,,160 Bromley Street
-2.109112144,52.45727771,*[800BrelPkstn]Jamia Anwar-ul-Quran Education Centre Lye. 3-4 Talbot Street. ,,,,,,,,,,,,,,Jamia Anwar-ul-Quran Education Centre Lye,,,,,3-4 Talbot Street
-2.020411491,52.56729279,*[200Deob]Jamia Ashrahul Uloom Trust. 144 Franchise Street. 07890 189088,,,,,,,,,,,,,,Jamia Ashrahul Uloom Trust,,,,,144 Franchise Street
-2.002212703,52.5211548,"*[300NoWBrelPkstn]Jamia Community Association. 47, 47A & 47B Dartmouth Street. 07929 474098",,,,,,,,,,,,,,Jamia Community Association,,,,,"47, 47A & 47B Dartmouth Street"
0.025258362,51.55083263,*[300NoWDeobPkstn]Jamia Darus Sunnah. 98 Woodgrange Road. 020 8503 0406,,,,,,,,,,,,,,Jamia Darus Sunnah,,,,,98 Woodgrange Road
-1.829424799,52.49013837,*[60Deob]Jamia Fatima Al-Zahra. 105 St Agatha's Road. ,,,,,,,,,,,,,,Jamia Fatima Al-Zahra,,,,,105 St Agatha's Road
-0.810507238,51.82143887,*[750WBrelPkstn]Jamia Ghausia. Havelock Street. 01296 398446,,,,,,,,,,,,,,Jamia Ghausia,,,,,Havelock Street
-1.730121374,53.79233278,*[200BrelPkstn]Jamia Ghausia Mehria. 389 Leeds Road. 07791 416643,,,,,,,,,,,,,,Jamia Ghausia Mehria,,,,,389 Leeds Road
-2.170186043,53.61263507,*[500Brel]Jamia Ghausia Mosque & Islamic Centre. Albion Road. ,,,,,,,,,,,,,,Jamia Ghausia Mosque & Islamic Centre,,,,,Albion Road
-2.470775843,53.74646963,*[1700WBrel]Jamia Ghosia Mosque. 98-99 Chester Street. 01254 51080,,,,,,,,,,,,,,Jamia Ghosia Mosque,,,,,98-99 Chester Street
-1.48132503,52.91203684,*[420WDeobBangla]Jamia Hanifia. 26 Western Road. 01332 204187,,,,,,,,,,,,,,Jamia Hanifia,,,,,26 Western Road
-2.168281674,53.6189962,*[1000SufiPkstn]Jamia Heddairia Fazal-Ul-Aloom. 73 Mitchell Street. ,,,,,,,,,,,,,,Jamia Heddairia Fazal-Ul-Aloom,,,,,73 Mitchell Street
-4.282929897,55.82564782,*[350WBrelPkstn]Jamia Islamia. 275 Tantallon Road. 0141 632 8028,,,,,,,,,,,,,,Jamia Islamia,,,,,275 Tantallon Road
-2.207833529,53.4618553,*[300WDeobPkstn]Jamia Islamia & Central Mosque. 118 South Street and 638a Stockport Road (when new building .... 0161 273 2422,,,,,,,,,,,,,,Jamia Islamia & Central Mosque,,,,,118 South Street and 638a Stockport Road (when new building
-1.862715,52.460195,*[400IrregDeob]Jamia Islamia Birmingham. Fallows Road. 0121 772 6400,,,,,,,,,,,,,,Jamia Islamia Birmingham,,,,,Fallows Road
-2.135639191,53.53218718,*[300Brel]Jamia Islamia Ghamkolia Mosque. 87 Warwick Street. ,,,,,,,,,,,,,,Jamia Islamia Ghamkolia Mosque,,,,,87 Warwick Street
-0.433525443,51.88747974,"*[1300WBrelPkstn]Jamia Islamia Ghousia Trust. 23, 23a Westbourne Road. 01582 410704",,,,,,,,,,,,,,Jamia Islamia Ghousia Trust,,,,,"23, 23a Westbourne Road"
-1.169829369,52.9633097,*[300BrelPkstn]Jamia Islamia Nottingham. 22 Hubert Street. 0115 844 7041,,,,,,,,,,,,,,Jamia Islamia Nottingham,,,,,22 Hubert Street
-1.84791863,52.44848697,*[200Brel]Jamia Islamia Razvia Zia-ul-Eiman. Reddings Lane. ,,,,,,,,,,,,,,Jamia Islamia Razvia Zia-ul-Eiman,,,,,Reddings Lane
-1.778106093,53.77681914,*[400Brel]Jamia Islamia Rizvia. 119 Southfield Lane. ,,,,,,,,,,,,,,Jamia Islamia Rizvia,,,,,119 Southfield Lane
-1.447012872,53.40802332,*[BrelPkstn]Jamia Islamia Urdu Teaching Centre. 39 Rushby Street. 0114 242 2520,,,,,,,,,,,,,,Jamia Islamia Urdu Teaching Centre,,,,,39 Rushby Street
-3.318032026,57.64693365,*[100Mix]Jamia Islamic Centre Trust. 78 South Street. ,,,,,,,,,,,,,,Jamia Islamic Centre Trust,,,,,78 South Street
-1.78136766,53.78150098,"*[1200WBrelPkstn]Jamia Islamic Mosque. Cross Lane Mills, Cross Lane. 01274 575142",,,,,,,,,,,,,,Jamia Islamic Mosque,,,,,"Cross Lane Mills, Cross Lane"
-2.290021777,53.59930191,*[200WNJDeobPkstn]Jamia Khizra Masjid and Islamic Centre Bury. 85 Walmersley Road. 0161 764 1638,,,,,,,,,,,,,,Jamia Khizra Masjid and Islamic Centre Bury,,,,,85 Walmersley Road
-0.995327532,51.45712731,[50Brel]Jamia Khulafa-e-Rashidin Ahle Sunnat wal Jamaat Islamic Centre. 2a Valentia Road. n/a,,,,,,,,,,,,,,Jamia Khulafa-e-Rashidin Ahle Sunnat wal Jamaat Islamic Centre,,,,,2a Valentia Road
-1.812883616,52.48009472,*[50Brel]Jamia Masjid. 173-175 Albert Road. 0121 786 1918,,,,,,,,,,,,,,Jamia Masjid,,,,,173-175 Albert Road
-1.759991795,53.78958916,*[350WDeobPkstn]Jamia Masjid. 28-32 Howard Street. 01274 724819,,,,,,,,,,,,,,Jamia Masjid,,,,,28-32 Howard Street
0.473991931,51.73061993,*[300WDeobBangla]Jamia Masjid. 13a Moulsham Street. 01245 261563,,,,,,,,,,,,,,Jamia Masjid,,,,,13a Moulsham Street
-0.07194221,51.51934188,*[3200WSufiBangla]Jamia Masjid. 59 Brick Lane. 020 7247 6052,,,,,,,,,,,,,,Jamia Masjid,,,,,59 Brick Lane
-2.691779137,53.75531624,*[710NoWDeobGujrti]Jamia Masjid. 18 Clarendon Street. 01772 257127,,,,,,,,,,,,,,Jamia Masjid,,,,,18 Clarendon Street
-0.952044725,51.44826697,*[1400WDeobPkstn]Jamia Masjid. 46 Alexandra Road. 01189 261565,,,,,,,,,,,,,,Jamia Masjid,,,,,46 Alexandra Road
-2.248785496,53.79624362,*[1300NoWDeobPkstn]Jamia Masjid Abu Bakr. 4 Brougham Street. 01282 422358,,,,,,,,,,,,,,Jamia Masjid Abu Bakr,,,,,4 Brougham Street
-1.625826359,53.69360415,*[200Brel]Jamia Masjid Abu Bakr. 2 Ernest Street. ,,,,,,,,,,,,,,Jamia Masjid Abu Bakr,,,,,2 Ernest Street
-1.349800229,53.43758067,*[1000WBrelPkstn]Jamia Masjid Abu Bakr. Russel Street. 01709 373303,,,,,,,,,,,,,,Jamia Masjid Abu Bakr,,,,,Russel Street
-1.55241698,53.77513187,*[1300WBrelPkstn]Jamia Masjid Abu Huraira. 9 Lodge Lane. 0113 271 8050,,,,,,,,,,,,,,Jamia Masjid Abu Huraira,,,,,9 Lodge Lane
-1.553405374,53.77650611,*[400WBrelPkstn]Jamia Masjid Abu Huraira. 1 Hardy Street. 0113 271 8050,,,,,,,,,,,,,,Jamia Masjid Abu Huraira,,,,,1 Hardy Street
-1.885871887,53.71985672,*[900WSalf]Jamia Masjid Ahl-e-Hadith. 97 Hopwood Lane. 01422 356843,,,,,,,,,,,,,,Jamia Masjid Ahl-e-Hadith,,,,,97 Hopwood Lane
-1.350449324,53.42545653,*[450WBrel]Jamia Masjid Ahl-e-Sunnat al Jamaat Barelvi and Muslim Community Centre Wellgate. 64 Gerard Road. 01709 838949,,,,,,,,,,,,,,Jamia Masjid Ahl-e-Sunnat al Jamaat Barelvi and Muslim Community Centre Wellgate,,,,,64 Gerard Road
-0.172205865,51.22810907,*[500WBrelPkstn]Jamia Masjid al Mustafa. 30 Earlswood Road. 01737 760251,,,,,,,,,,,,,,Jamia Masjid al Mustafa,,,,,30 Earlswood Road
-2.153182179,53.60642258,"*[300WSalf]Jamia Masjid al-Furqan. 17 Philip Street or St Lukes, Philip Street. 01706 523370",,,,,,,,,,,,,,Jamia Masjid al-Furqan,,,,,"17 Philip Street or St Lukes, Philip Street"
-1.674406529,53.71115187,*[1100WBrelPkstn]Jamia Masjid al-Haramain. Ings Road. 01924 402602,,,,,,,,,,,,,,Jamia Masjid al-Haramain,,,,,Ings Road
-0.385795534,51.50971904,*[300WBrel]Jamia Masjid and Islamic Centre. 101-105 Townsend Road. 020 8571 9542,,,,,,,,,,,,,,Jamia Masjid and Islamic Centre,,,,,101-105 Townsend Road
-0.5994308,51.51866759,*[1000WDeobPkstn]Jamia Masjid and Islamic Centre. 83 Stoke Poges Lane. 01753 522561,,,,,,,,,,,,,,Jamia Masjid and Islamic Centre,,,,,83 Stoke Poges Lane
-1.482265,53.357507,*[50DeobPkstn]Jamia Masjid and Usmania Education Centre. 22 Leyburn Road. 0114 281 1927,,,,,,,,,,,,,,Jamia Masjid and Usmania Education Centre,,,,,22 Leyburn Road
-1.782515645,53.6582078,*[850WBrel]Jamia Masjid Anwar-e-Madina. 8-10 Clara Street. 01484 421236,,,,,,,,,,,,,,Jamia Masjid Anwar-e-Madina,,,,,8-10 Clara Street
-1.902742982,52.50843121,*[2000NoWDeobGujrti]Jamia Masjid Aston. 2 Trinity Road. not known,,,,,,,,,,,,,,Jamia Masjid Aston,,,,,2 Trinity Road
-3.200068474,51.48369133,*[500NoWDeobPkstn]Jamia Masjid Bilal. 61-63 Severn Road. 029 2039 7640,,,,,,,,,,,,,,Jamia Masjid Bilal,,,,,61-63 Severn Road
-1.80247128,53.63587288,*[610WDeob]Jamia Masjid Bilal. 245 Yews Hill Road. 01484 542360,,,,,,,,,,,,,,Jamia Masjid Bilal,,,,,245 Yews Hill Road
-2.206849158,53.83568447,*[100Brel]Jamia Masjid Bilal. 2-4 Smith Street. 01282 618686,,,,,,,,,,,,,,Jamia Masjid Bilal,,,,,2-4 Smith Street
-2.145391703,53.62084803,*[3000WBrel]Jamia Masjid Bilal. Bulwer Street. 01706 861853,,,,,,,,,,,,,,Jamia Masjid Bilal,,,,,Bulwer Street
-1.895935535,52.45553049,*[560WBrel]Jamia Masjid Bilal Community Centre. 1 Willows Crescent. 0121 446 6210,,,,,,,,,,,,,,Jamia Masjid Bilal Community Centre,,,,,1 Willows Crescent
-2.156860828,53.61042643,*[1400WBrel]Jamia Masjid Chashtia Munir-ul-Islam. 49-53a Milkstone Road. 01706 650487,,,,,,,,,,,,,,Jamia Masjid Chashtia Munir-ul-Islam,,,,,49-53a Milkstone Road
-1.894560903,52.50776456,*[500WBrelPkstn]Jamia Masjid e Quba. 147-149 Fentham Road. ,,,,,,,,,,,,,,Jamia Masjid e Quba,,,,,147-149 Fentham Road
-2.124416828,52.5683127,*[200WBrelPkstn]Jamia Masjid Faridia. 1a Wanderers Avenue. 01902 331287,,,,,,,,,,,,,,Jamia Masjid Faridia,,,,,1a Wanderers Avenue
-1.887921095,52.50314481,*[200Brel]Jamia Masjid Ghausia. 237 Albert Road. 0121 328 1108,,,,,,,,,,,,,,Jamia Masjid Ghausia,,,,,237 Albert Road
-1.991030574,52.58749764,*[1900WBrelPkstn]Jamia Masjid Ghausia & Community Centre. 15 Birchills Street. 01922 640787,,,,,,,,,,,,,,Jamia Masjid Ghausia & Community Centre,,,,,15 Birchills Street
-1.6318506,53.68330139,*[1300WBrel]Jamia Masjid Ghosia. 21-27 Warren Street or 23-27 Warren Street or 13 Warren Stre.... 01924 462873,,,,,,,,,,,,,,Jamia Masjid Ghosia,,,,,21-27 Warren Street or 23-27 Warren Street or 13 Warren Stre
-0.02155289,51.57173268,*[4000WBrelPkstn]Jamia Masjid Ghosia. 439-451 Lea Bridge Road. 020 8539 4282,,,,,,,,,,,,,,Jamia Masjid Ghosia,,,,,439-451 Lea Bridge Road
-1.586022377,53.79567962,*[700WBrel]Jamia Masjid Ghousia. 7 Brooklyn Terrace. 0113 279 0172,,,,,,,,,,,,,,Jamia Masjid Ghousia,,,,,7 Brooklyn Terrace
-0.432063639,51.88721983,*[4500WBrelPkstn]Jamia Masjid Ghousia. 2-10 Westbourne Road. 01582 734988,,,,,,,,,,,,,,Jamia Masjid Ghousia,,,,,2-10 Westbourne Road
-2.210792,52.193508,*[650NoWBrelPkstn]Jamia Masjid Ghousia. Tallow Hill. 01905 20005,,,,,,,,,,,,,,Jamia Masjid Ghousia,,,,,Tallow Hill
-0.605561,51.50952,*[350Brel]Jamia Masjid Ghousiya. 35 Montem Lane. 01753 530562,,,,,,,,,,,,,,Jamia Masjid Ghousiya,,,,,35 Montem Lane
-2.507457733,52.69841894,*[100Brel]Jamia Masjid Gousia. 44 Regent Street. 01952 261436,,,,,,,,,,,,,,Jamia Masjid Gousia,,,,,44 Regent Street
-1.840295792,52.4263078,*[100BrelPkstn]Jamia Masjid Hall Green. 1 Wycombe Road. 0121 778 2200,,,,,,,,,,,,,,Jamia Masjid Hall Green,,,,,1 Wycombe Road
-1.76944,53.805699,*[1600WBrelPkstn]Jamia Masjid Hanfia Bradford. 1 Carlisle Road and 9 Ambler Street. 01274 492539,,,,,,,,,,,,,,Jamia Masjid Hanfia Bradford,,,,,1 Carlisle Road and 9 Ambler Street
-0.483221412,52.13261215,*[220WBrelPkstn]Jamia Masjid Hanfia Ghousia. 75a Ford End Road. 01234 346516,,,,,,,,,,,,,,Jamia Masjid Hanfia Ghousia,,,,,75a Ford End Road
-2.241688371,53.79859778,*[600WMaudPkstn]Jamia Masjid Ibrahim. 25 Elm Street and 2 Clegg Street. 01282 436101,,,,,,,,,,,,,,Jamia Masjid Ibrahim,,,,,25 Elm Street and 2 Clegg Street
-1.674621105,53.70849751,"*[500BrelPkstn]Jamia Masjid Kanzul Iman and Madrassah Faizan-e-Attar. 15 Royle Fold, Albion Street. 01924 409786",,,,,,,,,,,,,,Jamia Masjid Kanzul Iman and Madrassah Faizan-e-Attar,,,,,"15 Royle Fold, Albion Street"
-2.171881199,53.85584897,*[150WBrelPkstn]Jamia Masjid Madina. 3-5 Chapel Street. 01282 860196,,,,,,,,,,,,,,Jamia Masjid Madina,,,,,3-5 Chapel Street
-2.211341858,53.83370753,*[500WBrel]Jamia Masjid Minhaj ul Quran. 42 Brunswick Street. 01282 697575,,,,,,,,,,,,,,Jamia Masjid Minhaj ul Quran,,,,,42 Brunswick Street
0.04376024,51.53110017,*[370WBrelPkstn]Jamia Masjid Mohi-ul-Islam Siddiquia. 120-124 Barking Road. 020 8471 2848,,,,,,,,,,,,,,Jamia Masjid Mohi-ul-Islam Siddiquia,,,,,120-124 Barking Road
-1.896944046,52.50277909,*[1100WBrelPkstn]Jamia Masjid Mohul Islam. 12-14 Victoria Road. 0121 551 8821,,,,,,,,,,,,,,Jamia Masjid Mohul Islam,,,,,12-14 Victoria Road
-1.629238129,53.71068832,*[600WBrelPkstn]Jamia Masjid Muhammadia Ghausia. 1 Whitaker Street. 01924 472215,,,,,,,,,,,,,,Jamia Masjid Muhammadia Ghausia,,,,,1 Whitaker Street
-1.776432395,53.8023743,*[300SufiPkstn]Jamia Masjid Naqshbandia Aslamia. 63 Tile Street. 07800 798457,,,,,,,,,,,,,,Jamia Masjid Naqshbandia Aslamia,,,,,63 Tile Street
-1.835666299,52.49452327,*[200SufiPkstn]Jamia Masjid Naqshbandia Aslamia & Community Centre. 556 Washwood Heath Road. ,,,,,,,,,,,,,,Jamia Masjid Naqshbandia Aslamia & Community Centre,,,,,556 Washwood Heath Road
-1.93781,52.308685,*[300NoWBrelPkstn]Jamia Masjid Noor. 28 Easemore Road. 01527 563834,,,,,,,,,,,,,,Jamia Masjid Noor,,,,,28 Easemore Road
-1.460983157,53.4036637,"*[500Brel]Jamia Masjid Noor. Norbury Hall, Barnsley Road. 0114 244 7253",,,,,,,,,,,,,,Jamia Masjid Noor,,,,,"Norbury Hall, Barnsley Road"
-2.2880584,53.59370831,*[550WBrel]Jamia Masjid Noor-ul-Islam. 2-4 Yarwood Street. 0161 705 2891,,,,,,,,,,,,,,Jamia Masjid Noor-ul-Islam,,,,,2-4 Yarwood Street
-2.695885599,53.76587168,*[200NoWBrelPkstn]Jamia Masjid Raza. 103-105 St Pauls Road. 01772 203578,,,,,,,,,,,,,,Jamia Masjid Raza,,,,,103-105 St Pauls Road
-2.123048902,52.48319675,*[300BrelPkstn]Jamia Masjid Rizvia. 7 Albion Street. 07969 840232,,,,,,,,,,,,,,Jamia Masjid Rizvia,,,,,7 Albion Street
-2.104219794,53.53744461,*[Sufi]Jamia Masjid Saifiya. 120 Waterloo Street. ,,,,,,,,,,,,,,Jamia Masjid Saifiya,,,,,120 Waterloo Street
-1.72110647,53.80686005,*[300BrelPkstn]Jamia Masjid Sayyidah Aminah. 117 Fagley Road. 07966 679504,,,,,,,,,,,,,,Jamia Masjid Sayyidah Aminah,,,,,117 Fagley Road
-2.23487556,53.82452597,*[450WBrelPkstn]Jamia Masjid Sultania. 3-7 Bridge Street. 01282 692764,,,,,,,,,,,,,,Jamia Masjid Sultania,,,,,3-7 Bridge Street
-1.125677526,52.9511234,*[600WBrelPkstn]Jamia Masjid Sultania. 56-58 Thurgarton Street. 0115 911 7601,,,,,,,,,,,,,,Jamia Masjid Sultania,,,,,56-58 Thurgarton Street
-1.735201478,53.79452624,*[300NoWBrelPkstn]Jamia Masjid Tabligh-ul-Islam. 2 Browning Street. 01274 732958,,,,,,,,,,,,,,Jamia Masjid Tabligh-ul-Islam,,,,,2 Browning Street
-2.965750694,56.4664454,*[750WBrel]Jamia Masjid Tajdare Madina. 2 Wellington Street and 96a Victoria Road. 01382 224817,,,,,,,,,,,,,,Jamia Masjid Tajdare Madina,,,,,2 Wellington Street and 96a Victoria Road
-1.78947866,53.64642176,*[350NoWDeob]Jamia Masjid Usman. 32 Upper George Street. 01484 420029,,,,,,,,,,,,,,Jamia Masjid Usman,,,,,32 Upper George Street
-0.474400967,51.50955086,*[150BrelPkstn]Jamia Masjid West Drayton. 1 Colham Mill Road. ,,,,,,,,,,,,,,Jamia Masjid West Drayton,,,,,1 Colham Mill Road
-1.714650393,53.79967501,*[300BrelPkstn]Jamia Masjid Ya Rasoolallah And Islamic Educational Cultural Centre. 84 Leeds Old Road. ,,,,,,,,,,,,,,Jamia Masjid Ya Rasoolallah And Islamic Educational Cultural Centre,,,,,84 Leeds Old Road
-1.101261377,52.62715329,*[700BrelPkstn]Jamia Masjid-e-Bilal. 62 Evington Valley Road and 81 Chesterfield Road. 0116 249 0887,,,,,,,,,,,,,,Jamia Masjid-e-Bilal,,,,,62 Evington Valley Road and 81 Chesterfield Road
-2.237520218,53.80121001,*[600NoWDeobMix]Jamia Masjid-e-Farooq-e-Azam Mosque. North Street. 01282 422321,,,,,,,,,,,,,,Jamia Masjid-e-Farooq-e-Azam Mosque,,,,,North Street
-2.287092805,53.59218642,*[1200WDeob]Jamia Masjid-e-Khizra and Islamic Centre. 21-25 Parker Street. 0161 763 6884,,,,,,,,,,,,,,Jamia Masjid-e-Khizra and Islamic Centre,,,,,21-25 Parker Street
-1.105467081,52.63703148,*[3200NoWDeobGujrti]Jamia Mosque. 51 Asfordby Street. 0116 262 1963,,,,,,,,,,,,,,Jamia Mosque,,,,,51 Asfordby Street
-2.243211865,53.51052565,*[2000WBrelPkstn]Jamia Mosque. 3 Woodlands Road. 0161 740 3696,,,,,,,,,,,,,,Jamia Mosque,,,,,3 Woodlands Road
-2.991687655,51.58115323,*[350WBrelPkstn]Jamia Mosque. 183-186 Commercial Road. 01633 662096,,,,,,,,,,,,,,Jamia Mosque,,,,,183-186 Commercial Road
-2.095089555,53.53588881,*[500Sufi]Jamia Mosque & Darul Aloom Naqshbandia. 3 Pitt Street East. ,,,,,,,,,,,,,,Jamia Mosque & Darul Aloom Naqshbandia,,,,,3 Pitt Street East
-1.865690947,52.45536214,*[2300WBrel]Jamia Mosque Amir-e-Millat. 20-21 Shakespeare Street. 0121 773 5966,,,,,,,,,,,,,,Jamia Mosque Amir-e-Millat,,,,,20-21 Shakespeare Street
-1.556501985,54.52979688,*[200NoWDeobBangla]Jamia Mosque and Islamic Society of Darlington. 25-26 North Lodge Terrace. 01325 250839,,,,,,,,,,,,,,Jamia Mosque and Islamic Society of Darlington,,,,,25-26 North Lodge Terrace
-1.502723694,52.41760576,*[1000NoWBrelPkstn]Jamia Mosque Eagle Street. Eagle Street. 024 7622 2169,,,,,,,,,,,,,,Jamia Mosque Eagle Street,,,,,Eagle Street
-1.850907952,52.48690126,*[200NoWBrelPkstn]Jamia Mosque Farooq-e-Azam Madrasa Ghousia. 74 College Road. 0121 326 4971,,,,,,,,,,,,,,Jamia Mosque Farooq-e-Azam Madrasa Ghousia,,,,,74 College Road
-1.449696422,53.40823038,*[850WBrelPkstn]Jamia Mosque Ghausia. Firth Park Road. 0114 261 0551,,,,,,,,,,,,,,Jamia Mosque Ghausia,,,,,Firth Park Road
-1.422493458,53.38731175,*[250WBrelPkstn]Jamia Mosque Gulzar-e-Habib and Education Centre. 46-48 Ribstone Road. 0114 244 9801,,,,,,,,,,,,,,Jamia Mosque Gulzar-e-Habib and Education Centre,,,,,46-48 Ribstone Road
-2.132087946,53.53439672,*[200WMaud]Jamia Mosque Noor-ul-Islam. 44-46 Manchester Road. 0161 284 5913,,,,,,,,,,,,,,Jamia Mosque Noor-ul-Islam,,,,,44-46 Manchester Road
-2.235589027,53.82323405,*[2400WBrelPkstn]Jamia Mosque Sultania & Education Centre. Sackville Street. 01282 692764,,,,,,,,,,,,,,Jamia Mosque Sultania & Education Centre,,,,,Sackville Street
-1.776443124,53.81008785,"*[1100WBrelPkstn]Jamia Mosque Tablighul Islam. former St Lukes Church Hall, Victor Street. 01274 200063",,,,,,,,,,,,,,Jamia Mosque Tablighul Islam,,,,,"former St Lukes Church Hall, Victor Street"
-1.722916961,53.79472903,*[300Brel]Jamia Muhammadia. 92-96 Lapage Street. ,,,,,,,,,,,,,,Jamia Muhammadia,,,,,92-96 Lapage Street
-1.47875011,52.90469609,*[220WSufi]Jamia Nizamia Education Centre. 24 Goodale Street. 01332 200510,,,,,,,,,,,,,,Jamia Nizamia Education Centre,,,,,24 Goodale Street
-1.673784256,53.67850057,*[70NoWIrregDeob]Jamia Noor ul Qur'an. 80 The Crescent. 07812 154114,,,,,,,,,,,,,,Jamia Noor ul Qur'an,,,,,80 The Crescent
0.089966654,51.55878759,*[70BrelPkstn]Jamia Noor ul Quran and Community Centre. 208 Green Lane. 020 8262 5931,,,,,,,,,,,,,,Jamia Noor ul Quran and Community Centre,,,,,208 Green Lane
0.0992894,51.5242411,"*[150NoWPkstn]Jamia Noor-ul-Huda. Unit 4, Firtree House, 4 Creek Road. 07838 167877",,,,,,,,,,,,,,Jamia Noor-ul-Huda,,,,,"Unit 4, Firtree House, 4 Creek Road"
-1.832925081,52.48920254,*[100Brel]Jamia Qadria Naushahia Islamic Centre. 71-73 Sladefield Road. ,,,,,,,,,,,,,,Jamia Qadria Naushahia Islamic Centre,,,,,71-73 Sladefield Road
-2.111003472,53.52953316,*[300BrelPkstn]Jamia Qasmia Zahidia Islamic Centre. 20 Villa Road. ,,,,,,,,,,,,,,Jamia Qasmia Zahidia Islamic Centre,,,,,20 Villa Road
-2.271686196,53.45080669,*[250WBrelPkstn]Jamia Rasoolia Islamic Centre. 250 Upper Chorlton Road. 0161 881 2680,,,,,,,,,,,,,,Jamia Rasoolia Islamic Centre,,,,,250 Upper Chorlton Road
-0.779750347,51.6285772,*[600WBrelPkstn]Jamia Rehmania. 103 Rutland Avenue. 01494 539406,,,,,,,,,,,,,,Jamia Rehmania,,,,,103 Rutland Avenue
-1.245832443,54.56804381,*[Brel]Jamia Rizvia Mohi-ul-Islam. 1 Aire Street. ,,,,,,,,,,,,,,Jamia Rizvia Mohi-ul-Islam,,,,,1 Aire Street
-1.485992,53.681522,*[300WBrelPkstn]Jamia Sawfia Masjid. Park Hill Lane. 01942 291371,,,,,,,,,,,,,,Jamia Sawfia Masjid,,,,,Park Hill Lane
-2.093866468,53.5329237,*[400Brel]Jamia Shamsia Qamrul Uloom Educational and Cultural Center (sic). 102 Abbey Hills Road. 0161 676 8795,,,,,,,,,,,,,,Jamia Shamsia Qamrul Uloom Educational and Cultural Center (sic),,,,,102 Abbey Hills Road
-1.762577,53.801301,*[400BrelPkstn]Jamia Shan-e-Islam. 39 Bowland Street. 01274 732097,,,,,,,,,,,,,,Jamia Shan-e-Islam,,,,,39 Bowland Street
-1.774089485,53.8219231,*[100Brel]Jamia Shan-e-Islam Welfare & Education Centre. 80 Beamsley Road. 0274 498204,,,,,,,,,,,,,,Jamia Shan-e-Islam Welfare & Education Centre,,,,,80 Beamsley Road
-1.784547418,53.78091604,*[200WIrregBrelPkstn]Jamia Siddiqui Educational Centre. Paternoster Lane. 01274 504880,,,,,,,,,,,,,,Jamia Siddiqui Educational Centre,,,,,Paternoster Lane
-1.118143201,52.62896858,*[200WBrelMix]Jamia Sufiya. 44 Highfield Street. 0116 255 3926,,,,,,,,,,,,,,Jamia Sufiya,,,,,44 Highfield Street
-1.114919186,53.51537749,*[250NoWBrelPkstn]Jamia Sultania. 26a Thorsby Avenue. 01302 327103,,,,,,,,,,,,,,Jamia Sultania,,,,,26a Thorsby Avenue
-1.517400071,53.8173396,*[200]Jamia Tul Batool. 7 Beck Road. ,,,,,,,,,,,,,,Jamia Tul Batool,,,,,7 Beck Road
-1.169626862,52.96366594,*[200WSalf]Jamia Ummah. Rear of 39 Radford Road. ,,,,,,,,,,,,,,Jamia Ummah,,,,,Rear of 39 Radford Road
-1.782950163,53.81272124,*[200BrelPkstn]Jamia Usmania. 394 Heaton Road. 07866 311213,,,,,,,,,,,,,,Jamia Usmania,,,,,394 Heaton Road
-1.758348942,53.80070152,"*[Deob]Jamiah Khatamun Nabiyeen Society. 15-17 Spring Gardens and Clifton Street, Manningham Lane. 01274 733150",,,,,,,,,,,,,,Jamiah Khatamun Nabiyeen Society,,,,,"15-17 Spring Gardens and Clifton Street, Manningham Lane"
0.023914576,51.5282051,*[300NoWDeobBangla]Jamiah Madinatul Uloom UK. 163-165 Balaam Street. 020 8472 7001,,,,,,,,,,,,,,Jamiah Madinatul Uloom UK,,,,,163-165 Balaam Street
-1.368468404,53.43143354,*[700WBrel]Jamiah Masjid Anwar-e-Mustafa. 112-114a College Road. not known,,,,,,,,,,,,,,Jamiah Masjid Anwar-e-Mustafa,,,,,112-114a College Road
-1.908740401,53.8732254,*[500WSalf]Jamiah Muhammadi Masjid. 2 East Avenue. 01535 681917,,,,,,,,,,,,,,Jamiah Muhammadi Masjid,,,,,2 East Avenue
-1.641739905,52.81267449,*[200WSalfPkstn]Jamiat Ahle-e-Hadith Masjid. 7-10 York Street. 01283 512026,,,,,,,,,,,,,,Jamiat Ahle-e-Hadith Masjid,,,,,7-10 York Street
-2.378853858,53.75283278,*[200Salf]Jamiat Ahl-e-Hadith. 2 Park Road. 01254 237974,,,,,,,,,,,,,,Jamiat Ahl-e-Hadith,,,,,2 Park Road
-1.125933677,52.95286705,*[100SalfPkstn]Jamiat Ahl-e-Hadith. 7 Dale Grove. ,,,,,,,,,,,,,,Jamiat Ahl-e-Hadith,,,,,7 Dale Grove
-0.949362,51.453936,*[250WSalfPkstn]Jamiat Ahl-e-Hadith (Reading Branch). 32 Cumberland Road. 01189 669247,,,,,,,,,,,,,,Jamiat Ahl-e-Hadith (Reading Branch),,,,,32 Cumberland Road
-1.76196456,53.80318531,*[650WBrel]Jamiat Tableeghul Islam. 187 Manningham Lane. 07575 886467,,,,,,,,,,,,,,Jamiat Tableeghul Islam,,,,,187 Manningham Lane
-1.784570217,53.80562303,*[1000NoWBrelPkstn]Jamiat Tablighul Islam Mosque. 133 Toller Lane. 01274 732958,,,,,,,,,,,,,,Jamiat Tablighul Islam Mosque,,,,,133 Toller Lane
-1.850865036,52.46484684,*[440WDeobPkstn]Jamiat ul Muslimin. 28 Tennyson Road. 0121 773 6094,,,,,,,,,,,,,,Jamiat ul Muslimin,,,,,28 Tennyson Road
-1.828899086,52.48986072,*[300DeobPkstn]Jamiat us-Salam. 818 Alum Rock Road. 0121 328 5697,,,,,,,,,,,,,,Jamiat us-Salam,,,,,818 Alum Rock Road
-2.46370554,53.75508947,*[300Deob]Jamiatul-Ilm Wal-Huda UK. 15 Moss Street. 01254 673105,,,,,,,,,,,,,,Jamiatul-Ilm Wal-Huda UK,,,,,15 Moss Street
-1.811453394,53.77655476,*[200WDeobGujrti]Jamiat-ul-Imam Muhammad Zakaria. Thornton View Road. 01274 815522,,,,,,,,,,,,,,Jamiat-ul-Imam Muhammad Zakaria,,,,,Thornton View Road
-2.600688636,53.38736694,*[400WBrel]Jamiat-ul-Muslimeen Jamia Masjid. 19-21 Arpley Street. n/a,,,,,,,,,,,,,,Jamiat-ul-Muslimeen Jamia Masjid,,,,,19-21 Arpley Street
-1.765086651,53.77444474,*[270WSalf]Jamiyat Ahl-e-Hadith. 49 Hastings Street. 01274 725163,,,,,,,,,,,,,,Jamiyat Ahl-e-Hadith,,,,,49 Hastings Street
-1.772859693,53.82125811,*[500WBrelPkstn]Jamiyat Tabligh ul Islam. 54 Aireville Road. 01274 732958,,,,,,,,,,,,,,Jamiyat Tabligh ul Islam,,,,,54 Aireville Road
-1.763289571,53.77685084,*[525WBrelPkstn]Jamiyat Tabligh ul Islam. 1-3 Burnett Place. 01274 732958,,,,,,,,,,,,,,Jamiyat Tabligh ul Islam,,,,,1-3 Burnett Place
-1.735662818,53.78251526,*[200NoWBrelPkstn]Jamiyat Tabligh ul Islam. 45 Coventry Street. 01274 732958,,,,,,,,,,,,,,Jamiyat Tabligh ul Islam,,,,,45 Coventry Street
-1.787745953,53.80009639,*[500WBrelPkstn]Jamiyat Tabligh ul Islam. 28a Hoxton Street. 01274 729087,,,,,,,,,,,,,,Jamiyat Tabligh ul Islam,,,,,28a Hoxton Street
-1.78871423,53.80742786,*[350WBrelPkstn]Jamiyat Tabligh ul Islam. 13 Jesmond Avenue. 01274 732958,,,,,,,,,,,,,,Jamiyat Tabligh ul Islam,,,,,13 Jesmond Avenue
-1.77126646,53.79092964,*[2820WBrelPkstn]Jamiyat Tabligh ul Islam. 28 Shearbridge Road. 01274 732958,,,,,,,,,,,,,,Jamiyat Tabligh ul Islam,,,,,28 Shearbridge Road
-1.789644957,53.78782634,*[100Brel]Jamiyat Tabligh ul Islam. Northside Terrace. ,,,,,,,,,,,,,,Jamiyat Tabligh ul Islam,,,,,Northside Terrace
-1.758971214,53.77678427,*[1050WBrelPkstn]Jamiyat Tabligh ul Islam Madressa. 87-89 Ryan Street. 01274 732958,,,,,,,,,,,,,,Jamiyat Tabligh ul Islam Madressa,,,,,87-89 Ryan Street
-1.822634786,53.8004931,*[200BrelPkstn]Jamiyat Tabligh-ul-Islam. 91 Saffron Drive. ,,,,,,,,,,,,,,Jamiyat Tabligh-ul-Islam,,,,,91 Saffron Drive
-1.737020016,53.79705793,*[5200WBrelPkstn]Jamiyat Tabligh-ul-Islam. circa 177 Barkerend Road. 01274 722876,,,,,,,,,,,,,,Jamiyat Tabligh-ul-Islam,,,,,circa 177 Barkerend Road
-2.10200429,53.53907368,*[2500WBrelPkstn]Jamiyat Tabligh-ul-Islam Greengate. 87 Greengate Street. 0161 624 1708,,,,,,,,,,,,,,Jamiyat Tabligh-ul-Islam Greengate,,,,,87 Greengate Street
-1.807422638,53.81671689,*[500BrelPkstn]Jamiyat Tabligh-ul-Islam Haworth Road. Haworth Road. ,,,,,,,,,,,,,,Jamiyat Tabligh-ul-Islam Haworth Road,,,,,Haworth Road
-1.760489345,53.79791341,*[3800WBrelPkstn]Jamiyat Tabligh-ul-Islam Mosque. 9 Darfield Street. 01274 732958,,,,,,,,,,,,,,Jamiyat Tabligh-ul-Islam Mosque,,,,,9 Darfield Street
-1.430770755,53.39426977,*[830WBrelPkstn]Jamiyate Tablige Islam Masjid. 30 Bodmin Street. 0114 244 5618,,,,,,,,,,,,,,Jamiyate Tablige Islam Masjid,,,,,30 Bodmin Street
-1.890297532,53.72097406,*[300Brel]Jammiah Mohammadiyah Nooriah Halifax. 29 Gibraltar Road. ,,,,,,,,,,,,,,Jammiah Mohammadiyah Nooriah Halifax,,,,,29 Gibraltar Road
-2.112660627,49.18898947,"*[40WNJ]Jersey Mussalla. Doner King / Turkish Kitchen, 13 Cheapside. 07797 836757",,,,,,,,,,,,,,Jersey Mussalla,,,,,"Doner King / Turkish Kitchen, 13 Cheapside"
-1.86276868,52.48480643,"*[500BrelPkstn]Kanz ul Huda Masjid. Unit 7-8, Saltley Industrial Centre, Adderley Road. 07815 690932",,,,,,,,,,,,,,Kanz ul Huda Masjid,,,,,"Unit 7-8, Saltley Industrial Centre, Adderley Road"
-2.057822943,52.52304629,*[200BrelPkstn]Kanz ul Iman Central Jamia Mosque. Binfield Street. 0121 520 7869,,,,,,,,,,,,,,Kanz ul Iman Central Jamia Mosque,,,,,Binfield Street
-1.985588372,52.59232091,"*[400BrelPkstn]Karimia Institute. Phoenix Business Park, 150 Stafford Street. ",,,,,,,,,,,,,,Karimia Institute,,,,,"Phoenix Business Park, 150 Stafford Street"
-1.166111827,52.97026577,*[300BrelPkstn]Karimia Mosque and Institute. 141-143 Berridge Road. 0115 942 0588,,,,,,,,,,,,,,Karimia Mosque and Institute,,,,,141-143 Berridge Road
-1.902288348,53.87057417,*[1300WBrelPkstn]Keighley Markazi Jamia Mosque. 75 Emily Street. 01535 607039,,,,,,,,,,,,,,Keighley Markazi Jamia Mosque,,,,,75 Emily Street
0.535894632,51.37836367,*[270NoWDeobBangla]Kent Islamic Centre Mosque. 22a Chatham Hill. 01634 831673,,,,,,,,,,,,,,Kent Islamic Centre Mosque,,,,,22a Chatham Hill
-0.727527738,52.38850361,*[150WDeob]Kettering Muslim Community Centre. 123 Headlands. 01536 523812,,,,,,,,,,,,,,Kettering Muslim Community Centre,,,,,123 Headlands
-2.20887959,53.43278864,*[800NoWSufi]Khanqah Naqshbandia Mujaddidia. 181a Mauldeth Road. 0161 257 2424,,,,,,,,,,,,,,Khanqah Naqshbandia Mujaddidia,,,,,181a Mauldeth Road
-2.463761866,53.7585591,*[400NoWDeobPkstn]Khanqua. Robinson Street. 07863 077907,,,,,,,,,,,,,,Khanqua,,,,,Robinson Street
-1.870863587,52.47721547,*[150Deob]Khatam-e-Nabuwat Education Centre. St Andrews Street. 0121 772 4054,,,,,,,,,,,,,,Khatam-e-Nabuwat Education Centre,,,,,St Andrews Street
-0.118965358,51.4677145,*[500WDeobPkstn]Khatemun-Nabeyeen Mosque. 35 Stockwell Green. none working,,,,,,,,,,,,,,Khatemun-Nabeyeen Mosque,,,,,35 Stockwell Green
0.037330985,51.5419246,*[60NoWDeob]Khatme-Nubuwwat Academy. 387 Katherine Road. 020 8471 4434,,,,,,,,,,,,,,Khatme-Nubuwwat Academy,,,,,387 Katherine Road
0.010675192,51.54086529,*[150NoWDeobBangla]Khidmah Academy. 47 Vicarage Lane. 020 8522 6665,,,,,,,,,,,,,,Khidmah Academy,,,,,47 Vicarage Lane
-2.275485545,51.83323088,"[200WShia]Khoja Shi'a Muslim Community of Gloucester. Wainsbridge, 69 Bristol Road. 01452 530337",,,,,,,,,,,,,,Khoja Shi'a Muslim Community of Gloucester,,,,,"Wainsbridge, 69 Bristol Road"
-2.245966494,52.39192964,*[200NoWDeobBangla]Kidderminster Madani Masjid. 2 Radford Avenue. 01562 822613,,,,,,,,,,,,,,Kidderminster Madani Masjid,,,,,2 Radford Avenue
-0.199046731,51.54255183,*[NoWDeobBangla]Kilburn & Hampstead Islamic Centre. 233-235 Kilburn High Road. 07947 107076,,,,,,,,,,,,,,Kilburn & Hampstead Islamic Centre,,,,,233-235 Kilburn High Road
-3.1730479,55.9231762,"[50WmultiStdnt]King's Buildings Prayer Room. Chaplaincy, Mary Brück Building, Colin MacLaurin Road. ",,,,,,,,,,,,,,King's Buildings Prayer Room,,,,,"Chaplaincy, Mary Brück Building, Colin MacLaurin Road"
-0.116681457,51.51178733,"[150WStdnt]Kings College London Islamic Society - Not open to public. Strand Campus, The Strand. ",,,,,,,,,,,,,,Kings College London Islamic Society - Not open to public,,,,,"Strand Campus, The Strand"
-0.121327043,51.52811666,"*[200WDeobBangla]Kings Cross Mosque and Islamic Cultural Centre . Basement, Sandfield, Cromer Street. 020 7837 5971",,,,,,,,,,,,,,Kings Cross Mosque and Islamic Cultural Centre ,,,,,"Basement, Sandfield, Cromer Street"
-0.297872722,51.4158346,*[900WDeobPkstn]Kingston Jamia Mosque. 55 East Road. 020 8549 5315,,,,,,,,,,,,,,Kingston Jamia Mosque,,,,,55 East Road
-3.155130744,56.11737316,*[160WDeob]Kirkcaldy Islamic Centre. 1 St Marys Road. 01592 562679,,,,,,,,,,,,,,Kirkcaldy Islamic Centre,,,,,1 St Marys Road
-1.124580503,52.61266407,"*[50NoW]Knighton Community and Education Centre. 2a Keble House, 355 Welford Road. 07927 386133",,,,,,,,,,,,,,Knighton Community and Education Centre,,,,,"2a Keble House, 355 Welford Road"
-0.427148491,51.88582754,"*[250WGujrti]Kokni Community Centre Masjid and Madressa. Units 2 and 3, Bury Park Estate, Bury Park Road. 01582 454485",,,,,,,,,,,,,,Kokni Community Centre Masjid and Madressa,,,,,"Units 2 and 3, Bury Park Estate, Bury Park Road"
-1.648474932,54.97054762,*[120WDeobTurk]Kotku Mosque. 35 Grainger Park Road. 0191 273 9000,,,,,,,,,,,,,,Kotku Mosque,,,,,35 Grainger Park Road
-2.193105118,53.04215343,*[200]Kurdish Islamic Center And Masjid Salahuddin. 87-89 Waterloo Road. 07753 321642,,,,,,,,,,,,,,Kurdish Islamic Center And Masjid Salahuddin,,,,,87-89 Waterloo Road
-2.209058397,53.83247693,*[500BrelPkstn]Labbayk Ya Rasool Masjid. 39 Brunswick Street. ,,,,,,,,,,,,,,Labbayk Ya Rasool Masjid,,,,,39 Brunswick Street
0.179083049,51.52361266,*[50WArabMix]LAF Centre. 179 New Road. ,,,,,,,,,,,,,,LAF Centre,,,,,179 New Road
-0.11637032,51.46454888,*[200WDeobMix]Lambeth Islamic Cultural Centre. 30 Bellefields Road. not known,,,,,,,,,,,,,,Lambeth Islamic Cultural Centre,,,,,30 Bellefields Road
-0.101158172,51.46650977,*[100WDeobBangla]Lambeth Masjid and Progressive Community Centre. 194 Coldharbour Lane. ,,,,,,,,,,,,,,Lambeth Masjid and Progressive Community Centre,,,,,194 Coldharbour Lane
-2.496986389,53.76382962,*[30Deob]Lammack Prayer Room. 7 Whinney Lane. ,,,,,,,,,,,,,,Lammack Prayer Room,,,,,7 Whinney Lane
-4.077150822,52.11490614,*[Stdnt]Lampeter University Mosque. College Street. ,,,,,,,,,,,,,,Lampeter University Mosque,,,,,College Street
-0.018292666,51.5151625,*[400NoWDeobBangla]Lansbury Masjid. 20 Alton Street. ,,,,,,,,,,,,,,Lansbury Masjid,,,,,20 Alton Street
-0.29484719,51.7228446,*[100]LCB Mosque & Islamic Centre. 149a High Street. ,,,,,,,,,,,,,,LCB Mosque & Islamic Centre,,,,,149a High Street
-0.469070077,51.90028223,*[200DeobPkstn]Leagrave Hall Masjid. 145 High Street. 01582 594885,,,,,,,,,,,,,,Leagrave Hall Masjid,,,,,145 High Street
-1.567928195,53.80634054,*[900WSalf]Leeds Grand Mosque. 9 Woodsley Road and 2 Hyde Park Road. 0113 246 8789,,,,,,,,,,,,,,Leeds Grand Mosque,,,,,9 Woodsley Road and 2 Hyde Park Road
-1.525710225,53.81309053,*[1000WDeob]Leeds Islamic Centre. 46-48 Spencer Place. 0113 262 1300,,,,,,,,,,,,,,Leeds Islamic Centre,,,,,46-48 Spencer Place
-1.544962,53.803802,"[Stdnt]Leeds Metropolitan University SU Islamic Society. 18, Queen Square. ",,,,,,,,,,,,,,Leeds Metropolitan University SU Islamic Society,,,,,"18, Queen Square"
-1.499420773,53.79634321,*[500Arab]Leeds Swahili Cultural Community. Osmondthorpe Lane. 07703 755520,,,,,,,,,,,,,,Leeds Swahili Cultural Community,,,,,Osmondthorpe Lane
-1.553087043,53.80398001,"*[Stdnt]Leeds University Union Islamic Society. University of Leeds,  Woodhouse Lane. ",,,,,,,,,,,,,,Leeds University Union Islamic Society,,,,,"University of Leeds, Woodhouse Lane"
-1.121479869,52.63209266,*[2700WBrel]Leicester Central Mosque. Conduit Street. 0116 254 4459,,,,,,,,,,,,,,Leicester Central Mosque,,,,,Conduit Street
-1.112580299,52.62939024,*[1200NoWBrelGujrti]Leicester Mosque. 2a Sutherland Street. 0116 285 4052,,,,,,,,,,,,,,Leicester Mosque,,,,,2a Sutherland Street
-1.093166471,52.65409654,*[200Shia]Leicester Muslim Shia Welfare Foundation. 95 Fairfax Road. 07973 695644,,,,,,,,,,,,,,Leicester Muslim Shia Welfare Foundation,,,,,95 Fairfax Road
-2.51416862,53.49808249,[100Maud]Leigh Masjid. Church Street and Vernon Street. 01942 704607,,,,,,,,,,,,,,Leigh Masjid,,,,,Church Street and Vernon Street
-1.171854436,52.95446681,*[200NoWBrelPkstn]Lenton Muslim Centre. 56-58 Rothsay Avenue. 0115 978 0468,,,,,,,,,,,,,,Lenton Muslim Centre,,,,,56-58 Rothsay Avenue
0.081174374,51.41652546,*[500Deob]Lewisham & Kent Islamic Centre (Chislehurst). Foxbury Avenue. 020 8295 0637,,,,,,,,,,,,,,Lewisham & Kent Islamic Centre (Chislehurst),,,,,Foxbury Avenue
-0.023683906,51.47436669,*[100NoWDeob]Lewisham Afghan Community Ltd. 4-16 Deptford Bridge. 07530 471114,,,,,,,,,,,,,,Lewisham Afghan Community Ltd,,,,,4-16 Deptford Bridge
-0.016527772,51.45187081,*[1850WSalf]Lewisham Islamic Centre. 363-365 Lewisham High Street. 020 8690 5090,,,,,,,,,,,,,,Lewisham Islamic Centre,,,,,363-365 Lewisham High Street
-0.029139519,51.47068442,"*[100NoWArab]Lewisham Way Islamic Centre. First Floor, 199 Lewisham Way. ",,,,,,,,,,,,,,Lewisham Way Islamic Centre,,,,,"First Floor, 199 Lewisham Way"
0.012710989,51.56813747,*[1000NoWDeobGujrti]Leytonstone Mosque. 9 Dacre Road. 020 8539 7251,,,,,,,,,,,,,,Leytonstone Mosque,,,,,9 Dacre Road
-1.822639,52.686786,*[230WDeobBangla]Lichfield Masjid & Islamic Centre. 9 Stowe Street. 01543 418587,,,,,,,,,,,,,,Lichfield Masjid & Islamic Centre,,,,,9 Stowe Street
-1.52832694,53.80440708,"*[500]Lincoln Green Mosque. The Cherry Tree, Cherry Row. 0113 244 8073",,,,,,,,,,,,,,Lincoln Green Mosque,,,,,"The Cherry Tree, Cherry Row"
-0.544504523,53.23057254,*[60WNJDeobMix]Lincoln Mosque and Islamic Association. Orchard Street. 01522 543103,,,,,,,,,,,,,,Lincoln Mosque and Islamic Association,,,,,Orchard Street
-0.552231967,53.21893593,*[500WDeobMix]Lincoln Mosque and Islamic Association. Dixon Street. 01522 543103,,,,,,,,,,,,,,Lincoln Mosque and Islamic Association,,,,,Dixon Street
-2.918726206,53.38900097,*[200WDeobPkstn]Liverpool Mosque & Islamic Institute. 8 Cramond Avenue. 0740 409 2888,,,,,,,,,,,,,,Liverpool Mosque & Islamic Institute,,,,,8 Cramond Avenue
-3.567638397,55.90111702,*[600WDeobPkstn]Livingston Mosque and Islamic Centre. 7 Main Street. ,,,,,,,,,,,,,,Livingston Mosque and Islamic Centre,,,,,7 Main Street
-0.0330823,51.51387556,"*[100Bangla]Locksley Lane Cultural Association and Mosque. Portakabin, Salmon Lane Service Road. ",,,,,,,,,,,,,,Locksley Lane Cultural Association and Mosque,,,,,"Portakabin, Salmon Lane Service Road"
-0.295743048,51.72415719,*[150WDeob]London Colney Islamic Centre. 174-174a High Street. 07415 777383,,,,,,,,,,,,,,London Colney Islamic Centre,,,,,174-174a High Street
-0.109069347,51.58730642,*[1500WDeob]London Islamic Cultural Centre. 389-395 Wightman Road. 020 8348 0353,,,,,,,,,,,,,,London Islamic Cultural Centre,,,,,389-395 Wightman Road
-0.07327795,51.5153194,"[Stdnt]London Metropolitan University Islamic Society (City Campus). Prayer room (City campus), Level 5, room 512, Calcutta House.... ",,,,,,,,,,,,,,London Metropolitan University Islamic Society (City Campus),,,,,"Prayer room (City campus), Level 5, room 512, Calcutta House"
-0.110237,51.551819,"[Stdnt]London Metropolitan University Islamic Society (North Campus). Prayer Room, Spirituality Centre. ",,,,,,,,,,,,,,London Metropolitan University Islamic Society (North Campus),,,,,"Prayer Room, Spirituality Centre"
-0.117137432,51.51484869,"*[60WStdnt]London School of Economics Islamic Society. Lincoln's Inn Chambers, LSE Building 'L', Portsmouth Street. ",,,,,,,,,,,,,,London School of Economics Islamic Society,,,,,"Lincoln's Inn Chambers, LSE Building 'L', Portsmouth Street"
-0.101597,51.498093,"[60Stdnt]London South Bank University Islamic Society . Borough Road Building, Borough Road and Keyworth Street or R.... 020 7815 6060",,,,,,,,,,,,,,London South Bank University Islamic Society ,,,,,"Borough Road Building, Borough Road and Keyworth Street or R"
-1.277239099,52.90096943,*[40WIrregDeob]Long Eaton Masjid. 68 Derby Road. ,,,,,,,,,,,,,,Long Eaton Masjid,,,,,68 Derby Road
-1.198099852,52.76949378,*[540WBangla]Loughborough Mosque and Islamic Cultural Association. 83-85 King Street. 01509 214500,,,,,,,,,,,,,,Loughborough Mosque and Islamic Cultural Association,,,,,83-85 King Street
-1.227234006,52.76541712,"*[Stdnt]Loughborough Students Union Islamic Society. Brockington Building, University of Loughborough. ",,,,,,,,,,,,,,Loughborough Students Union Islamic Society,,,,,"Brockington Building, University of Loughborough"
0.079201609,51.55236786,*[80NoWDeobPkstn]Loxford Muslim Society and Education Centre. 117 Hampton Road. 07903 162740,,,,,,,,,,,,,,Loxford Muslim Society and Education Centre,,,,,117 Hampton Road
-1.913659573,52.50317747,*[2200WBrelPkstn]Lozells Central Mosque. 213-217 Lozells Road. 0121 523 0810,,,,,,,,,,,,,,Lozells Central Mosque,,,,,213-217 Lozells Road
-1.909528971,52.5012541,*[100DeobBangla]Lozells Islamic Centre. 258 Burbury Street. 0121 551 7753,,,,,,,,,,,,,,Lozells Islamic Centre,,,,,258 Burbury Street
-0.428654552,51.88659405,*[550WSalf]Luton Islamic Centre. 116 Bury Park Road. 01582 724647,,,,,,,,,,,,,,Luton Islamic Centre,,,,,116 Bury Park Road
-0.420830548,51.87657708,*[50WSufiTurk]Luton Turkish Education & Culture Trust. 58 Dumfries Street. 01582 483488,,,,,,,,,,,,,,Luton Turkish Education & Culture Trust,,,,,58 Dumfries Street
-3.010948,53.7538106,*[Deob]Lytham St. Annes Islamic Community Centre. 11 Moorland Road. 07949 165575,,,,,,,,,,,,,,Lytham St,,,,,Annes Islamic Community Centre
-4.26880002,55.87514974,*[700WSalf]MAB Centre. 10 Grovepark Place and 170-188 North Woodside Road. 07830 247973,,,,,,,,,,,,,,MAB Centre,,,,,10 Grovepark Place and 170-188 North Woodside Road
-1.119969785,52.63942092,*[300NoWNJDeobGujrti]Madani Education Centre. 60 Malabar Road. 0116 262 9789,,,,,,,,,,,,,,Madani Education Centre,,,,,60 Malabar Road
-2.690902054,53.76473492,*[200BrelPkstn]Madani Institute Preston. 98 Deepdale Road. ,,,,,,,,,,,,,,Madani Institute Preston,,,,,98 Deepdale Road
-2.526412904,51.47279625,"*[140WBrelPkstn]Madani Jamia Masjid. Siddique House, 250 Lodge Causeway. 07788 171704",,,,,,,,,,,,,,Madani Jamia Masjid,,,,,"Siddique House, 250 Lodge Causeway"
-1.099839807,52.62854692,*[300DeobGujrti]Madani Masjid. 77 Evington Valley Road. 0116 249 8080,,,,,,,,,,,,,,Madani Masjid,,,,,77 Evington Valley Road
-1.435984969,53.40727103,*[800WDeobPkstn]Madani Masjid. 22 Wincobank Lane. 0114 244 2998,,,,,,,,,,,,,,Madani Masjid,,,,,22 Wincobank Lane
-1.632971764,53.69379132,*[100Deob]Madina Academy. 5 Swindon Road. 01924 731007,,,,,,,,,,,,,,Madina Academy,,,,,5 Swindon Road
-1.377607361,52.53647127,*[100BrelBangla]Madina Community Centre. 102 Rugby Road. 07921 192864,,,,,,,,,,,,,,Madina Community Centre,,,,,102 Rugby Road
-2.155632377,53.62253593,*[40NoWPkstn]Madina Islamic Cultural (Studies) Centre. 35 Whitworth Road. ,,,,,,,,,,,,,,Madina Islamic Cultural (Studies) Centre,,,,,35 Whitworth Road
-0.369348228,51.46483796,*[200WBrel]Madina Islamic Mission and Islamic Centre. 86 Hibernia Road. 020 8814 0937,,,,,,,,,,,,,,Madina Islamic Mission and Islamic Centre,,,,,86 Hibernia Road
-0.019521117,51.48847986,*[125NoWDeobBangla]Madina Jame Masjid and Muslim Community Centre. 248 Westferry Road. 020 7537 2906,,,,,,,,,,,,,,Madina Jame Masjid and Muslim Community Centre,,,,,248 Westferry Road
-2.117362618,53.52915485,*[500Brel]Madina Jamia Masjid & Islamic Centre. 6 Clydesdale Street and Gainsborough Avenue. ,,,,,,,,,,,,,,Madina Jamia Masjid & Islamic Centre,,,,,6 Clydesdale Street and Gainsborough Avenue
-1.849361658,52.48856721,*[130WBrelPkstn]Madina Kashif-ul-Aloom. 239 Alum Rock Road. ,,,,,,,,,,,,,,Madina Kashif-ul-Aloom,,,,,239 Alum Rock Road
-2.465341687,53.69458799,*[150WDeobPkstn]Madina Masjid. 21-23 Victoria Street. ,,,,,,,,,,,,,,Madina Masjid,,,,,21-23 Victoria Street
-0.633972287,51.48142967,"*[300BrelPkstn]Madina Masjid. Unit 2, Shirley Avenue. ",,,,,,,,,,,,,,Madina Masjid,,,,,"Unit 2, Shirley Avenue"
-0.433396697,51.88446004,*[500WMaudPkstn]Madina Masjid. 126-130 Oak Road. 01582 727734,,,,,,,,,,,,,,Madina Masjid,,,,,126-130 Oak Road
-1.648743153,54.98014127,*[500NoWDeobPkstn]Madina Masjid. 4-36 Wingrove Gardens. 0191 273 8715,,,,,,,,,,,,,,Madina Masjid,,,,,4-36 Wingrove Gardens
-2.142543197,53.61186174,*[400WMaud]Madina Masjid. 20 Church Road. 01706 656911,,,,,,,,,,,,,,Madina Masjid,,,,,20 Church Road
-2.188072354,53.03556597,*[100NoWDeob]Madina Masjid. 273 Waterloo Road. 01782 261429,,,,,,,,,,,,,,Madina Masjid,,,,,273 Waterloo Road
-1.479485035,53.66874791,*[150NoWBrel]Madina Masjid. 82-84 St Catherine Street. 01924 256635,,,,,,,,,,,,,,Madina Masjid,,,,,82-84 St Catherine Street
-2.679088265,53.76118572,*[280NoWDeobGujrti]Madina Masjid. 27 William Henry Street. 01772 798847,,,,,,,,,,,,,,Madina Masjid,,,,,27 William Henry Street
-1.507803798,55.12602361,"*[200WDeobBangla]Madina Masjid & Community Centre. Old Church Hall, Marine Terrace East. 07977 105834",,,,,,,,,,,,,,Madina Masjid & Community Centre,,,,,"Old Church Hall, Marine Terrace East"
-2.121718526,53.54961806,*[500NoWSufiBangla]Madina Masjid & Islamic Centre. 29 Stansfield Street. 0161 678 6862,,,,,,,,,,,,,,Madina Masjid & Islamic Centre,,,,,29 Stansfield Street
0.050833225,51.53976926,*[300NoWDeobMix]Madina Masjid & Muslim Cultural Centre. 225 High Street North. 020 8472 3069,,,,,,,,,,,,,,Madina Masjid & Muslim Cultural Centre,,,,,225 High Street North
-1.237166226,51.74224387,*[520WDeobPkstn]Madina Masjid and Muslim Welfare House. 2 Stanley Road. 01865 243142,,,,,,,,,,,,,,Madina Masjid and Muslim Welfare House,,,,,2 Stanley Road
-1.896831393,52.43601543,*[150WDeob]Madina Mosque. 113-115 Station Road. 0121 444 8988,,,,,,,,,,,,,,Madina Mosque,,,,,113-115 Station Road
-1.861715913,52.48828302,*[500NoWDeobBangla]Madina Mosque. 150 Adderley Road. 0121 327 1123,,,,,,,,,,,,,,Madina Mosque,,,,,150 Adderley Road
-1.885877252,52.45628888,*[300NoWDeobBangla]Madina Mosque. 526-528 Moseley Road. 0121 446 4718,,,,,,,,,,,,,,Madina Mosque,,,,,526-528 Moseley Road
-2.47382015,53.75943915,*[300WBrelPkstn]Madina Mosque. 19-23 Oak Street. 01254 677448,,,,,,,,,,,,,,Madina Mosque,,,,,19-23 Oak Street
-0.323195458,51.06096622,*[200NoWDeobMix]Madina Mosque. 2 Park Terrace East. 01403 251504,,,,,,,,,,,,,,Madina Mosque,,,,,2 Park Terrace East
-2.4349536,53.58139309,*[100BrelPkstn]Madina Mosque. 128 St Georges Road. 01204 521691,,,,,,,,,,,,,,Madina Mosque,,,,,128 St Georges Road
-3.16445142,51.51707531,*[200BrelPkstn]Madina Mosque. 13 Lucas Street. ,,,,,,,,,,,,,,Madina Mosque,,,,,13 Lucas Street
-2.445675731,53.58296473,*[2000BrelPkstn]Madina Mosque. 3 Gower Street. 01204 520952,,,,,,,,,,,,,,Madina Mosque,,,,,3 Gower Street
-0.054926276,51.55824646,*[2000WDeobGujrti]Madina Mosque Trust. 2a Lea Bridge Road. 020 8985 8204,,,,,,,,,,,,,,Madina Mosque Trust,,,,,2a Lea Bridge Road
-3.104842007,55.87531535,*[200WDeob]Madinah Masjid & Community Centre. 12a Lothian Street. 07593 725984,,,,,,,,,,,,,,Madinah Masjid & Community Centre,,,,,12a Lothian Street
-1.999305188,52.51545534,*[500Deob]Madinatul Uloom al-Islamyah. 1 Moor Street. 0121 553 5794,,,,,,,,,,,,,,Madinatul Uloom al-Islamyah,,,,,1 Moor Street
-1.895576119,52.50635787,*[200NoWDeob]Madinatul Uloom Al-Jamia Arabia Madrassah and Masjid. 115 Fentham Road. 0121 523 2478,,,,,,,,,,,,,,Madinatul Uloom Al-Jamia Arabia Madrassah and Masjid,,,,,115 Fentham Road
-1.758381128,53.80103893,*[260WDeobBangla]Madinatul Uloom and Islamic Centre. 14 Nesfield Street. 01274 729418,,,,,,,,,,,,,,Madinatul Uloom and Islamic Centre,,,,,14 Nesfield Street
-2.214024067,52.36243218,*[250DeobGujrti]Madinatul-Uloom Al-Islamiyah. Butts Lane. 01562 66894,,,,,,,,,,,,,,Madinatul-Uloom Al-Islamiyah,,,,,Butts Lane
-2.217336595,53.82317072,*[100IrregDeob]Madni Dawah Academy. 260 Kings Causeway. 07877 562200,,,,,,,,,,,,,,Madni Dawah Academy,,,,,260 Kings Causeway
-2.232566178,53.82288891,"*[300IrregDeobPkstn]Madni Dawah Academy. Hebron Hall, Walter Street. 07877 562200",,,,,,,,,,,,,,Madni Dawah Academy,,,,,"Hebron Hall, Walter Street"
-1.397858709,53.41401157,*[60NoWDeob]Madni Education Centre. 39 Norborough Road. ,,,,,,,,,,,,,,Madni Education Centre,,,,,39 Norborough Road
-1.882132888,53.72060585,*[Brel]Madni Educational Centre. 92 Hopwood Lane. ,,,,,,,,,,,,,,Madni Educational Centre,,,,,92 Hopwood Lane
-1.71846,53.795984,*[4000WBrelPkstn]Madni Jamia Masjid. 101 Thornbury Road. 01274 667986,,,,,,,,,,,,,,Madni Jamia Masjid,,,,,101 Thornbury Road
-1.63038075,53.6933556,"*[1500WDeobPkstn]Madni Jamia Masjid. Northgate and Halifax Road, Bradford Road. 01924 461700",,,,,,,,,,,,,,Madni Jamia Masjid,,,,,"Northgate and Halifax Road, Bradford Road"
-1.791967,53.636173,*[100NoWDeob]Madni Jamia Masjid. 12 Macham Street. 01484 301103,,,,,,,,,,,,,,Madni Jamia Masjid,,,,,12 Macham Street
-2.38476947,53.75307066,*[200WDeobPkstn]Madni Masjid. 4-6 Empress Street. 01254 875159,,,,,,,,,,,,,,Madni Masjid,,,,,4-6 Empress Street
-2.503273487,53.75031586,*[250WBrel]Madni Masjid. 19 Lancaster Place. 01254 676618,,,,,,,,,,,,,,Madni Masjid,,,,,19 Lancaster Place
-1.755934954,53.77752922,*[1700WDeob]Madni Masjid. 133-137 Newton Street. 01274 722744,,,,,,,,,,,,,,Madni Masjid,,,,,133-137 Newton Street
-4.261920154,55.83694743,*[120NoWDeobPkstn]Madni Masjid. 196 Langside Road. 0141 423 2425,,,,,,,,,,,,,,Madni Masjid,,,,,196 Langside Road
-1.161407232,52.97141585,*[950WDeobPkstn]Madni Masjid and Muslims Education Centre. Alberta Terrace. 0115 962 6688,,,,,,,,,,,,,,Madni Masjid and Muslims Education Centre,,,,,Alberta Terrace
-1.325148046,52.06165688,*[600WBrelPkstn]Madni Mosque. Merton Street. 01295 276662,,,,,,,,,,,,,,Madni Mosque,,,,,Merton Street
-3.171772679,51.49606418,*[300DeobPkstn]Madni Mosque. 1-3 Dalcross Street. 07946 469090,,,,,,,,,,,,,,Madni Mosque,,,,,1-3 Dalcross Street
-2.120058239,53.53061524,*[100Brel]Madrasa Ghulzar-a-Madina. 60 Burlington Avenue . ,,,,,,,,,,,,,,Madrasa Ghulzar-a-Madina,,,,,60 Burlington Avenue
-1.841400858,52.46961245,*[150BrelPkstn]Madrasa Mujadidia. 339 Somerville Road. 0121 766 7587,,,,,,,,,,,,,,Madrasa Mujadidia,,,,,339 Somerville Road
-1.117590666,52.63036216,*[300WBrel]Madrasa-e-Anjuman-e-Ghousia Mosque. 1-3 Evington Street. 07813 000374,,,,,,,,,,,,,,Madrasa-e-Anjuman-e-Ghousia Mosque,,,,,1-3 Evington Street
-1.489076614,52.90697383,*[50SalfPkstn]Madrasah al-Furqan. 153 Porter Road. ,,,,,,,,,,,,,,Madrasah al-Furqan,,,,,153 Porter Road
-1.789049506,53.78668938,*[100WDeob]Madrasah Madania Tahfeezul Quran. 1 Lidget Terrace. 01274 572392,,,,,,,,,,,,,,Madrasah Madania Tahfeezul Quran,,,,,1 Lidget Terrace
-2.470888495,53.76033187,*[100WSalfPkstn]Madrasah Salafiah. 184 Whalley New Road. 01254 582087,,,,,,,,,,,,,,Madrasah Salafiah,,,,,184 Whalley New Road
-1.988605857,52.57713558,*[50NoWDeobPkstn]Madrasah Taleemul Quran. 90a Wednesbury Road. not connected,,,,,,,,,,,,,,Madrasah Taleemul Quran,,,,,90a Wednesbury Road
-1.137514114,52.92711075,*[42NoWDeob]Madrasah Talim ul Quran. 153 Loughborough Road. 0115 914 1180,,,,,,,,,,,,,,Madrasah Talim ul Quran,,,,,153 Loughborough Road
-0.060835183,51.51070395,*[650WSufiBangla]Madrasah-e-Darul Qirat Mosque. 46-48 Cannon Street Road. 020 7613 0186,,,,,,,,,,,,,,Madrasah-e-Darul Qirat Mosque,,,,,46-48 Cannon Street Road
-1.854028702,52.46823671,*[200Irreg]Madrasa-Tul-Binnat-taleem-Ul-Islam. 576a Coventry Road. ,,,,,,,,,,,,,,Madrasa-Tul-Binnat-taleem-Ul-Islam,,,,,576a Coventry Road
-4.29936647,55.8509702,*[500NoWDeobPkstn]Madrassa Al Arabia Al Islamia. 425 Paisley Road West. 0141 427 2152,,,,,,,,,,,,,,Madrassa Al Arabia Al Islamia,,,,,425 Paisley Road West
-0.202553,51.485899,*[Arab]Madrassa Khassat Ta'alim. 303 North End Road. 07944 878468,,,,,,,,,,,,,,Madrassa Khassat Ta'alim,,,,,303 North End Road
0.050807744,51.54068846,*[450WDeobGujrti]Madrassa Talimul Islam. 236-238 & 248a High Street North. 020 8548 1600,,,,,,,,,,,,,,Madrassa Talimul Islam,,,,,236-238 & 248a High Street North
-4.273697734,55.83933467,*[170WSufiPkstn]Madrassa Zia-ul-Quran Trust. 257 Kenmure Street. 0141 423 8001,,,,,,,,,,,,,,Madrassa Zia-ul-Quran Trust,,,,,257 Kenmure Street
-1.779227257,53.81071184,*[Deob]Madrassah Misbah Uloom. 27 Temple Street. 01274 480719,,,,,,,,,,,,,,Madrassah Misbah Uloom,,,,,27 Temple Street
-1.641254425,53.70697023,*[300NoWBrelPkstn]Madrassah Muhammadia Ghausia. 111 Dark Lane. 01924 446217,,,,,,,,,,,,,,Madrassah Muhammadia Ghausia,,,,,111 Dark Lane
-1.747154742,53.77384695,*[40NoWIrregDeobPkstn]Madrassah Nur-ul-Qur'an. 234 Parkside Road. 01274 771437,,,,,,,,,,,,,,Madrassah Nur-ul-Qur'an,,,,,234 Parkside Road
-4.278128743,55.84003952,*[600NoWDeobPkstn]Madrassah Taleem ul Islam. 159-161 Nithsdale Road. 0141 424 0787,,,,,,,,,,,,,,Madrassah Taleem ul Islam,,,,,159-161 Nithsdale Road
-1.630539,53.68093282,*[60NoWDeob]Madrassah-e-Islamiyah. 53 Headfield Road. 07973 123505,,,,,,,,,,,,,,Madrassah-e-Islamiyah,,,,,53 Headfield Road
-1.850521714,52.49567372,*[50Deob]Madrassa-Taleem-Ul-Quran. 20 Malthouse Lane. 07866 600840,,,,,,,,,,,,,,Madrassa-Taleem-Ul-Quran,,,,,20 Malthouse Lane
-1.788055748,53.76849671,*[200BrelPkstn]Madrassa-tul-Madina. 71 Beacon Road. 07867 294592,,,,,,,,,,,,,,Madrassa-tul-Madina,,,,,71 Beacon Road
-1.899906046,52.51088957,*[30DeobGujrti]Madressa Falahe Darein. 38 Bayswater Road. 0121 356 9248,,,,,,,,,,,,,,Madressa Falahe Darein,,,,,38 Bayswater Road
-1.827785969,52.45255728,*[140WBrelPkstn]Madressa Islamia Mosque. 219-221 Alexander Road. 0121 603 5256,,,,,,,,,,,,,,Madressa Islamia Mosque,,,,,219-221 Alexander Road
-1.768962443,53.80742311,*[165WNJDeobGujrti]Madressa Rashidiya. 32 Bertram Road. 01274 408396,,,,,,,,,,,,,,Madressa Rashidiya,,,,,32 Bertram Road
-2.468656898,53.75637396,*[200WDeobPkstn]Madressa Taleem Ul Islam. 1-15 Cobwall. 01254 264493,,,,,,,,,,,,,,Madressa Taleem Ul Islam,,,,,1-15 Cobwall
-1.655040979,53.70688132,*[200Deob]Madressah Al-Hira. 2 William Street. 01924 412315,,,,,,,,,,,,,,Madressah Al-Hira,,,,,2 William Street
-1.635986567,53.70990409,*[1050WIrregDeobGujrti]Madressah Islamiyah. Purlwell Lane. 01924 423786,,,,,,,,,,,,,,Madressah Islamiyah,,,,,Purlwell Lane
-1.633674502,53.70063507,*[100IrregDeob]Madressah Mahmoodia. 26a Mill Road. 07980 548142,,,,,,,,,,,,,,Madressah Mahmoodia,,,,,26a Mill Road
-1.63019836,53.67291746,*[200NoWDeobGujrti]Madressah Taalimul Qur'an. Portakabin behind 121 Parker Road. 07970 918769,,,,,,,,,,,,,,Madressah Taalimul Qur'an,,,,,Portakabin behind 121 Parker Road
-1.109564,52.634615,*[210WIrregGujrti]Madressah-e-Rahimiyah. 127 Mere Road. 0116 251 1120,,,,,,,,,,,,,,Madressah-e-Rahimiyah,,,,,127 Mere Road
-2.690816224,53.76840273,*[200NoWDeobGujrti]Mahadus Shuhada Mosque. 3 Holmrook Road. 07565 246878,,,,,,,,,,,,,,Mahadus Shuhada Mosque,,,,,3 Holmrook Road
0.48831895,51.26786867,*[40IrregSufiTurk]Maidstone C&acirc;mii ve &#304;slam K&uuml;lt&uuml;r Merkezi. 441 or 447 Tonbridge Road. 07519 712180,,,,,,,,,,,,,,Maidstone C&acirc;mii ve &#304;slam K&uuml;lt&uuml;r Merkezi,,,,,441 or 447 Tonbridge Road
-1.099485755,52.63401356,*[1000BrelPkstn]Majid-e-Usmani. 308 St Saviours Road. 07875 043391,,,,,,,,,,,,,,Majid-e-Usmani,,,,,308 St Saviours Road
-1.110898554,52.63009354,*[200NoWDeobGujrti]Majles-e-Dawat Ul Haq. 126-128 Earl Howe Street. 0116 255 9847,,,,,,,,,,,,,,Majles-e-Dawat Ul Haq,,,,,126-128 Earl Howe Street
-2.375356257,53.75403409,*[10IrregDeobPkstn]Majlis Sautul Quraan. 5-7 Countess Street. 01254 386223,,,,,,,,,,,,,,Majlis Sautul Quraan,,,,,5-7 Countess Street
-1.573,53.811,*[2500WBrelPkstn]Makkah Jamia Masjid. 36 Thornville Road and Brudenell Road. 0113 244 2684,,,,,,,,,,,,,,Makkah Jamia Masjid,,,,,36 Thornville Road and Brudenell Road
-2.428477407,53.56609556,*[950WBrelPkstn]Makkah Mosque and Muslim Community Centre. 100-110 Grecian Crescent. 01204 524200,,,,,,,,,,,,,,Makkah Mosque and Muslim Community Centre,,,,,100-110 Grecian Crescent
-1.472978,53.358833,*[1600WDeobPkstn]Makki Jamia Masjid. Plantation Road. 0114 258 2348,,,,,,,,,,,,,,Makki Jamia Masjid,,,,,Plantation Road
-1.632778645,53.68670071,*[80WBrel]Makki Madani Masjid. 33 Kertland Street. 07866 678601,,,,,,,,,,,,,,Makki Madani Masjid,,,,,33 Kertland Street
-2.484176159,53.7551529,*[3500NoWDeobGujrti]Makki Masjid. Wimberley Street. 01254 676884,,,,,,,,,,,,,,Makki Masjid,,,,,Wimberley Street
-2.443326116,53.59115481,*[220NoWDeobGujrti]Makki Masjid. 110 Eskrick Street. 01204 846470,,,,,,,,,,,,,,Makki Masjid,,,,,110 Eskrick Street
-2.201685905,53.45036903,*[500WSalf]Makki Masjid. 125-129 Beresford Road. 0161 257 2491,,,,,,,,,,,,,,Makki Masjid,,,,,125-129 Beresford Road
-1.218940616,52.96547451,*[300Deob]Makki Masjid. Wigmore Road. 07764 356881,,,,,,,,,,,,,,Makki Masjid,,,,,Wigmore Road
-2.180957794,53.01190119,*[600WDeob]Makki Masjid. 59-61 Beresford Street. 01782 414150,,,,,,,,,,,,,,Makki Masjid,,,,,59-61 Beresford Street
-1.878254414,53.71884093,"*[375WDeob]Makki Masjid and Anjuman Islah-ul-Muslimeen. Thornley Works, Hermon Avenue. not working",,,,,,,,,,,,,,Makki Masjid and Anjuman Islah-ul-Muslimeen,,,,,"Thornley Works, Hermon Avenue"
-1.56880796,53.80853258,*[350NoWDeob]Makki Masjid and Madrasa. 1 Vicarage Road. 0113 245 6501,,,,,,,,,,,,,,Makki Masjid and Madrasa,,,,,1 Vicarage Road
-1.931351423,52.50523545,*[230NoWDeobPkstn]Makki Masjid and Madressa. 75 Stafford Road. 0121 551 7417,,,,,,,,,,,,,,Makki Masjid and Madressa,,,,,75 Stafford Road
-1.642670631,52.81454206,*[400WDeobBangla]Makki Masjid Trust. 18 Victoria Crescent. 01283 568768,,,,,,,,,,,,,,Makki Masjid Trust,,,,,18 Victoria Crescent
-1.674175859,53.70955483,*[500WDeob]Makki Mosque. Victoria Street. 07890 411457,,,,,,,,,,,,,,Makki Mosque,,,,,Victoria Street
0.685889125,51.72892376,"*[NoW]Maldon District Islamic Cultural Association. Muslim Hall, Church Street. 01621 859773",,,,,,,,,,,,,,Maldon District Islamic Cultural Association,,,,,"Muslim Hall, Church Street"
-1.79159224,52.45389844,*[80WDeobBangla]Manarat Masjid. 155 New Coventry Road and 2051 Coventry Road. 0-121 213 1114,,,,,,,,,,,,,,Manarat Masjid,,,,,155 New Coventry Road and 2051 Coventry Road
-2.219294608,53.45548489,*[3000WBrelPkstn]Manchester Central Mosque and Islamic Cultural Centre. 20 Upper Park Road. 0161 224 4119,,,,,,,,,,,,,,Manchester Central Mosque and Islamic Cultural Centre,,,,,20 Upper Park Road
-2.236877829,53.47122393,"*[100Stdnt]Manchester Islamic Institute. Manchester Metropolitan University Students Union, Oxford Ro.... 0161 273 8100",,,,,,,,,,,,,,Manchester Islamic Institute,,,,,"Manchester Metropolitan University Students Union, Oxford Ro"
-0.137536973,51.40373283,*[100Deob]Manor Road Masjid. 207 Manor Road. 020 8764 6274,,,,,,,,,,,,,,Manor Road Masjid,,,,,207 Manor Road
-1.18927002,53.14423816,*[300DeobBangla]Mansfield Jamee Masjid. Goodacre Street. 07590 626766,,,,,,,,,,,,,,Mansfield Jamee Masjid,,,,,Goodacre Street
-1.850936115,52.47365801,*[350WBrel]Marakazi Jamaat-E-Ahle-Sunnat. 236-238 Charles Road. 0121 772 6578,,,,,,,,,,,,,,Marakazi Jamaat-E-Ahle-Sunnat,,,,,236-238 Charles Road
-2.244027257,53.5047512,*[300WSalf]Markaz as-Salafi bi Manchester. 2 Dudley Street. 0161 317 1481,,,,,,,,,,,,,,Markaz as-Salafi bi Manchester,,,,,2 Dudley Street
-2.18584,53.01861,"*[300WSalf]Markaz at-Tawheed. Former Rectory Road Sports & Social Club, Rectory Road. 01782 204106",,,,,,,,,,,,,,Markaz at-Tawheed,,,,,"Former Rectory Road Sports & Social Club, Rectory Road"
-2.241436243,53.49595402,"*[300BrelPkstn]Markaz Dar-ul-Ehsan Manchester. First Floor, 21-23 Broughton Street. 0161 832 1526",,,,,,,,,,,,,,Markaz Dar-ul-Ehsan Manchester,,,,,"First Floor, 21-23 Broughton Street"
-0.209145,51.559872,"*[350WShia]Markaz el Tathgeef el Islami. 120 Cricklewood Lane, rear of . 020 8452 3822",,,,,,,,,,,,,,Markaz el Tathgeef el Islami,,,,,"120 Cricklewood Lane, rear of"
-0.609145761,51.50439849,*[100WSalf]Markaz Mu'aadh Ibn Jabal. 19 Spackmans Way. 01753 533376,,,,,,,,,,,,,,Markaz Mu'aadh Ibn Jabal,,,,,19 Spackmans Way
-1.118760109,52.6286267,*[400WSalf]Markaz Quba. 21 Tichborne Street. 0116 319 0220,,,,,,,,,,,,,,Markaz Quba,,,,,21 Tichborne Street
0.042550564,51.53848635,*[1000WDeobGujrti]Markaz ud Dawat wal Irshad Islamic Centre. 177-179 Plashet Grove. 020 8552 6133,,,,,,,,,,,,,,Markaz ud Dawat wal Irshad Islamic Centre,,,,,177-179 Plashet Grove
-2.211861536,53.05654543,"*[300WSalf]Markaz us Sunnah. The Citadel, 26 Ladywell Road. 07917 772765",,,,,,,,,,,,,,Markaz us Sunnah,,,,,"The Citadel, 26 Ladywell Road"
-0.294983983,51.53912865,*[300WSalf]Markaz us-Sunnah. 500 Sunleigh Road. 020 3302 0450,,,,,,,,,,,,,,Markaz us-Sunnah,,,,,500 Sunleigh Road
-2.429362536,53.56824281,"*[400Shia]Markaz-e-Ahlebait. The Old School House, Fletcher Street. 01204 527762",,,,,,,,,,,,,,Markaz-e-Ahlebait,,,,,"The Old School House, Fletcher Street"
-1.132377684,52.63178661,*[WShia]Markaz-e-Badri. 3-5 Wellington Street. 0116 251 3248,,,,,,,,,,,,,,Markaz-e-Badri,,,,,3-5 Wellington Street
-1.786356568,53.65916784,*[1000WBrelPkstn]Markazi Jame Masjid Riza and Islamic Centre. 129 Halifax Old Road. 01484 540449,,,,,,,,,,,,,,Markazi Jame Masjid Riza and Islamic Centre,,,,,129 Halifax Old Road
-2.190037341,53.03891409,*[400Brel]Markazi Jamia Ghausia Mosque. 191 Waterloo Road. ,,,,,,,,,,,,,,Markazi Jamia Ghausia Mosque,,,,,191 Waterloo Road
-2.23944068,53.80020886,*[2000WBrelPkstn]Markazi Jamia Ghausia Mosque. Abel Street. 01232 424999 or 899,,,,,,,,,,,,,,Markazi Jamia Ghausia Mosque,,,,,Abel Street
-2.216136,53.839225,*[1550WBrel]Markazi Jamia Ghousi Mosque. Every Street and Clayton Street and Pendle Street (block). 01282 614976,,,,,,,,,,,,,,Markazi Jamia Ghousi Mosque,,,,,Every Street and Clayton Street and Pendle Street (block)
-2.159650326,53.61006998,"*[1750WDeobPkstn]Markazi Jamia Masjid. Castlemere Street, Mere Street and 43 William Street. 01706 645135",,,,,,,,,,,,,,Markazi Jamia Masjid,,,,,"Castlemere Street, Mere Street and 43 William Street"
-1.365788,53.431543,*[550WDeobPkstn]Markazi Jamia Masjid. Chapel Walk. 01709 560038,,,,,,,,,,,,,,Markazi Jamia Masjid,,,,,Chapel Walk
-1.513200402,53.67831469,*[200NoWBrelPkstn]Markazi Jamia Masjid. 12 Grange Street. 01924 376555,,,,,,,,,,,,,,Markazi Jamia Masjid,,,,,12 Grange Street
-1.830962,52.489048,*[400Brel]Markazi Jamia Masjid. 766 Alum Rock Road. 0121 328 8633,,,,,,,,,,,,,,Markazi Jamia Masjid,,,,,766 Alum Rock Road
-1.656913161,53.680013,*[1000WBrelPkstn]Markazi Jamia Masjid Anwar-e-Madina Suffa-tul-Islam. Crawshaw Street. 01924 459554,,,,,,,,,,,,,,Markazi Jamia Masjid Anwar-e-Madina Suffa-tul-Islam,,,,,Crawshaw Street
-1.51414454,53.812967,*[3200WBrelPkstn]Markazi Jamia Masjid Bilal. Conway Road and Harehills Lane. 0113 240 7695,,,,,,,,,,,,,,Markazi Jamia Masjid Bilal,,,,,Conway Road and Harehills Lane
-1.791959703,53.63724531,*[800WBrel]Markazi Jamia Masjid Ghausia. 73 Victoria Road. 01484 513248,,,,,,,,,,,,,,Markazi Jamia Masjid Ghausia,,,,,73 Victoria Road
-1.638888717,53.68948986,*[600WBrelPkstn]Markazi Jamia Masjid Gulzar-e-Madina. 3 High Street. 01924 430338,,,,,,,,,,,,,,Markazi Jamia Masjid Gulzar-e-Madina,,,,,3 High Street
-1.870618165,53.7232404,*[600NoWBrel]Markazi Jamia Mosque. 49 Rhodes Street. 01422 330041,,,,,,,,,,,,,,Markazi Jamia Mosque,,,,,49 Rhodes Street
-0.251408815,52.58550626,*[1650WBrelPkstn]Markazi Jamia Mosque Ghousia Ahl-e-Sunnat wal Jamaat. 406 Gladstone Street. 01733 566658,,,,,,,,,,,,,,Markazi Jamia Mosque Ghousia Ahl-e-Sunnat wal Jamaat,,,,,406 Gladstone Street
-1.496425867,52.43531065,*[40IrregSalf]Markazi Jamiat Ahl-e-Hadith. 25 Fisher Road. 07815 180505,,,,,,,,,,,,,,Markazi Jamiat Ahl-e-Hadith,,,,,25 Fisher Road
-1.62830472,53.68106468,*[4000NoWDeob]Markazi Masjid. South Street (south end). 01924 460760,,,,,,,,,,,,,,Markazi Masjid,,,,,South Street (south end)
-0.877087712,52.24760528,*[1100WDeobBangla]Markazi Masjid. 112-116 Abington Avenue. 01604 622718,,,,,,,,,,,,,,Markazi Masjid,,,,,112-116 Abington Avenue
-1.757061482,53.77486637,*[350Sufi]Markazi Masjid Darul Irfan. 1 Little Cross Street. not working,,,,,,,,,,,,,,Markazi Masjid Darul Irfan,,,,,1 Little Cross Street
-2.138726413,53.53260247,*[1600WDeob]Markazi Mosque. Suffolk Street. 0161 627 5570,,,,,,,,,,,,,,Markazi Mosque,,,,,Suffolk Street
-1.415734291,53.39010149,*[1700NoWDeobBangla]Markazi Mosque & Islamic Centre. 13 Industry Road. 0114 244 1500,,,,,,,,,,,,,,Markazi Mosque & Islamic Centre,,,,,13 Industry Road
-1.345135868,53.43407178,*[300WDeob]Markaz-ul-Uloom Al-Islamia. 33-35 Ridge Road. 01709 835675,,,,,,,,,,,,,,Markaz-ul-Uloom Al-Islamia,,,,,33-35 Ridge Road
-0.074071884,51.54988445,*[500WDeobBangla]Markazul-Uloom London. 1 Sandringham Road. 020 7241 5737,,,,,,,,,,,,,,Markazul-Uloom London,,,,,1 Sandringham Road
0.093294606,51.53568101,*[200NoWDeobBangla]Masjed-e-Umar. 343 Ripple Road. 07878 486779,,,,,,,,,,,,,,Masjed-e-Umar,,,,,343 Ripple Road
-1.843165755,52.47820237,*[200NoWDeobPkstn]Masjid. 118 Blake Lane and 451-453 Bordesley Green. ,,,,,,,,,,,,,,Masjid,,,,,118 Blake Lane and 451-453 Bordesley Green
-3.010747433,56.18765143,*[200]Masjid. 79 Wellesley Road. not known,,,,,,,,,,,,,,Masjid,,,,,79 Wellesley Road
0.0236204,51.522701,*[600WShiaPkstn]Masjid & Imambargah Shuhdae Karbala. 383 Barking Road. 07984 434567,,,,,,,,,,,,,,Masjid & Imambargah Shuhdae Karbala,,,,,383 Barking Road
-1.529240012,52.28588776,*[120WSalf]Masjid & Muslim Community Centre. 10-12 New Street. 01926 429100,,,,,,,,,,,,,,Masjid & Muslim Community Centre,,,,,10-12 New Street
-6.384016871,58.20789897,*[40]Masjid / Mhosg. 14a James Street / Sràid Sheumais. ,,,,,,,,,,,,,,Masjid / Mhosg,,,,,14a James Street / Sràid Sheumais
0.018912256,51.53645431,*[150Salf]Masjid Abdul Aziz Bin Baz. 2 East Road. ,,,,,,,,,,,,,,Masjid Abdul Aziz Bin Baz,,,,,2 East Road
-1.859747171,52.45160267,*[1000NoWDeobPkstn]Masjid Abdullah bin Masood. 78 Evelyn Road. 0121 246 3298,,,,,,,,,,,,,,Masjid Abdullah bin Masood,,,,,78 Evelyn Road
-1.139968336,52.60407705,*[100NoWDeobGujrti]Masjid Abdullah ibn Masud. 20 Hallaton Street. ,,,,,,,,,,,,,,Masjid Abdullah ibn Masud,,,,,20 Hallaton Street
-1.171910763,52.95209299,*[220WSalfArab]Masjid Abi Bakr As-Siddiq. 215 Derby Road. 0115 955 1966,,,,,,,,,,,,,,Masjid Abi Bakr As-Siddiq,,,,,215 Derby Road
-1.991127133,52.57556102,*[1500WDeobPkstn]Masjid Abu Bakr. 154-160 Wednesbury Road. 01922 620618,,,,,,,,,,,,,,Masjid Abu Bakr,,,,,154-160 Wednesbury Road
-0.027743429,51.58496241,*[700NoWDeobPkstn]Masjid Abu Bakr and Islamic Education Centre (Trust). 26a Mansfield Road. 020 3659 6553,,,,,,,,,,,,,,Masjid Abu Bakr and Islamic Education Centre (Trust),,,,,26a Mansfield Road
-1.948587298,52.48857864,"*[200Deob]Masjid Abu Bakr Siddique. Unit 5, Grove Street. 07973 573059",,,,,,,,,,,,,,Masjid Abu Bakr Siddique,,,,,"Unit 5, Grove Street"
-1.09401539,52.64137812,*[DeobGujrti]Masjid Abu Hurairah. 9 Haynes Road. 07533 905242,,,,,,,,,,,,,,Masjid Abu Hurairah,,,,,9 Haynes Road
-2.418810725,53.57673991,*[156NoWDeobPkstn]Masjid Abubakar. 126 Dorset Street. 07866 412138,,,,,,,,,,,,,,Masjid Abubakar,,,,,126 Dorset Street
-1.645867825,53.67339096,*[500Deob]Masjid Abubakr. 555 Lees Hall Road. ,,,,,,,,,,,,,,Masjid Abubakr,,,,,555 Lees Hall Road
0.099265,51.56131137,*[450Deob]Masjid Adam. 64 Seven Kings Road. 020 8590 3738,,,,,,,,,,,,,,Masjid Adam,,,,,64 Seven Kings Road
-2.442548275,53.59383885,*[120Brel]Masjid Ahl Al Sunnah. 365 Halliwell Road. 07846 865260,,,,,,,,,,,,,,Masjid Ahl Al Sunnah,,,,,365 Halliwell Road
-1.109782755,52.6308538,*[400DeobGujrti]Masjid Aisha. 22-28 Cork Street. 0116 212 4883,,,,,,,,,,,,,,Masjid Aisha,,,,,22-28 Cork Street
-2.441201806,53.56207954,*[200DeobGujrti]Masjid al Aleef. 8 Higher Swan Lane. 01204 665231,,,,,,,,,,,,,,Masjid al Aleef,,,,,8 Higher Swan Lane
-2.451085746,53.57595796,*[300WBrelPkstn]Masjid al Aqsa. Gilnow Road. 01204 771918,,,,,,,,,,,,,,Masjid al Aqsa,,,,,Gilnow Road
-4.300712943,55.85118739,*[350NoWDeobPkstn]Masjid Al Arabia Al Islamia. 490 Paisley Road West. 0141 427 2152,,,,,,,,,,,,,,Masjid Al Arabia Al Islamia,,,,,490 Paisley Road West
-0.453769416,51.90317923,*[40NoWDeobBangla]Masjid Al Bilal. 4 Sarum Road. 07956 958630,,,,,,,,,,,,,,Masjid Al Bilal,,,,,4 Sarum Road
-1.122032404,52.65781267,*[1700NoWDeobGujrti]Masjid al Bukhari. 159 Loughborough Road. 0116 266 5506,,,,,,,,,,,,,,Masjid al Bukhari,,,,,159 Loughborough Road
-1.512887254,52.41894637,*[200Deob]Masjid Al Falah. 62 Somerset Road. 024 7626 8240,,,,,,,,,,,,,,Masjid Al Falah,,,,,62 Somerset Road
-1.115088165,52.63517583,*[900NoWDeobGujrti]Masjid al Falah & Islamic Educational Trust. 3-13 Keythorpe Street. 0116 251 1833,,,,,,,,,,,,,,Masjid al Falah & Islamic Educational Trust,,,,,3-13 Keythorpe Street
-3.250903209,51.47342398,*[50Deob]Masjid Al Falah and Islamic Cultural Centre. 58 Caerau Lane. ,,,,,,,,,,,,,,Masjid Al Falah and Islamic Cultural Centre,,,,,58 Caerau Lane
-1.106293201,52.63148056,*[1000NoWDeobGujrti]Masjid Al Furqan. 298 East Park Road. 0116 273 5799,,,,,,,,,,,,,,Masjid Al Furqan,,,,,298 East Park Road
0.557255745,50.8522976,*[440W]Masjid Al Haq. 12 Mercatoria. 01424 426232,,,,,,,,,,,,,,Masjid Al Haq,,,,,12 Mercatoria
-0.449436307,51.89220588,*[200BrelPkstn]Masjid Al Hira. 1-7 Beechwood Road. 01582 848529,,,,,,,,,,,,,,Masjid Al Hira,,,,,1-7 Beechwood Road
-0.43274223,51.89085347,*[30Arab]Masjid al Huda. 198b Leagrave Road. 07956 322818,,,,,,,,,,,,,,Masjid al Huda,,,,,198b Leagrave Road
-1.126892567,52.64262726,*[400WSalf]Masjid Al Huda. 8 Britannia Street. 0116 251 4807,,,,,,,,,,,,,,Masjid Al Huda,,,,,8 Britannia Street
-1.099896133,52.64098181,*[735Shia]Masjid Al Husayn. 17a Duxbury Road. 0116 276 9896,,,,,,,,,,,,,,Masjid Al Husayn,,,,,17a Duxbury Road
0.139008164,52.19872672,*[200WSalf]Masjid Al Ikhlas. 4 Devonshire Road. 0845 612 3353,,,,,,,,,,,,,,Masjid Al Ikhlas,,,,,4 Devonshire Road
-1.111660302,52.6313837,*[300DeobGujrti]Masjid Al Khaleel. 49 Donnington Street. 0116 255 1524,,,,,,,,,,,,,,Masjid Al Khaleel,,,,,49 Donnington Street
-1.180269197,52.98649654,*[300Deob]Masjid Al Khazra. Queensberry Street. 0115 837 1338,,,,,,,,,,,,,,Masjid Al Khazra,,,,,Queensberry Street
-0.440606475,51.88743173,*[280WDeob]Masjid al Madani. 12-16 Portland Road. 01582 593306,,,,,,,,,,,,,,Masjid al Madani,,,,,12-16 Portland Road
-1.121785641,52.63865593,*[1000WSalf]Masjid al Quba. 19 Brunswick Street. 0116 216 6237,,,,,,,,,,,,,,Masjid al Quba,,,,,19 Brunswick Street
-0.150668,50.834737,*[225WSalfMix]Masjid Al Quds. 150 Dyke Road. 01273 505247,,,,,,,,,,,,,,Masjid Al Quds,,,,,150 Dyke Road
-0.444028974,51.88888191,*[150WDeob]Masjid Al Sunnah. 48 Kingsway. 01582 593306,,,,,,,,,,,,,,Masjid Al Sunnah,,,,,48 Kingsway
-0.170580447,51.24190706,*[100Salf]Masjid al Yaqeen. 28 Warwick Road. 07888 985744,,,,,,,,,,,,,,Masjid al Yaqeen,,,,,28 Warwick Road
-2.01811552,52.55271852,*[250WBrelBangla]Masjid Al-Amin. Rear of 22 Market Place. 0121 505 4880,,,,,,,,,,,,,,Masjid Al-Amin,,,,,Rear of 22 Market Place
-0.016930103,51.56337565,*[1000SalfPkstn]Masjid Albirr. 106 Church Road. 020 8558 1328,,,,,,,,,,,,,,Masjid Albirr,,,,,106 Church Road
-1.938014031,52.30438517,*[800WSalfPkstn]Masjid AlBirr. 1 Smallwood Street. 01527 584410,,,,,,,,,,,,,,Masjid AlBirr,,,,,1 Smallwood Street
-0.550314188,51.32168821,*[450WSalfPkstn]Masjid AlBirr. 77-79 Maybury Road. 01483 721647,,,,,,,,,,,,,,Masjid AlBirr,,,,,77-79 Maybury Road
-1.900758147,52.50840835,*[800WDeobGujrti]Masjid Al-Falaah. 32-34a Trinity Road. 0121 241 2556,,,,,,,,,,,,,,Masjid Al-Falaah,,,,,32-34a Trinity Road
0.02827853,51.52517218,*[250NoWDeob]Masjid al-Falah. 518 Barking Road. 020 8470 0417,,,,,,,,,,,,,,Masjid al-Falah,,,,,518 Barking Road
0.057216883,51.56378249,*[300NoWDeobGujrti]Masjid al-Falah. 97 Kensington Gardens. 020 8478 0347,,,,,,,,,,,,,,Masjid al-Falah,,,,,97 Kensington Gardens
-4.262609482,55.83484322,*[1080WSalfPkstn]Masjid Al-Farooq. 32-38 Dixon Avenue. 0141 433 2686,,,,,,,,,,,,,,Masjid Al-Farooq,,,,,32-38 Dixon Avenue
-1.989705563,52.57572402,*[2000NoWDeobGujrti]Masjid Al-Farooq. 4 Milton Street. 01922 645786,,,,,,,,,,,,,,Masjid Al-Farooq,,,,,4 Milton Street
-1.480569989,52.91385719,*[600Deob]Masjid Al-Farooq. 87-107 Mill Hill Lane. 07801 348963,,,,,,,,,,,,,,Masjid Al-Farooq,,,,,87-107 Mill Hill Lane
-2.211604714,53.05971426,*[200Salf]Masjid al-Furqan. 105 Roundwell Street. 07974 240964,,,,,,,,,,,,,,Masjid al-Furqan,,,,,105 Roundwell Street
-1.125894785,52.64100622,*[500WArab]Masjid Al-Furqan. 1 Kamloops Crescent. 0116 251 7342,,,,,,,,,,,,,,Masjid Al-Furqan,,,,,1 Kamloops Crescent
-2.097589374,57.15420144,*[1000WMix]Masjid Alhikmah. 41 Nelson Street. 01224 421208,,,,,,,,,,,,,,Masjid Alhikmah,,,,,41 Nelson Street
-2.097570598,57.15423126,"*[800WDeob]Masjid Alhikmah and Community Centre. 41, Nelson Street. 01224 421208",,,,,,,,,,,,,,Masjid Alhikmah and Community Centre,,,,,"41, Nelson Street"
-2.569304109,51.46781392,*[200Arab]Masjid Alhuda. 60 Fox Road. 0117 952 1490,,,,,,,,,,,,,,Masjid Alhuda,,,,,60 Fox Road
-2.452139854,53.56333011,"*[300WSalf]Masjid al-Huda. The Citadel, Bella Street. 01204 658440",,,,,,,,,,,,,,Masjid al-Huda,,,,,"The Citadel, Bella Street"
0.032733678,51.5424851,*[150WSalfPkstn]Masjid Al-Humera. 183 Green Street. ,,,,,,,,,,,,,,Masjid Al-Humera,,,,,183 Green Street
-1.854972839,52.49753773,*[2700WDeob]Masjid Ali. Aston Church Road. 07968 440584,,,,,,,,,,,,,,Masjid Ali,,,,,Aston Church Road
-2.23561585,53.79276442,*[200Sufi]Masjid Ali Murtaza. 3 Talbot Street. ,,,,,,,,,,,,,,Masjid Ali Murtaza,,,,,3 Talbot Street
-1.094271541,52.63942418,*[800NoWDeobGujrti]Masjid Ali Trust. 42-52 Smith Dorrien Road. 0116 274 2366,,,,,,,,,,,,,,Masjid Ali Trust,,,,,42-52 Smith Dorrien Road
-0.594018102,51.51286901,*[1000W]Masjid Al-Jannah. 1 Stoke Road. 01753 315618,,,,,,,,,,,,,,Masjid Al-Jannah,,,,,1 Stoke Road
-1.433190107,53.4076132,"*[280WMix]Masjid Al-Khair. 21-23 Rothay Road, 27-29 Rothay Road. 0114 243 3505",,,,,,,,,,,,,,Masjid Al-Khair,,,,,"21-23 Rothay Road, 27-29 Rothay Road"
-1.181260943,52.95817675,"*[100Deob]Masjid Al-Khazra. Leen Place, St Peters Street. 0115 924 9613",,,,,,,,,,,,,,Masjid Al-Khazra,,,,,"Leen Place, St Peters Street"
-0.030378699,52.97760509,"*[100WBrelPkstn]Masjid Al-Noor. Former Gospel Hall, Trinity Street. 07703 398472",,,,,,,,,,,,,,Masjid Al-Noor,,,,,"Former Gospel Hall, Trinity Street"
0.401518643,52.74956775,*[400WDeobPkstn]Masjid Al-Noor. 14-15 London Road. 01553 674550,,,,,,,,,,,,,,Masjid Al-Noor,,,,,14-15 London Road
0.081506968,51.53080984,*[300W]Masjid al-Noor. 168-170 Gascoigne Road. 020 8594 3100,,,,,,,,,,,,,,Masjid al-Noor,,,,,168-170 Gascoigne Road
-0.125665516,51.54349183,"*[500]Masjid Al-Risaalah & Islington Islamic Centre. 1st floor, 55-61 Brewery Road. 020 7609 8472",,,,,,,,,,,,,,Masjid Al-Risaalah & Islington Islamic Centre,,,,,"1st floor, 55-61 Brewery Road"
-1.862170547,52.47130074,*[300Salf]Masjid Al-Sunnah. 394-396 Coventry Road. 07984 328529,,,,,,,,,,,,,,Masjid Al-Sunnah,,,,,394-396 Coventry Road
-1.968558356,52.49357243,*[250W]Masjid al-Ummah. 215 High Street. 0121 448 9800,,,,,,,,,,,,,,Masjid al-Ummah,,,,,215 High Street
-1.842563599,52.47785195,*[100WArab]Masjid An Noor. 43-45 Blake Lane. ,,,,,,,,,,,,,,Masjid An Noor,,,,,43-45 Blake Lane
-0.004927218,51.55311336,*[1000WSalfPkstn]Masjid and Madrasah Al-Tawhid. 80 High Road. 020 8519 6655,,,,,,,,,,,,,,Masjid and Madrasah Al-Tawhid,,,,,80 High Road
-1.488786936,52.9057185,*[200NoWDeobPkstn]Masjid and Madrasah Darul Arqam. 143 Clarence Road. 07737 893562,,,,,,,,,,,,,,Masjid and Madrasah Darul Arqam,,,,,143 Clarence Road
-1.640766263,53.71012158,*[600WDeob]Masjid and Madresa Noor-ul-Islam. 20 Snowdon Street. 01924 472919,,,,,,,,,,,,,,Masjid and Madresa Noor-ul-Islam,,,,,20 Snowdon Street
-1.943185329,52.48683482,*[2000WBrelPkstn]Masjid and Madressa Faiz-ul-Quran. 341 Dudley Road. 0121 318 2425,,,,,,,,,,,,,,Masjid and Madressa Faiz-ul-Quran,,,,,341 Dudley Road
-2.4065262,53.7838623,*[250NoWDeobPkstn]Masjid and Madressah Islamia. 2 Segar Street. ,,,,,,,,,,,,,,Masjid and Madressah Islamia,,,,,2 Segar Street
-1.110144854,52.63416332,*[1000NoWDeobGujrti]Masjid an-Noor. 146-152 Berners Street. 0116 262 2640,,,,,,,,,,,,,,Masjid an-Noor,,,,,146-152 Berners Street
-1.130191684,52.64117386,*[50WSalf]Masjid An-Noor. 170a Belgrave Gate. ,,,,,,,,,,,,,,Masjid An-Noor,,,,,170a Belgrave Gate
-2.079983354,53.49349993,*[250WSalf]Masjid Ar Raheem. 14 Stanhope Street. 0161 343 5426,,,,,,,,,,,,,,Masjid Ar Raheem,,,,,14 Stanhope Street
-0.247098506,52.57775472,*[200]Masjid Ar-Raheem. 60 Cromwell Road. 07541 396605,,,,,,,,,,,,,,Masjid Ar-Raheem,,,,,60 Cromwell Road
-1.116493642,52.63224406,*[200Deob]Masjid Ar-Rahman. 71 Guthlaxton Road. ,,,,,,,,,,,,,,Masjid Ar-Rahman,,,,,71 Guthlaxton Road
-1.909000576,52.50471219,*[300DeobBangla]Masjid As-Safa. 76 Finch Road and 1 Archibald Road. 0121 551 9128,,,,,,,,,,,,,,Masjid As-Safa,,,,,76 Finch Road and 1 Archibald Road
-0.347777778,53.75944444,*[200]Masjid As-Sahabah. 15 Epworth Street. ,,,,,,,,,,,,,,Masjid As-Sahabah,,,,,15 Epworth Street
-1.858164668,52.47034453,*[600Salf]Masjid as-Salafi. Wright Street. 0121 773 0033,,,,,,,,,,,,,,Masjid as-Salafi,,,,,Wright Street
-0.370004028,50.81935735,*[450WDeob]Masjid Assalam. Ivy Arch Road. 01903 215163,,,,,,,,,,,,,,Masjid Assalam,,,,,Ivy Arch Road
-0.736244917,51.63030877,*[500WSalf]Masjid As-Salam. St Marks Close and 131 Totteridge Road. 01494 259194,,,,,,,,,,,,,,Masjid As-Salam,,,,,St Marks Close and 131 Totteridge Road
-1.784151793,53.7810769,*[500WSalf]Masjid As-Sunnah. 3 Paternoster Lane. 01274 501736,,,,,,,,,,,,,,Masjid As-Sunnah,,,,,3 Paternoster Lane
-1.899475449,52.50425631,*[300WSalf]Masjid As-Sunnah An-Nabawiyyah. 125 Mansfield Road. 0121 523 4761,,,,,,,,,,,,,,Masjid As-Sunnah An-Nabawiyyah,,,,,125 Mansfield Road
-2.080069184,53.45002401,"*[300WSalf]Masjid at Tawheed. Onward Chambers, 1 Onward Street. ",,,,,,,,,,,,,,Masjid at Tawheed,,,,,"Onward Chambers, 1 Onward Street"
-2.988452911,51.57487669,*[100Salf]Masjid at-Taqwa. 20 Alexandra Road. 01239 215420,,,,,,,,,,,,,,Masjid at-Taqwa,,,,,20 Alexandra Road
-0.284277,51.5372,"*[50WArab]Masjid At-Taqwa. Multifaith Room, 9th Floor, Crown House, North Circular Road. 020 8965 5001",,,,,,,,,,,,,,Masjid At-Taqwa,,,,,"Multifaith Room, 9th Floor, Crown House, North Circular Road"
-1.460790038,53.39264474,*[600WArab]Masjid At-Taqwa. 31-33 Andover Street. 0114 278 7488,,,,,,,,,,,,,,Masjid At-Taqwa,,,,,31-33 Andover Street
-1.105000377,52.6417549,*[500WSalfPkstn]Masjid at-Taqwa. 2 Harewood Street. 0116 212 5802,,,,,,,,,,,,,,Masjid at-Taqwa,,,,,2 Harewood Street
-1.795657128,53.77536691,*[200BrelPkstn]Masjid At-Taqwa. 807-809 Great Horton Road. 07766 114530,,,,,,,,,,,,,,Masjid At-Taqwa,,,,,807-809 Great Horton Road
-3.185538948,51.4703653,*[500WSalf]Masjid at-Tawheed. 171-173 Penarth Road. 029 2140 9834,,,,,,,,,,,,,,Masjid at-Tawheed,,,,,171-173 Penarth Road
-0.078577995,51.58781637,*[300WMaudMix]Masjid Ayesha. 115 Clyde Road. 020 8808 5506,,,,,,,,,,,,,,Masjid Ayesha,,,,,115 Clyde Road
-1.935785115,52.48592535,*[200]Masjid Bayt ur Rahman. 12-14 Barford Road. ,,,,,,,,,,,,,,Masjid Bayt ur Rahman,,,,,12-14 Barford Road
-1.108154655,52.64012732,*[300DeobGujrti]Masjid Baytul Ilm. Spinney Hill Road. 0116 251 1018,,,,,,,,,,,,,,Masjid Baytul Ilm,,,,,Spinney Hill Road
-2.189127803,53.03640223,?[50Deob]Masjid Bilaal. Waterloo Road. ,,,,,,,,,,,,,,Masjid Bilaal,,,,,Waterloo Road
-1.936395317,52.50455953,*[250NoWDeob]Masjid Bilal. 14 Linwood Road. 0121 515 2110,,,,,,,,,,,,,,Masjid Bilal,,,,,14 Linwood Road
-1.772414446,53.80271328,*[950WDeob]Masjid Bilal. 1-3 Drummond Road. 01274 482351,,,,,,,,,,,,,,Masjid Bilal,,,,,1-3 Drummond Road
-1.629905999,53.67297784,*[500Deob]Masjid Bilal. 115-117 Parker Road. 07970 918769,,,,,,,,,,,,,,Masjid Bilal,,,,,115-117 Parker Road
-2.26087153,53.52115687,*[320WDeobPkstn]Masjid Bilal. 52 Bury Old Road. 0161 740 2125,,,,,,,,,,,,,,Masjid Bilal,,,,,52 Bury Old Road
-1.174174547,52.94736437,*[350DeobPkstn]Masjid Bilal. 3-5 Lenton Boulevard. 0115 947 3910,,,,,,,,,,,,,,Masjid Bilal,,,,,3-5 Lenton Boulevard
-2.709634602,53.77199095,*[100NoWDeobGujrti]Masjid Bilal. 15 Eldon Street. 01772 562298,,,,,,,,,,,,,,Masjid Bilal,,,,,15 Eldon Street
0.051248968,51.53266694,*[300WBangla]Masjid Bilal & Islamic Centre. 295-297 Barking Road. 020 8472 7488,,,,,,,,,,,,,,Masjid Bilal & Islamic Centre,,,,,295-297 Barking Road
-0.227043629,51.50475243,*[50WSalfMix]Masjid Daar as-Sunnah. Shepherd's Bush Market Approach. 020 8749 6187,,,,,,,,,,,,,,Masjid Daar as-Sunnah,,,,,Shepherd's Bush Market Approach
-2.160245776,53.47516875,*[100Arab]Masjid Darul Hijra Alula. 131 Fairfield Road. ,,,,,,,,,,,,,,Masjid Darul Hijra Alula,,,,,131 Fairfield Road
-1.857592358,52.47647732,*[350SufiPkstn]Masjid Darul Irfan. 83 Bordesley Green. 07990 512005,,,,,,,,,,,,,,Masjid Darul Irfan,,,,,83 Bordesley Green
-2.465953231,53.56694938,*[200IrregDeob]Masjid e Ali. 396 Wigan Road. 01204 415459,,,,,,,,,,,,,,Masjid e Ali,,,,,396 Wigan Road
-0.068813413,51.56513221,*[2000WDeobGujrti]Masjid e Quba. 70-72 Cazenove Road. 020 8806 6540,,,,,,,,,,,,,,Masjid e Quba,,,,,70-72 Cazenove Road
-2.462680936,53.74801927,*[1100WDeobGujrti]Masjid e Rizwan. Newton Street. 01254 262296,,,,,,,,,,,,,,Masjid e Rizwan,,,,,Newton Street
-1.113464087,52.63678651,*[1000NoWDeobGujrti]Masjid e Usman. 162 Nedham Street and Melbourne Road. 0116 262 1059,,,,,,,,,,,,,,Masjid e Usman,,,,,162 Nedham Street and Melbourne Road
-2.436092198,53.59387626,*[300DeobGujrti]Masjid e Usman. 82 Astley Street. 01204 524563,,,,,,,,,,,,,,Masjid e Usman,,,,,82 Astley Street
-1.848385334,52.4230202,*[300Deob]Masjid Eesa ibn Maryam. 14 Etwall Road. 07944 064854,,,,,,,,,,,,,,Masjid Eesa ibn Maryam,,,,,14 Etwall Road
-0.249666721,51.51403747,*[110WArabArab]Masjid Ezzeitouna. 6 Western Avenue. none,,,,,,,,,,,,,,Masjid Ezzeitouna,,,,,6 Western Avenue
-1.317605,54.562794,*[1300WBrelPkstn]Masjid Farooq-e-Azam. 39-41 Hartington Road. 01642 679943,,,,,,,,,,,,,,Masjid Farooq-e-Azam,,,,,39-41 Hartington Road
-1.121860743,52.65620195,*[283WSalf]Masjid Fida. 127 Loughborough Road. 0116 225 3532,,,,,,,,,,,,,,Masjid Fida,,,,,127 Loughborough Road
-2.20184,53.45398,*[2300NoWBrelPkstn]Masjid Ghamkol Sharif. 1 Hawkshurst Road. 0161 256 2812,,,,,,,,,,,,,,Masjid Ghamkol Sharif,,,,,1 Hawkshurst Road
-1.4925313,53.68763469,*[500Brel]Masjid Ghausia and Teaching Centre. Duke of York Street. ,,,,,,,,,,,,,,Masjid Ghausia and Teaching Centre,,,,,Duke of York Street
-2.105952501,53.48619107,*[1300NoWDeob]Masjid Hamza. 319-321 Katherine Street. 0161 330 9837,,,,,,,,,,,,,,Masjid Hamza,,,,,319-321 Katherine Street
-1.7636168,53.8124254,"*[150NoWDeob]Masjid Hamza and Madressa Tarteelul Quran. 42 Woodview Terrace, North Avenue. 01264 491088",,,,,,,,,,,,,,Masjid Hamza and Madressa Tarteelul Quran,,,,,"42 Woodview Terrace, North Avenue"
-1.980945468,52.59416209,*[100Brel]Masjid Hamza Community Centre. Mill Street. 01922 474288,,,,,,,,,,,,,,Masjid Hamza Community Centre,,,,,Mill Street
-1.874536872,52.45206363,*[300Sufi]Masjid Hazrat Mujaddid Alf-e-Sani Trust. 36 Dennis Road. 0121 449 7195,,,,,,,,,,,,,,Masjid Hazrat Mujaddid Alf-e-Sani Trust,,,,,36 Dennis Road
-1.90456152,52.50392851,*[300NoWDeobBangla]Masjid Hazrat Shah Jalal Trust. 1-9 Wilton Street. 0121 507 0721,,,,,,,,,,,,,,Masjid Hazrat Shah Jalal Trust,,,,,1-9 Wilton Street
-1.631593108,53.67948874,*[250NoWDeob]Masjid Hedaya. Caledonian Road. 01924 459805,,,,,,,,,,,,,,Masjid Hedaya,,,,,Caledonian Road
0.008764788,51.5618262,*[500WSalf]Masjid Hudayfah bin Al Yamaan Islamic Centre. 603 High Road. 020 3137 3714,,,,,,,,,,,,,,Masjid Hudayfah bin Al Yamaan Islamic Centre,,,,,603 High Road
-1.391454,54.90462,"[195WSalf]Masjid ibn Taymeeyah. Wearmouth Hall, University of Sunderland, Chester Road. ",,,,,,,,,,,,,,Masjid ibn Taymeeyah,,,,,"Wearmouth Hall, University of Sunderland, Chester Road"
-1.121005118,52.63905308,*[100Salf]Masjid Ibn Uthaymeen. 24 Madras Road. 0116 319 1079,,,,,,,,,,,,,,Masjid Ibn Uthaymeen,,,,,24 Madras Road
-0.112577,51.465268,*[550WSalf]Masjid Ibnu Taymeeyah. 1 Gresham Road. 020 7326 4098,,,,,,,,,,,,,,Masjid Ibnu Taymeeyah,,,,,1 Gresham Road
-1.710391044,53.7962151,"*[800DeobPkstn]Masjid Ibraheem. Crofts Hall, Lower Rushton Road. ",,,,,,,,,,,,,,Masjid Ibraheem,,,,,"Crofts Hall, Lower Rushton Road"
-1.784945726,53.65825867,*[350WSalf]Masjid Ibrahim. 62 Halifax Old Road. 01484 547808,,,,,,,,,,,,,,Masjid Ibrahim,,,,,62 Halifax Old Road
-1.548723578,53.77300905,*[1300WDeobPkstn]Masjid Ibrahim. 4 Woodview Road. 0113 270 9536,,,,,,,,,,,,,,Masjid Ibrahim,,,,,4 Woodview Road
0.036270171,51.53023835,*[650WMaud]Masjid Ibrahim. 721-723 Barking Road. 020 8471 1181,,,,,,,,,,,,,,Masjid Ibrahim,,,,,721-723 Barking Road
-2.235563142,53.45682509,*[200Salf]Masjid Ibrahim. 37-39 Upper Lloyd Street. 0161 425 3746,,,,,,,,,,,,,,Masjid Ibrahim,,,,,37-39 Upper Lloyd Street
0.002607107,51.52953502,"*[1000NoWDeob]Masjid Ilyas. Riverine Centre Abbey Mills, Canning Road. 020 8534 5000",,,,,,,,,,,,,,Masjid Ilyas,,,,,"Riverine Centre Abbey Mills, Canning Road"
-0.609056021,51.5189227,*[150DeobPkstn]Masjid Ilyas. Whitby Road. 07454 108684,,,,,,,,,,,,,,Masjid Ilyas,,,,,Whitby Road
-0.355746746,51.56719381,"[50WSalf]Masjid Imaam Muqbil. The Arches, Stanley Road. ",,,,,,,,,,,,,,Masjid Imaam Muqbil,,,,,"The Arches, Stanley Road"
-0.32002911,51.55705079,*[200Shia]Masjid Imam Ali (AS). 856-858 Harrow Road. 020 8908 1525,,,,,,,,,,,,,,Masjid Imam Ali (AS),,,,,856-858 Harrow Road
-1.603395045,54.95630654,*[200WSufiPkstn]Masjid Islamia Naqshabandiya. 1 Ely Street. ,,,,,,,,,,,,,,Masjid Islamia Naqshabandiya,,,,,1 Ely Street
-0.248119086,52.58342433,*[500WMaudPkstn]Masjid Khadijah and Islamic Centre. 311-313 Cromwell Road. 01733 554425,,,,,,,,,,,,,,Masjid Khadijah and Islamic Centre,,,,,311-313 Cromwell Road
-0.193977356,51.52311367,*[250NoWArab]Masjid Khalil. 7 Sutherland Avenue. 020 7286 4478,,,,,,,,,,,,,,Masjid Khalil,,,,,7 Sutherland Avenue
-1.890077591,52.50992656,*[600WDeob]Masjid Madrassa Faizul Islam. 1-8 The Broadway and 330 Witton Road. 07828 065969,,,,,,,,,,,,,,Masjid Madrassa Faizul Islam,,,,,1-8 The Broadway and 330 Witton Road
-2.123223245,52.98131627,"*[600WSalf]Masjid Markaz Al-Huda. Former Queensbury Youth Centre, Furnace Road. 07894 959238",,,,,,,,,,,,,,Masjid Markaz Al-Huda,,,,,"Former Queensbury Youth Centre, Furnace Road"
-2.022712827,52.56892308,*[100Deob]Masjid Mohammadia. 51 Cobden Street. 0121 526 4307,,,,,,,,,,,,,,Masjid Mohammadia,,,,,51 Cobden Street
-1.072298884,52.63288057,*[200WDeobGujrti]Masjid Mu'adh ibn Jabal. 60 Gamel Road. 07809 570132,,,,,,,,,,,,,,Masjid Mu'adh ibn Jabal,,,,,60 Gamel Road
-1.08946234,52.66379138,*[500DeobGujrti]Masjid Muhammad. 5 Claymill Road. 07707 753378,,,,,,,,,,,,,,Masjid Muhammad,,,,,5 Claymill Road
-1.850616932,52.48613196,*[500WSalf]Masjid Muhammadi and Madressa Salafiah. 24-36 Hartopp Road. 0121 328 7773,,,,,,,,,,,,,,Masjid Muhammadi and Madressa Salafiah,,,,,24-36 Hartopp Road
-1.760348529,53.80034747,*[150NoWDeob]Masjid Nimra. 9-10 Hanover Square. 01274 733439,,,,,,,,,,,,,,Masjid Nimra,,,,,9-10 Hanover Square
-2.206417322,53.84095162,*[250NoWDeobPkstn]Masjid Nimra. 42 Bankhouse Road. ,,,,,,,,,,,,,,Masjid Nimra,,,,,42 Bankhouse Road
-1.706703007,53.802086,*[50IrregBrelPkstn]Masjid Noor. 8 Woodhall Avenue. ,,,,,,,,,,,,,,Masjid Noor,,,,,8 Woodhall Avenue
-4.270036519,55.84262235,*[1000NoWDeobPkstn]Masjid Noor. 79 Forth Street. 0141 429 3383,,,,,,,,,,,,,,Masjid Noor,,,,,79 Forth Street
-1.7975,53.6392,*[600WDeobPkstn]Masjid Noor. Crosland Road. 01484 423081,,,,,,,,,,,,,,Masjid Noor,,,,,Crosland Road
-1.179828644,52.96256331,*[200DeobPkstn]Masjid Noor. 74-76 Glentworth Road. ,,,,,,,,,,,,,,Masjid Noor,,,,,74-76 Glentworth Road
-1.936672743,52.30075035,*[1500WBrelPkstn]Masjid Noor. Jinnah Road. 01527 563834,,,,,,,,,,,,,,Masjid Noor,,,,,Jinnah Road
-1.637853384,53.67149889,*[300Deob]Masjid Noor & Education Centre. Lees Hall Road. 07957 235231,,,,,,,,,,,,,,Masjid Noor & Education Centre,,,,,Lees Hall Road
-2.323141694,53.56187085,*[50NoWBrel]Masjid Noor and Islamic Education Centre. 48 Bridgefield Street. 0161 723 4741,,,,,,,,,,,,,,Masjid Noor and Islamic Education Centre,,,,,48 Bridgefield Street
-2.431481,53.589824,*[700WBrelGujrti]Masjid Noor ul Islam. 352 Halliwell Road and Prospect Street. 01204 535738,,,,,,,,,,,,,,Masjid Noor ul Islam,,,,,352 Halliwell Road and Prospect Street
-1.850783229,52.46994585,*[1050WBrelPkstn]Masjid Noor-ul-Uloom. 81-85 St Oswald Road. 0121 772 4774,,,,,,,,,,,,,,Masjid Noor-ul-Uloom,,,,,81-85 St Oswald Road
-1.840093285,52.47622058,*[500WBrel]Masjid Noorus Sunnah. 42 Yardley Green Road. 0121 248 8126,,,,,,,,,,,,,,Masjid Noorus Sunnah,,,,,42 Yardley Green Road
-1.789349914,53.65857656,*[1000WDeob]Masjid Omar. 32 Blacker Road. 01484 541634,,,,,,,,,,,,,,Masjid Omar,,,,,32 Blacker Road
-1.832259893,52.47174642,*[170WBrelPkstn]Masjid Qamarul Islam. 168-170 Fosbrooke Road. 0121 773 0372,,,,,,,,,,,,,,Masjid Qamarul Islam,,,,,168-170 Fosbrooke Road
-1.522470117,53.81581429,*[300DeobPkstn]Masjid Quba. 24 Shepherds Lane. 0113 307 0500,,,,,,,,,,,,,,Masjid Quba,,,,,24 Shepherds Lane
-1.917479038,52.50453749,*[150WDeobPkstn]Masjid Quba. 6 Wye Cliff Road. 0121 523 7529,,,,,,,,,,,,,,Masjid Quba,,,,,6 Wye Cliff Road
-0.074195266,51.55091519,*[350WSufiTurk]Masjid Ramadan. 9-15 Shacklewell Lane. 020 7249 2244,,,,,,,,,,,,,,Masjid Ramadan,,,,,9-15 Shacklewell Lane
-0.758684278,52.03679207,*[500WSalf]Masjid Rowdha. 401 South Row. 07957 128099,,,,,,,,,,,,,,Masjid Rowdha,,,,,401 South Row
-1.128909588,52.64164586,"*[200W]Masjid Salahuddin. 1st floor, 203 Belgrave Gate. 07718 990308",,,,,,,,,,,,,,Masjid Salahuddin,,,,,"1st floor, 203 Belgrave Gate"
-2.054569423,52.52558067,*[270WSufiBangla]Masjid Shah Jalal. Wellington Road. 0121 557 9174,,,,,,,,,,,,,,Masjid Shah Jalal,,,,,Wellington Road
-1.45524323,53.39247839,"*[600WSalf]Masjid Sunnah. 18 Kirk Street, Pitsmoor. 0114 270 0668",,,,,,,,,,,,,,Masjid Sunnah,,,,,"18 Kirk Street, Pitsmoor"
-1.102870703,52.62289235,*[300IrregDeobGujrti]Masjid Tabuk & Evington Muslim Centre. 59 Stoughton Drive North. 0116 273 5529,,,,,,,,,,,,,,Masjid Tabuk & Evington Muslim Centre,,,,,59 Stoughton Drive North
-1.881413548,52.46243834,*[100DeobPkstn]Masjid Taqwa. 147 Kyrwicks Lane. ,,,,,,,,,,,,,,Masjid Taqwa,,,,,147 Kyrwicks Lane
-0.073133111,51.56008743,*[200WSalf]Masjid Tarbeeyyah. 49-51 Leswin Road. 020 7254 0967,,,,,,,,,,,,,,Masjid Tarbeeyyah,,,,,49-51 Leswin Road
-2.485655397,53.75335731,*[2500WDeobGujrti]Masjid Tauheedul Islam. 29-31 Bicknell Street. 01254 54021,,,,,,,,,,,,,,Masjid Tauheedul Islam,,,,,29-31 Bicknell Street
-1.497217119,52.4266758,*[950WSalf]Masjid Tawfiq. 116 Broad Street. ,,,,,,,,,,,,,,Masjid Tawfiq,,,,,116 Broad Street
-1.827114075,52.49292777,*[200NoWDeobPkstn]Masjid Tayyabah. 790 Washwood Heath Road. 0121 327 7434,,,,,,,,,,,,,,Masjid Tayyabah,,,,,790 Washwood Heath Road
-1.846293211,52.47509737,*[300WIrregDeobBangla]Masjid Thaqwa. 470 Green Lane. 0121 773 7525,,,,,,,,,,,,,,Masjid Thaqwa,,,,,470 Green Lane
-2.645596862,53.52884235,*[240WDeob]Masjid Tooba. 10 Clifton Street. 01942 495038,,,,,,,,,,,,,,Masjid Tooba,,,,,10 Clifton Street
0.052582026,51.54767611,*[300NoWDeobGujrti]Masjid ul-Hidayah. 2a Church Road. 020 8514 8741,,,,,,,,,,,,,,Masjid ul-Hidayah,,,,,2a Church Road
-1.866769195,52.45943835,*[175NoWDeobPkstn]Masjid Umar. 94-98 Walford Road and 89 Medicott Road. 07411 540224,,,,,,,,,,,,,,Masjid Umar,,,,,94-98 Walford Road and 89 Medicott Road
-1.101770997,52.62420633,*[1200NoWDeobGujrti]Masjid Umar. 1-3 or 5-7 Evington Drive. 0116 273 5529,,,,,,,,,,,,,,Masjid Umar,,,,,1-3 or 5-7 Evington Drive
-1.772647798,53.77647995,*[400Sufi]Masjid Umar. 28 Gondal Court. ,,,,,,,,,,,,,,Masjid Umar,,,,,28 Gondal Court
-1.178106666,52.96424672,*[100SalfPkstn]Masjid Umar. 398 Alfreton Road. ,,,,,,,,,,,,,,Masjid Umar,,,,,398 Alfreton Road
-1.392490268,50.91248225,*[300WSalf]Masjid ur Rahmah. 189 Northumberland Road. 07733 058496,,,,,,,,,,,,,,Masjid ur Rahmah,,,,,189 Northumberland Road
-1.126232743,52.61694392,*[100Maud]Masjid us Sunnah. 176 Welford Road. 0116 298 4781,,,,,,,,,,,,,,Masjid us Sunnah,,,,,176 Welford Road
-1.96023,52.485397,*[300NoWDeobPkstn]Masjid Usman. 53-55 Shireland Road. 0121 565 5767,,,,,,,,,,,,,,Masjid Usman,,,,,53-55 Shireland Road
-1.859061463,52.52420334,*[70DeobPkstn]Masjid Usman. 513 Slade Road. 07971 482049,,,,,,,,,,,,,,Masjid Usman,,,,,513 Slade Road
-3.185962737,51.47766611,*[300NoWDeobPkstn]Masjid Uthman. 37 Plantagenet Street. 029 2022 1309,,,,,,,,,,,,,,Masjid Uthman,,,,,37 Plantagenet Street
-0.073283315,51.39796397,*[800SufiPkstn]Masjid Uthman. 3 Clifford Road. 020 8656 4142,,,,,,,,,,,,,,Masjid Uthman,,,,,3 Clifford Road
-1.649146825,53.69766801,*[50Deob]Masjid Uthman. 34a Mallinson Street. 07968 554203,,,,,,,,,,,,,,Masjid Uthman,,,,,34a Mallinson Street
-2.231705189,53.82432648,*[200DeobPkstn]Masjid Wa Madrasah Usman Gani (RA). Stanley Street. not known,,,,,,,,,,,,,,Masjid Wa Madrasah Usman Gani (RA),,,,,Stanley Street
-1.478098333,53.66726845,*[210WDeob]Masjid Zakariya. 165-167 Agbrigg Road. 01924 256635,,,,,,,,,,,,,,Masjid Zakariya,,,,,165-167 Agbrigg Road
0.024491251,51.53385824,*[300WDeobGujrti]Masjid-Al Hikmah. 72-74 Selwyn Road. 020 8472 2745,,,,,,,,,,,,,,Masjid-Al Hikmah,,,,,72-74 Selwyn Road
-1.084685326,52.59960696,"*[500BrelGujrti]Masjid-al-Ameen. 	Sandhurst Street. 07879  610649",,,,,,,,,,,,,,Masjid-al-Ameen,,,,,"	Sandhurst Street"
-2.07007125,51.90019617,*[100NoWDeobBangla]Masjid-al-Madina. 25 Sherbourne Place. 01242 237992,,,,,,,,,,,,,,Masjid-al-Madina,,,,,25 Sherbourne Place
-2.46914506,53.75734603,*[600WDeobGujrti]Masjidal-Momineen. Ash Street. 01254 691538,,,,,,,,,,,,,,Masjidal-Momineen,,,,,Ash Street
-0.40694207,51.47825247,*[226WSalf]Masjid-as-Sunnah. 654 Bath Road. 020 8759 9578,,,,,,,,,,,,,,Masjid-as-Sunnah,,,,,654 Bath Road
1.726650596,52.61338473,*[150W]Masjid-at-Tauwheed. 39 Northgate Street. 01493 663377,,,,,,,,,,,,,,Masjid-at-Tauwheed,,,,,39 Northgate Street
-1.152770519,52.62792175,*[200WDeobGujrti]Masjid-e-Abu Bakr. 55 Barclay Street. 0116 254 5552,,,,,,,,,,,,,,Masjid-e-Abu Bakr,,,,,55 Barclay Street
-1.872086311,52.42569296,*[120NoWDeobPkstn]Masjid-e-Abu Bakr - Billesley. 713 Yardley Wood Road. ,,,,,,,,,,,,,,Masjid-e-Abu Bakr - Billesley,,,,,713 Yardley Wood Road
-1.928728223,52.52357668,"*[350NoWDeob]Masjid-e-Aisha. The Grange, 45 Hamstead Hill. 0121 554 0200",,,,,,,,,,,,,,Masjid-e-Aisha,,,,,"The Grange, 45 Hamstead Hill"
-2.431987077,53.59825377,[100]Masjid-e-Aishah. Seymour Road. ,,,,,,,,,,,,,,Masjid-e-Aishah,,,,,Seymour Road
-0.449430943,51.89278689,*[500WShiaPkstn]Masjid-e-Ali. 2-32 Beechwood Road. 01582 486841,,,,,,,,,,,,,,Masjid-e-Ali,,,,,2-32 Beechwood Road
-1.238430888,54.56808,*[250Shia]Masjid-e-Ali Ibn Abu Talib. 11 Granville Road. ,,,,,,,,,,,,,,Masjid-e-Ali Ibn Abu Talib,,,,,11 Granville Road
-1.892633736,52.50742557,*[300WDeobBangla]Masjid-e-Aman & Islamic Education Centre. 232 Witton Road. 0121 523 4265,,,,,,,,,,,,,,Masjid-e-Aman & Islamic Education Centre,,,,,232 Witton Road
-2.475137115,53.75787725,*[1500NoWDeobGujrti]Masjid-e-Anisul Islam. Bangor Street and Troy Street. 01254 581637,,,,,,,,,,,,,,Masjid-e-Anisul Islam,,,,,Bangor Street and Troy Street
-2.502674013,53.7514546,*[150WDeobGujrti]Masjid-e-Anwaar. 41-45 Granville Road. 07973 170094,,,,,,,,,,,,,,Masjid-e-Anwaar,,,,,41-45 Granville Road
-2.675428391,53.76264048,*[350WBrelPkstn]Masjid-e-Aqsa. 95-99 Fishwick Parade. 01772 797758,,,,,,,,,,,,,,Masjid-e-Aqsa,,,,,95-99 Fishwick Parade
-1.967694176,52.50212065,*[300DeobBangla]Masjid-e-Bait ul Iman. 253 Halfords Lane. 07531 644206,,,,,,,,,,,,,,Masjid-e-Bait ul Iman,,,,,253 Halfords Lane
-1.11372292,52.62878624,*[325WDeobBangla]Masjid-e-Baitul Mukaram. 22-24 St Stephens Road. 0116 254 6138,,,,,,,,,,,,,,Masjid-e-Baitul Mukaram,,,,,22-24 St Stephens Road
-2.473946214,53.76297978,*[300NoWDeobGujrti]Masjid-e-Bilaal. 222 Cedar Street and 61-63 Cedar Street. ,,,,,,,,,,,,,,Masjid-e-Bilaal,,,,,222 Cedar Street and 61-63 Cedar Street
-2.324160934,53.70424099,*[400NoWDeobPkstn]Masjid-e-Bilal & Islamic Centre. 2-4 Beaconsfield Street. none,,,,,,,,,,,,,,Masjid-e-Bilal & Islamic Centre,,,,,2-4 Beaconsfield Street
-2.699796259,53.76868095,*[1000NoWDeobGujrti]Masjid-e-Falah. 135-139 Kent Street. 01772 887215,,,,,,,,,,,,,,Masjid-e-Falah,,,,,135-139 Kent Street
-2.443878651,53.56525448,"*[700WBrelGujrti]Masjid-e-Ghosia. St Pauls Mill, Barbara Street, and rear of 81-83 Auburn Stre.... 01204 650583",,,,,,,,,,,,,,Masjid-e-Ghosia,,,,,"St Pauls Mill, Barbara Street, and rear of 81-83 Auburn Stre"
-2.095041275,53.71751402,*[100NoWDeob]Masjid-e-Hamza. Eagle Street. 01706 816310,,,,,,,,,,,,,,Masjid-e-Hamza,,,,,Eagle Street
-1.882953644,52.44935501,*[1480WDeobPkstn]Masjid-e-Hamza & Islamic Centre. 88-90 Church Road. 0121 449 1193,,,,,,,,,,,,,,Masjid-e-Hamza & Islamic Centre,,,,,88-90 Church Road
-1.637402773,53.67890569,*[300DeobGujrti]Masjid-e-Heera. Thornhill Road. 01924 464523,,,,,,,,,,,,,,Masjid-e-Heera,,,,,Thornhill Road
-2.480785847,53.75510849,*[500NoWDeobGujrti]Masjid-e-Hidayah. 22-36 Whalley Street and 48-50 Millham Street (corner). 01254 668821,,,,,,,,,,,,,,Masjid-e-Hidayah,,,,,22-36 Whalley Street and 48-50 Millham Street (corner)
-1.815795153,53.80247319,*[200WBrel]Masjid-e-Hussain. 203 Allerton Road. 07466 258385,,,,,,,,,,,,,,Masjid-e-Hussain,,,,,203 Allerton Road
-2.419272065,53.56355155,*[50NoWDeob]Masjid-e-Ibrahim. 17 Carter Street. 07715 049652,,,,,,,,,,,,,,Masjid-e-Ibrahim,,,,,17 Carter Street
-2.26662755,53.46081732,*[1000WDeob]Masjid-e-Imdadiah. 26 Blackburn Street. 0161 232 9851,,,,,,,,,,,,,,Masjid-e-Imdadiah,,,,,26 Blackburn Street
-2.490173578,53.75631687,*[150DeobGujrti]Masjid-e-Irfan. 49 Eldon Road. 01254 697393,,,,,,,,,,,,,,Masjid-e-Irfan,,,,,49 Eldon Road
-1.231254637,54.56836102,*[4500WBrel]Masjid-e-Jamia Al Madina. 133a Waterloo Road. 01642 245855,,,,,,,,,,,,,,Masjid-e-Jamia Al Madina,,,,,133a Waterloo Road
-4.261552692,55.8340238,*[700WBrel]Masjid-e-Khizra. 69 Albert Road. Not applicable,,,,,,,,,,,,,,Masjid-e-Khizra,,,,,69 Albert Road
-4.260565639,55.84053652,*[560WBrelPkstn]Masjid-e-Khizra. 138-140 Butterbiggins Road. 0141 422 1154,,,,,,,,,,,,,,Masjid-e-Khizra,,,,,138-140 Butterbiggins Road
-1.482800245,52.90183904,*[100NoWDeobPkstn]Masjid-e-Khulafaa-E-Raashideen. 144 Cameron Road. 01332 773421,,,,,,,,,,,,,,Masjid-e-Khulafaa-E-Raashideen,,,,,144 Cameron Road
-1.65589124,53.68782767,*[110WBrelPkstn]Masjid-e-Madani and Mohaddis-e-Azam Education Centre. 225c Ravenhouse Road and Pilgrim Avenue. 01924 453755,,,,,,,,,,,,,,Masjid-e-Madani and Mohaddis-e-Azam Education Centre,,,,,225c Ravenhouse Road and Pilgrim Avenue
-1.911331415,52.51277347,"*[300DeobPkstn]Masjid-e-Nimra. Units 1-5, Gryphon Industrial Estate, 78 Hutton Road. 0121 332 4170",,,,,,,,,,,,,,Masjid-e-Nimra,,,,,"Units 1-5, Gryphon Industrial Estate, 78 Hutton Road"
-1.17857337,54.57954898,*[110WBangla]Masjid-e-Nomira. 44 Middlesbrough Road. 07502 005044,,,,,,,,,,,,,,Masjid-e-Nomira,,,,,44 Middlesbrough Road
-2.037698329,52.4710226,*[60NoWDeobBangla]Masjid-e-Noor. 149-150 New John Street. not known,,,,,,,,,,,,,,Masjid-e-Noor,,,,,149-150 New John Street
-1.885877252,52.50155126,*[1500WDeobBangla]Masjid-e-Noor. 257 Victoria Road. 0121 328 0156,,,,,,,,,,,,,,Masjid-e-Noor,,,,,257 Victoria Road
-2.456837744,53.55972487,*[60DeobGujrti]Masjid-e-Noor. 327-329 St Helens Road. 01204 650119,,,,,,,,,,,,,,Masjid-e-Noor,,,,,327-329 St Helens Road
-2.236833,51.857495,*[1000NoWDeobGujrti]Masjid-e-Noor. 44-46 Ryecroft Street. 01452 416830,,,,,,,,,,,,,,Masjid-e-Noor,,,,,44-46 Ryecroft Street
-2.804909348,54.04762768,*[250NoWDeobGujrti]Masjid-e-Noor. 7 Dallas Road. 01524 64131,,,,,,,,,,,,,,Masjid-e-Noor,,,,,7 Dallas Road
-0.422319174,51.88682582,*[200NoWDeobPkstn]Masjid-e-Noor. 20 Cromwell Road. 01582 414031,,,,,,,,,,,,,,Masjid-e-Noor,,,,,20 Cromwell Road
-2.694863677,53.76540557,"*[300WBrelGujrti]Masjid-e-Noor. Noor Hall, Noor Street, or 29 Stanleyfield Road. 01772 881786",,,,,,,,,,,,,,Masjid-e-Noor,,,,,"Noor Hall, Noor Street, or 29 Stanleyfield Road"
-2.209662795,53.05709716,*[1400WBrelPkstn]Masjid-e-Noor. 1 or 2a Capper Street. 01782 813789,,,,,,,,,,,,,,Masjid-e-Noor,,,,,1 or 2a Capper Street
-1.642155647,53.71000887,*[800NoWDeob]Masjid-e-Noor and Madressa Anwarool-Islam. 90 Dark Lane. 01924 441474,,,,,,,,,,,,,,Masjid-e-Noor and Madressa Anwarool-Islam,,,,,90 Dark Lane
-2.467315793,53.74424103,*[1500NoWDeobGujrti]Masjid-e-Noorul Islam. 108-110 Audley Range. 01254 261573,,,,,,,,,,,,,,Masjid-e-Noorul Islam,,,,,108-110 Audley Range
0.056245923,51.56535646,*[150NoWBrelPkstn]Masjid-e-Owais-e-Qarni. 103-107 Belgrave Road. ,,,,,,,,,,,,,,Masjid-e-Owais-e-Qarni,,,,,103-107 Belgrave Road
0.042325258,51.54257852,*[300NoWBrelGujrti]Masjid-e-Quba. 198 Shrewsbury Road. 020 8470 6332,,,,,,,,,,,,,,Masjid-e-Quba,,,,,198 Shrewsbury Road
-2.676737309,53.7630432,*[60NoWDeobGujrti]Masjid-e-Quba. 188-192 New Hall Lane. 01772 492409,,,,,,,,,,,,,,Masjid-e-Quba,,,,,188-192 New Hall Lane
-2.454834133,53.56224602,*[200Brel]Masjid-e-Quba. 25 Deane Church Lane. 07830 994405,,,,,,,,,,,,,,Masjid-e-Quba,,,,,25 Deane Church Lane
-1.767972708,53.80702161,*[1200WDeob]Masjid-e-Qubah. 20 Bundria Court. 01274 542027,,,,,,,,,,,,,,Masjid-e-Qubah,,,,,20 Bundria Court
-2.49633193,53.74066233,*[250NoWDeobGujrti]Masjid-e-Quwwatul Islam. 84-86 Stansfield Street. ,,,,,,,,,,,,,,Masjid-e-Quwwatul Islam,,,,,84-86 Stansfield Street
-2.46794343,53.75841956,*[1500WDeobGujrti]Masjid-e-Sajedeen. Plane Tree Road. 01254 54313,,,,,,,,,,,,,,Masjid-e-Sajedeen,,,,,Plane Tree Road
-2.433517277,53.60336055,*[100DeobGujrti]Masjid-e-Salaam. 4 Ramsay Street. ,,,,,,,,,,,,,,Masjid-e-Salaam,,,,,4 Ramsay Street
-2.702089548,53.77793497,*[300NoWDeobGujrti]Masjid-e-Salaam. 49 Watling Street. 01772 788447,,,,,,,,,,,,,,Masjid-e-Salaam,,,,,49 Watling Street
-2.454999089,53.75016995,*[1000WDeobGujrti]Masjid-e-Saliheen. Didsbury Street. 01254 696840,,,,,,,,,,,,,,Masjid-e-Saliheen,,,,,Didsbury Street
-2.711766958,53.75554618,*[150NoWDeobGujrti]Masjid-e-Saliheen. 20-21 Fishergate Hill. 01772 824357,,,,,,,,,,,,,,Masjid-e-Saliheen,,,,,20-21 Fishergate Hill
-1.520097703,53.81711118,*[810WDeobBangla]Masjid-e-Shah Jalal. 25-27 Ellers Road. 0113 240 6558,,,,,,,,,,,,,,Masjid-e-Shah Jalal,,,,,25-27 Ellers Road
-1.842680272,52.47036896,*[300NoWBangla]Masjid-e-Subhanallah. 299-299a Somerville Road. 07595 955233,,,,,,,,,,,,,,Masjid-e-Subhanallah,,,,,299-299a Somerville Road
-2.442406118,53.55780344,*[200DeobGujrti]Masjid-e-Taqwa. 48 Holmeswood Road. 07543 930613,,,,,,,,,,,,,,Masjid-e-Taqwa,,,,,48 Holmeswood Road
-2.442349792,53.55780344,*[200DeobGujrti]Masjid-e-Taqwa Education & Welfare Trust. 48 Holmswood Road. 07738 320506,,,,,,,,,,,,,,Masjid-e-Taqwa Education & Welfare Trust,,,,,48 Holmswood Road
-1.661505103,53.67776658,*[85WDeob]Masjid-e-Tauheed. 25 Netherfield Road. 07808 069826,,,,,,,,,,,,,,Masjid-e-Tauheed,,,,,25 Netherfield Road
-1.785643101,53.80212402,*[400NoWDeob]Masjid-e-Umar. 182a Durham Road. 01274 544358,,,,,,,,,,,,,,Masjid-e-Umar,,,,,182a Durham Road
-3.161927462,51.4924329,*[180NoWDeobPkstn]Masjid-e-Umar. 68 Connaught Road. 029 2048 8454,,,,,,,,,,,,,,Masjid-e-Umar,,,,,68 Connaught Road
-2.239365578,51.8575304,*[300DeobBangla]Masjid-e-Umar. 14 Conduit Street. 07984 787604,,,,,,,,,,,,,,Masjid-e-Umar,,,,,14 Conduit Street
-2.026864886,52.57034954,*[500WDeob]Masjid-e-Umar. Bills Street. 0121 526 6596,,,,,,,,,,,,,,Masjid-e-Umar,,,,,Bills Street
-1.627532244,53.68353649,*[300NoWDeobGujrti]Masjid-e-Umar and Madressa-e-Talimuddin. North View. 01924 503287,,,,,,,,,,,,,,Masjid-e-Umar and Madressa-e-Talimuddin,,,,,North View
-1.45667553,53.40446003,*[250WDeobPkstn]Masjid-e-Umer. 304-306 Barnsley Road. ,,,,,,,,,,,,,,Masjid-e-Umer,,,,,304-306 Barnsley Road
-0.023399591,51.57851304,*[1200NoWDeobGujrti]Masjid-e-Umer Trust. 79 Queens Road. 020 8520 2658,,,,,,,,,,,,,,Masjid-e-Umer Trust,,,,,79 Queens Road
-1.735963225,53.79368019,*[650WDeob]Masjid-e-Usman. 57 Upper Seymour Street. 01274 720089,,,,,,,,,,,,,,Masjid-e-Usman,,,,,57 Upper Seymour Street
0.001899004,51.56310553,*[500NoWDeobGujrti]Masjid-e-Usman. 134a Ashville Road . 020 8558 5601,,,,,,,,,,,,,,Masjid-e-Usman,,,,,134a Ashville Road
-1.983911991,52.57809073,*[400NoWDeobBangla]Masjid-e-Usman. 63 Mount Street. 01922 709013,,,,,,,,,,,,,,Masjid-e-Usman,,,,,63 Mount Street
-1.345884204,53.43793697,*[275WDeob]Masjid-e-Uthman. 46-50 Milton Road. ,,,,,,,,,,,,,,Masjid-e-Uthman,,,,,46-50 Milton Road
-0.120854974,51.56592668,*[200NoWDeobBangla]Masjid-e-Yusuf. 440 Hornsey Road. 07956 546564,,,,,,,,,,,,,,Masjid-e-Yusuf,,,,,440 Hornsey Road
-2.473549247,53.76069339,"*[400WShiaPkstn]Masjid-e-Zainabia. Jubilee Mill, Logwood Street. 01254 582621",,,,,,,,,,,,,,Masjid-e-Zainabia,,,,,"Jubilee Mill, Logwood Street"
-1.495766044,52.41330318,*[200NoWDeob]Masjid-e-Zakaria. 1-5 Berry Street. 024 7625 1184,,,,,,,,,,,,,,Masjid-e-Zakaria,,,,,1-5 Berry Street
-1.498303413,52.41896025,*[2500NoWDeobGujrti]Masjid-e-Zeenat-ul-Islam. 283-287 Stoney Stanton Road . 024 7622 2774,,,,,,,,,,,,,,Masjid-e-Zeenat-ul-Islam,,,,,283-287 Stoney Stanton Road
-1.125251055,52.65513787,*[200Deob]Masjidul Abrar. 126a Ross Walk. ,,,,,,,,,,,,,,Masjidul Abrar,,,,,126a Ross Walk
-2.083435357,51.90473812,*[220NoWDeobGujrti]Masjidul Falah. 416-418 High Street. ,,,,,,,,,,,,,,Masjidul Falah,,,,,416-418 High Street
0.5201,51.3754,*[100WDeobBangla]Masjid-ul-Abraar. 77 Dale Street. 01634 880571,,,,,,,,,,,,,,Masjid-ul-Abraar,,,,,77 Dale Street
-2.123795897,53.53239363,*[250NoWDeobBangla]Masjid-ul-Aqsa and Islamic Centre. 135 Windsor Road. 0161 633 0327,,,,,,,,,,,,,,Masjid-ul-Aqsa and Islamic Centre,,,,,135 Windsor Road
-0.112955868,51.47389724,*[1200WArab]Masjid-ul-Qudus. 180-182 Brixton Road. 020 7735 9967,,,,,,,,,,,,,,Masjid-ul-Qudus,,,,,180-182 Brixton Road
-0.149090588,51.50544779,*[730WArabArab]Mayfair Islamic Centre. 19 Hertford Street. 020 7495 8283,,,,,,,,,,,,,,Mayfair Islamic Centre,,,,,19 Hertford Street
-0.044540763,51.52226672,*[600NoWDeobBangla]Mazahirul Uloom London. 241-243 Mile End Road. 020 7790 0622,,,,,,,,,,,,,,Mazahirul Uloom London,,,,,241-243 Mile End Road
-2.238813043,53.46364376,"*[350Stdnt]McDougall's Prayer Hall. McDougall Centre, Manchester University, Burlington Street, .... 07747 872256",,,,,,,,,,,,,,McDougall's Prayer Hall,,,,,"McDougall Centre, Manchester University, Burlington Street,"
-1.132208705,52.6379251,*[5NJ]McIndians Restaurant. 36 Belgrave Gate. 0116 262 2900,,,,,,,,,,,,,,McIndians Restaurant,,,,,36 Belgrave Gate
-1.143903136,52.93727835,*[550WBrelPkstn]Meadows Muslim Centre. Collygate Road. 0115 986 3245,,,,,,,,,,,,,,Meadows Muslim Centre,,,,,Collygate Road
-1.921277046,52.49882609,*[1100WBrel]Medina Mosque. 7 Park Avenue. not known,,,,,,,,,,,,,,Medina Mosque,,,,,7 Park Avenue
-2.128500491,53.53488373,*[60Brel]Medressa Al-Quba. 1 Newport Street. ,,,,,,,,,,,,,,Medressa Al-Quba,,,,,1 Newport Street
-2.238330245,53.79899303,*[350WBrelGujrti]Merkazie Jamia Mosque Ghosia Burnley. 66-68 Colne Road. 01282 424999,,,,,,,,,,,,,,Merkazie Jamia Mosque Ghosia Burnley,,,,,66-68 Colne Road
-0.061916113,51.62153038,*[300WSufiTurk]Mevlana Rumi Mosque & Dialogue Centre. 337 Fore Street. 020 8884 2737,,,,,,,,,,,,,,Mevlana Rumi Mosque & Dialogue Centre,,,,,337 Fore Street
0.0185134,51.5096804,*[300WArab]MIA Centre and Masjid. 190 Victoria Dock Road. 07903 877386,,,,,,,,,,,,,,MIA Centre and Masjid,,,,,190 Victoria Dock Road
-0.099896193,50.99172797,*[100Deob]Mid Sussex Islamic Centre and Mosque. 19 Wivelsfield Road. 01444 628909,,,,,,,,,,,,,,Mid Sussex Islamic Centre and Mosque,,,,,19 Wivelsfield Road
-0.033727045,51.52334189,*[400NoWDeobBangla]Mile End Bengali Muslim Association. 97-103 Hamlets Way. 07515 538621,,,,,,,,,,,,,,Mile End Bengali Muslim Association,,,,,97-103 Hamlets Way
-0.213004947,51.13273021,"*[300WShia]Millat Jafaria. Jaffariya House, Bonnetts Lane. ",,,,,,,,,,,,,,Millat Jafaria,,,,,"Jaffariya House, Bonnetts Lane"
-1.776131988,53.78649923,*[1000BrelPkstn]Millat-e-Islamia. 15 Ivanhoe Road. ,,,,,,,,,,,,,,Millat-e-Islamia,,,,,15 Ivanhoe Road
-0.023265481,51.49861729,"*[150NoWJBangla]Millwall Bangladeshi  Association. Alpha Grove Community Centre, Alpha Grove. 07956 222606",,,,,,,,,,,,,,Millwall Bangladeshi  Association,,,,,"Alpha Grove Community Centre, Alpha Grove"
-2.006573975,52.57756915,*[200BrelPkstn]Minhaj Education Centre. 49 Woodwards Road. 07950 917538,,,,,,,,,,,,,,Minhaj Education Centre,,,,,49 Woodwards Road
-4.21287328,55.82690735,*[400WBrelPkstn]Minhaj ul Quran International. 48 Greenhill Road. 0141 647 7483,,,,,,,,,,,,,,Minhaj ul Quran International,,,,,48 Greenhill Road
-2.257996202,53.45236881,*[600WBrelPkstn]Minhaj Ul Quran International (Manchester). 122 Withington Road. 0161 226 7172,,,,,,,,,,,,,,Minhaj Ul Quran International (Manchester),,,,,122 Withington Road
-2.127646208,53.53392804,*[275WBrel]Minhaj-ul-Qur'an Islamic Educational Centre. 138 Werneth Hall Road. 0161 682 4447,,,,,,,,,,,,,,Minhaj-ul-Qur'an Islamic Educational Centre,,,,,138 Werneth Hall Road
-2.143545002,53.62215493,*[250W]Misbahul Uloom Urdu Centre. 58-60 Morley Street. 01706 343551,,,,,,,,,,,,,,Misbahul Uloom Urdu Centre,,,,,58-60 Morley Street
-0.164169967,51.40660485,*[300NoWDeobGujrti]Mitcham Islamic Centre. 246-248 London Road. none,,,,,,,,,,,,,,Mitcham Islamic Centre,,,,,246-248 London Road
-0.164230317,51.40754681,*[Arab]Mitcham Makkah Masjid. 226 London Road. 020 8254 5826,,,,,,,,,,,,,,Mitcham Makkah Masjid,,,,,226 London Road
-0.228164792,52.57545017,"*[550WShiaPkstn]MKSI Community Hussaini Islamic Centre. 2, 4 and 6 Burton Street. 01733 568592",,,,,,,,,,,,,,MKSI Community Hussaini Islamic Centre,,,,,"2, 4 and 6 Burton Street"
-0.097382963,51.38554863,*[200W]MM-UK Islamic Centre. 75-77 Whitehorse Road. ,,,,,,,,,,,,,,MM-UK Islamic Centre,,,,,75-77 Whitehorse Road
-1.863386929,52.45954949,*[250NoWDeob]Mohammedi Islamic Centre. 171 Walford Road. 0121 766 6388,,,,,,,,,,,,,,Mohammedi Islamic Centre,,,,,171 Walford Road
-3.174973726,55.97230929,*[2000WSufiPkstn]Mohiuddin Jamia Masjid & Education Centre. 123 Great Junction Street. 0131 555 1116,,,,,,,,,,,,,,Mohiuddin Jamia Masjid & Education Centre,,,,,123 Great Junction Street
-3.1796005,55.9498952,"[50WmultiStdnt]Moray House Prayer Room. Moray House School of Education, Paterson's Land, Holyrood R.... ",,,,,,,,,,,,,,Moray House Prayer Room,,,,,"Moray House School of Education, Paterson's Land, Holyrood R"
-0.196466446,51.40072006,*[1000WDeob]Morden Islamic Centre. 116 London Road. 020 8540 0302,,,,,,,,,,,,,,Morden Islamic Centre,,,,,116 London Road
-0.216743946,51.55572835,*[2300WBrelPkstn]Mosque & Islamic Centre of Brent. 33a Howard Road and 26a Chichele Road. 020 8450 1986,,,,,,,,,,,,,,Mosque & Islamic Centre of Brent,,,,,33a Howard Road and 26a Chichele Road
-8.48777,51.8743,"*[100]Mosque & Islamic Society. Unit D, Sitecast Industrial Estate. +353",,,,,,,,,,,,,,Mosque & Islamic Society,,,,,"Unit D, Sitecast Industrial Estate"
-1.146118641,52.96244052,*[300WIrregPkstn]Mosque and Community Centre. 163 Woodborough Road. 0115 958 2973,,,,,,,,,,,,,,Mosque and Community Centre,,,,,163 Woodborough Road
-0.052005351,51.41463686,*[70NoWDeob]Mosque and Islamic Centre. 157a High Street. 020 8659 0042,,,,,,,,,,,,,,Mosque and Islamic Centre,,,,,157a High Street
-3.524988592,50.72925532,*[700W]Mosque and Islamic Centre for the South West. 12-13 York Road. 01392 250597,,,,,,,,,,,,,,Mosque and Islamic Centre for the South West,,,,,12-13 York Road
-3.183323443,55.94741184,*[150NoWDeobPkstn]Mosque And Islamic Community Centre. 12 Roxburgh Street. 0131 556 1902,,,,,,,,,,,,,,Mosque And Islamic Community Centre,,,,,12 Roxburgh Street
-1.866830885,52.45716984,*[250NoWBrel]Mosque Gamkol Sharif Darbar-e-Alia. 38 Warwick Road. 0121 773 8120,,,,,,,,,,,,,,Mosque Gamkol Sharif Darbar-e-Alia,,,,,38 Warwick Road
-1.636214,53.709396,*[750NoWDeobGujrti]Mount Pleasant Medina Islamic Trust. Purlwell Lane. 01924 472378,,,,,,,,,,,,,,Mount Pleasant Medina Islamic Trust,,,,,Purlwell Lane
-0.049168915,51.56477957,*[40NJDeobPkstn]Mount Pleasant Musallah. Woodmill Road. ,,,,,,,,,,,,,,Mount Pleasant Musallah,,,,,Woodmill Road
-2.488387227,53.75270115,*[500Brel]Muhaddith al A'zam Mission. 31A Wellington Street. 01254 581551,,,,,,,,,,,,,,Muhaddith al A'zam Mission,,,,,31A Wellington Street
-1.107855588,52.64465381,*[200Brel]Muhaddith-e-Azam Mission Leicester. 170 Prestwold Road. 0116 2123481,,,,,,,,,,,,,,Muhaddith-e-Azam Mission Leicester,,,,,170 Prestwold Road
0.08451372,51.56109251,*[200Brel]Muhaddith-e-Azam Mission London. 378 High Road. 020 8599 0768,,,,,,,,,,,,,,Muhaddith-e-Azam Mission London,,,,,378 High Road
-1.764807701,53.80334055,"*[1400WSalfPkstn]Muhammadi Masjid. 5 Camden Terrace, Lumb Lane. 01274 728993",,,,,,,,,,,,,,Muhammadi Masjid,,,,,"5 Camden Terrace, Lumb Lane"
-2.207549214,53.83659139,*[500WSalfPkstn]Muhammadi Masjid. 125a Netherfield Road. 01282 698229,,,,,,,,,,,,,,Muhammadi Masjid,,,,,125a Netherfield Road
-0.216907561,51.55285652,"*[600IrregShia]Muhammadi Trust  of Great Britain & Northern Ireland. Gerard Court, 131 Walm Lane. 020 8452 1739",,,,,,,,,,,,,,Muhammadi Trust  of Great Britain & Northern Ireland,,,,,"Gerard Court, 131 Walm Lane"
-2.073706985,53.45070766,*[IrregSufi]Muhammadiyah House of Wisdom. 33 Ridling Lane. 0161 351 1975,,,,,,,,,,,,,,Muhammadiyah House of Wisdom,,,,,33 Ridling Lane
-1.722334921,53.79800212,*[150NoWDeobPkstn]Musalaah Jamiah Farooqiah. 432 Barkerend Road. ,,,,,,,,,,,,,,Musalaah Jamiah Farooqiah,,,,,432 Barkerend Road
-3.781700134,56.12003104,*[180WDeobPkstn]Musalla as salaam. 97 Whins Road. 01259 724623,,,,,,,,,,,,,,Musalla as salaam,,,,,97 Whins Road
-0.066839308,51.54772115,*[100Deob]Musalla Dalston Lane. Madinah Road. ,,,,,,,,,,,,,,Musalla Dalston Lane,,,,,Madinah Road
-0.074260978,51.55986899,*[100WDeob]Musallaa An-Noor. 101 Stoke Newington High Street. 07505 711312,,,,,,,,,,,,,,Musallaa An-Noor,,,,,101 Stoke Newington High Street
-6.647028923,55.14954234,"*[200Salf]Muslim Association of Coleraine. Unit 6A Gateside Business Park, Gateside Road. 028 7032 7032",,,,,,,,,,,,,,Muslim Association of Coleraine,,,,,"Unit 6A Gateside Business Park, Gateside Road"
-1.806339026,51.0725366,*[300NoWSufiBangla]Muslim Association of Salisbury. 25 Wilton Road. 01722 341989,,,,,,,,,,,,,,Muslim Association of Salisbury,,,,,25 Wilton Road
-0.009886622,51.56103123,*[500WBrelPkstn]Muslim Community Trust (Jamia Masjid). 324-328 High Road. 020 8532 8858,,,,,,,,,,,,,,Muslim Community Trust (Jamia Masjid),,,,,324-328 High Road
-0.157687068,51.36335398,"*[280WDeobPkstn]Muslim Cultural and Welfare Association. Wentworth Hall, 80 Ruskin Road. 020 8647 9041",,,,,,,,,,,,,,Muslim Cultural and Welfare Association,,,,,"Wentworth Hall, 80 Ruskin Road"
-0.1997,51.36441,"*[250WJ]Muslim Cultural and Welfare Association of Sutton. Sutton Youth Centre, Robin Hood Lane. 020 8647 9041",,,,,,,,,,,,,,Muslim Cultural and Welfare Association of Sutton,,,,,"Sutton Youth Centre, Robin Hood Lane"
-0.203719139,51.52146147,*[1500WArabArab]Muslim Cultural Heritage Centre. 244 Acklam Road. 020 8964 1496,,,,,,,,,,,,,,Muslim Cultural Heritage Centre,,,,,244 Acklam Road
-0.065083802,51.61256208,*[500WJ]Muslim Cultural Society Mosque. 131-133 Fore Street. 020 8345 7008,,,,,,,,,,,,,,Muslim Cultural Society Mosque,,,,,131-133 Fore Street
-0.728901029,51.63788526,"*[50WDeob]Muslim Education Centre. 4 The Parade, Totteridge Drive. 01494 522786",,,,,,,,,,,,,,Muslim Education Centre,,,,,"4 The Parade, Totteridge Drive"
-0.165098012,51.51890126,"*[50WShia]Muslim Institute Trust. Abrar House, 45 Crawford Place. 020 7724 3033",,,,,,,,,,,,,,Muslim Institute Trust,,,,,"Abrar House, 45 Crawford Place"
-3.252924085,51.41020195,*[750WDeob]Muslim Welfare Association Centre. 332 Holton Road. 01446 745822,,,,,,,,,,,,,,Muslim Welfare Association Centre,,,,,332 Holton Road
-1.222296059,54.68627996,*[70]Muslim Welfare Association Hartlepool. 94 Milton Road. ,,,,,,,,,,,,,,Muslim Welfare Association Hartlepool,,,,,94 Milton Road
-1.620999724,54.98282757,*[100NoWJSalf]Muslim Welfare House (Durham). 6 North Terrace. 0191 232 3055,,,,,,,,,,,,,,Muslim Welfare House (Durham),,,,,6 North Terrace
-1.496174,53.379526,*[450WSalfArab]Muslim Welfare House (Sheffield). 10-12 Severn Road. 0114 267 1969,,,,,,,,,,,,,,Muslim Welfare House (Sheffield),,,,,10-12 Severn Road
-0.135987997,51.51948041,*[830WArabArab]Muslim World League. 46 Goodge Street. 020 7636 7568,,,,,,,,,,,,,,Muslim World League,,,,,46 Goodge Street
-2.471642196,53.75822769,*[100IrregDeob]Muslim Youth Centre. 89 Whalley New Road. 01254 56400,,,,,,,,,,,,,,Muslim Youth Centre,,,,,89 Whalley New Road
-2.237506807,53.48400455,"*[200IrregArab]Muslim Youth Foundation. 4th Floor Clydesdale House, 27 Turner Street. 0161 832 5352",,,,,,,,,,,,,,Muslim Youth Foundation,,,,,"4th Floor Clydesdale House, 27 Turner Street"
-2.147843242,53.6103946,*[200Shia]Mustapha Islamic Centre. 59 Fishwick Street. 07956 299745,,,,,,,,,,,,,,Mustapha Islamic Centre,,,,,59 Fishwick Street
0.177133083,51.45288706,*[300WDeobBangla]N W Kent Muslim Association. 60 Crayford High Street. 01322 552857,,,,,,,,,,,,,,N W Kent Muslim Association,,,,,60 Crayford High Street
-2.123814672,53.53553333,"*[700WBrel]Nagina Mosque and Urdu School. 74 Werneth Hall Road, St Thomas Street. 0161 624 0237",,,,,,,,,,,,,,Nagina Mosque and Urdu School,,,,,"74 Werneth Hall Road, St Thomas Street"
-1.632462144,54.97052298,"*[200WIrregSufi]Nali Community Cantre. First Floor,  46 - 50 Elswick Road. ",,,,,,,,,,,,,,Nali Community Cantre,,,,,"First Floor, 46 - 50 Elswick Road"
-2.169440389,53.02708066,*[120WBrelPkstn]Naqshabandia Mosque. 18 Dyke Street. 01782 287432,,,,,,,,,,,,,,Naqshabandia Mosque,,,,,18 Dyke Street
-2.471242547,53.74146186,*[200Sufi]Naqshbandia Aslamiyya Spiritual Centre. 78 Pringle Street. ,,,,,,,,,,,,,,Naqshbandia Aslamiyya Spiritual Centre,,,,,78 Pringle Street
-1.669278145,53.68224024,*[250SufiPkstn]Naqshbandiyya Mujaddadiyya Aslamiyya Spiritual Community Centre. 130 North Road. 07869 435562,,,,,,,,,,,,,,Naqshbandiyya Mujaddadiyya Aslamiyya Spiritual Community Centre,,,,,130 North Road
-2.173233032,53.4992823,*[300WArab]NASFAT Islamic Centre. 2 Regent Street. 0161 683 4926,,,,,,,,,,,,,,NASFAT Islamic Centre,,,,,2 Regent Street
-0.080246329,51.49451867,*[150WArab]Nasrul-lahi-Il-Fathi Society of Nigeria. 33 Pages Walk. 020 7394 5237,,,,,,,,,,,,,,Nasrul-lahi-Il-Fathi Society of Nigeria,,,,,33 Pages Walk
-3.773150762,51.67630346,*[200DeobBangla]Neath Mosque and Islamic Cultural Centre. St Annes Terrace. 01639 637358,,,,,,,,,,,,,,Neath Mosque and Islamic Cultural Centre,,,,,St Annes Terrace
-2.217264175,53.83120021,"*[200BrelPkstn]Nelson Community Masjid. Masonic Hall, Bradshaw Street. 07830 361772",,,,,,,,,,,,,,Nelson Community Masjid,,,,,"Masonic Hall, Bradshaw Street"
-2.086220831,52.4953957,*[300Brel]Netherton Islamic Trust. 61-69 Cinder Bank. 07305 885786,,,,,,,,,,,,,,Netherton Islamic Trust,,,,,61-69 Cinder Bank
-1.649023444,53.69815076,"*[500Deob]new location for Masjid Uthman 2017. Former Westborough Methodist Church, Green Lane. 07968 554203",,,,,,,,,,,,,,new location for Masjid Uthman 2017,,,,,"Former Westborough Methodist Church, Green Lane"
-2.221872211,53.83303323,*[200MaudPkstn]New Madina Masjid. 146-150 Manchester Road. 01282 694471,,,,,,,,,,,,,,New Madina Masjid,,,,,146-150 Manchester Road
0.11695571,51.61079486,*[250Pkstn]New North Road Community Centre. 628 New North Road. 07424 086067,,,,,,,,,,,,,,New North Road Community Centre,,,,,628 New North Road
-0.076421499,51.48447302,*[800WIrregSufiTurk]New Peckham Mosque. 99-101 Cobourg Road. not known,,,,,,,,,,,,,,New Peckham Mosque,,,,,99-101 Cobourg Road
-0.800997255,53.08197903,*[50Brel]Newark Islamic Centre. 83-85 Appleton Gate. 07495 067466,,,,,,,,,,,,,,Newark Islamic Centre,,,,,83-85 Appleton Gate
-1.328508854,51.39660511,*[200NoWDeobBangla]Newbury Jamme Masjid. 33a Pound Street. 07960 631817,,,,,,,,,,,,,,Newbury Jamme Masjid,,,,,33a Pound Street
0.091592073,51.58142658,*[300SalfBangla]Newbury Park Islamic Cultural Centre. 117 Oaks Lane. 07425 176469,,,,,,,,,,,,,,Newbury Park Islamic Cultural Centre,,,,,117 Oaks Lane
-1.644022465,54.96883864,*[300NoWDeobBangla]Newcastle Bangladesh Association Masjid. 246-248 Elswick Road. 0191 226 1499,,,,,,,,,,,,,,Newcastle Bangladesh Association Masjid,,,,,246-248 Elswick Road
-1.647348404,54.97346963,"*[350WSalf]Newcastle Central Mosque. The White House, New Care House, Grainger Park Road. 0191 273 0262",,,,,,,,,,,,,,Newcastle Central Mosque,,,,,"The White House, New Care House, Grainger Park Road"
-1.64462328,54.97002723,*[80WDeobBangla]Newcastle Muslim Centre. Bentinck Road. 0191 273 5563,,,,,,,,,,,,,,Newcastle Muslim Centre,,,,,Bentinck Road
0.03192097,51.54413655,*[475WDeobPkstn]Newham North Islamic Association. 88 Green Street. 020 8586 8439,,,,,,,,,,,,,,Newham North Islamic Association,,,,,88 Green Street
0.4033882,52.2452515,*[200DeobMix]Newmarket Islamic Cultural Centre. 16 St Mary's Square. 07971 466071,,,,,,,,,,,,,,Newmarket Islamic Cultural Centre,,,,,16 St Mary's Square
-2.996907234,51.58491991,*[300DeobBangla]Newport Central Mosque. 63-65 Stow Hill. 01633 251330,,,,,,,,,,,,,,Newport Central Mosque,,,,,63-65 Stow Hill
-2.243632972,53.42186193,*[50Sufi]Nimatullahi Sufi Order Centers. 95 Old Lansdowne Road. 0161 434 8857,,,,,,,,,,,,,,Nimatullahi Sufi Order Centers,,,,,95 Old Lansdowne Road
-1.099273861,52.63170359,"*[60DeobGujrti]Noor ul Islam. Linden House, Linden Street. ",,,,,,,,,,,,,,Noor ul Islam,,,,,"Linden House, Linden Street"
-1.718526185,53.80598647,*[500WBrelPkstn]Noor Ul Islam Masjid and Madrasah. 24 Gain Lane. 01274637451,,,,,,,,,,,,,,Noor Ul Islam Masjid and Madrasah,,,,,24 Gain Lane
-3.17313,51.472885,"*[270WSalf]Noor ul Islam Mosque. Islamic Court, 17 Maria Street. 029 2022 5044",,,,,,,,,,,,,,Noor ul Islam Mosque,,,,,"Islamic Court, 17 Maria Street"
-1.427379102,53.3896788,*[100NoWArabArab]Noor-Al Hadi Mosque. 275 Staniforth Road and 1 Swarncliffe Road. 0114 244 6179,,,,,,,,,,,,,,Noor-Al Hadi Mosque,,,,,275 Staniforth Road and 1 Swarncliffe Road
-2.710224688,53.77807714,*[200BrelPkstn]Noorani Education Centre. 175-177 Garstang Road. 01772 827324,,,,,,,,,,,,,,Noorani Education Centre,,,,,175-177 Garstang Road
-1.775399745,53.78854495,*[1000NoWDeobGujrti]Noor-ul-Islam Mosque. 58-62 St Margaret's Road. 01274 575919,,,,,,,,,,,,,,Noor-ul-Islam Mosque,,,,,58-62 St Margaret's Road
-0.008634031,51.57227864,*[900WDeobGujrti]Noor-ur-Islam Mosque. 711-715 High Road. 020 8558 0786,,,,,,,,,,,,,,Noor-ur-Islam Mosque,,,,,711-715 High Road
-0.124624819,51.41328017,*[400NoWDeobGujrti]Norbury Islamic Academy. 1595-1597 London Road. 07956 501066,,,,,,,,,,,,,,Norbury Islamic Academy,,,,,1595-1597 London Road
-0.11861667,51.40233816,*[200WSalf]Norbury Muslim Centre. 1116 London Road. ,,,,,,,,,,,,,,Norbury Muslim Centre,,,,,1116 London Road
-4.05725956,51.08265842,*[50NoWJBangla]North Devon Islamic Culture Centre. 9 Vicarage Street. 07886 445371,,,,,,,,,,,,,,North Devon Islamic Culture Centre,,,,,9 Vicarage Street
-0.402883887,51.68266075,*[800WBrelPkstn]North Jamia Watford Mosque. 167 North Western Avenue. 01923 682325,,,,,,,,,,,,,,North Jamia Watford Mosque,,,,,167 North Western Avenue
-1.206092834,53.14383274,*[300]North Nottinghamshire Muslim Welfare Association. 36 Bancroft Lane. ,,,,,,,,,,,,,,North Nottinghamshire Muslim Welfare Association,,,,,36 Bancroft Lane
-0.205403566,51.52854051,*[120NoWSufiBangla]North Westminster Muslim Cultural Association. 12 Lancefield Street. 020 8968 8187,,,,,,,,,,,,,,North Westminster Muslim Cultural Association,,,,,12 Lancefield Street
-0.887408853,52.24371642,*[300Salf]Northampton Mosque and Islamic Centre. 72 Clare Street. 07951 816208,,,,,,,,,,,,,,Northampton Mosque and Islamic Centre,,,,,72 Clare Street
-1.095301509,52.65250521,*[300DeobGujrti]Northfields Education Centre. 8 Essex Road. ,,,,,,,,,,,,,,Northfields Education Centre,,,,,8 Essex Road
-1.60774827,54.97753978,"*[30]Northumbria University Prayer Room. Rear of Claude Gibb Hall, Northumberland Building, City Camp.... 0191 2273284",,,,,,,,,,,,,,Northumbria University Prayer Room,,,,,"Rear of Claude Gibb Hall, Northumberland Building, City Camp"
1.266909242,52.63546069,*[250WSalf]Norwich and Norfolk Muslim Association. 286 Dereham Road. 01603 626661,,,,,,,,,,,,,,Norwich and Norfolk Muslim Association,,,,,286 Dereham Road
1.288887262,52.62719562,*[250WSufi]Norwich Ihsan Mosque. 17 Chapelfields East. 0870 730 0027,,,,,,,,,,,,,,Norwich Ihsan Mosque,,,,,17 Chapelfields East
-1.170553565,52.96063263,*[350WSalf]Nottingham Islam Information Point. 1 Bovill Street. 0115 845 8520,,,,,,,,,,,,,,Nottingham Islam Information Point,,,,,1 Bovill Street
-1.194312572,52.93828059,"*[50Stdnt]Nottingham University Islamic Society. Students' Union, Portland Building, University Park. 0115 951 5151",,,,,,,,,,,,,,Nottingham University Islamic Society,,,,,"Students' Union, Portland Building, University Park"
-1.169528961,52.96621762,"*[100J]Notts New Muslims. c/o Hyson Green Youth Centre, Terrace Street. 0115 910 9955",,,,,,,,,,,,,,Notts New Muslims,,,,,"c/o Hyson Green Youth Centre, Terrace Street"
-1.473321319,52.51931708,"*[200ShiaPkstn]Nuneaton Imam Ali (AS) Centre. St. Johns Ambulance Hall, 15 Princes Avenue. 07970 773443",,,,,,,,,,,,,,Nuneaton Imam Ali (AS) Centre,,,,,St
-1.472130418,52.51809298,"*[1000NoWDeobGujrti]Nuneaton Muslim Society. The Mosque, Frank Street. 024 7638 2372",,,,,,,,,,,,,,Nuneaton Muslim Society,,,,,"The Mosque, Frank Street"
0.089599192,51.35035299,*[300DeobBangla]Nurani Cultural Centre & Mosque. 95 High Street. 01689 853982,,,,,,,,,,,,,,Nurani Cultural Centre & Mosque,,,,,95 High Street
-1.142603,52.957536,*[2500WBrelPkstn]Nurani Jami Masjid. 3 Curzon Street. 0115 950 9965,,,,,,,,,,,,,,Nurani Jami Masjid,,,,,3 Curzon Street
-0.717005432,51.52545587,*[500WBrelPkstn]Nur-ul-Islam Mosque. Holmanleaze. 01628 629423,,,,,,,,,,,,,,Nur-ul-Islam Mosque,,,,,Holmanleaze
-1.77071929,53.79442167,*[400NoWDeobPkstn]Nusrat-e-Islami Masjid. 94-98 Preston Street. none,,,,,,,,,,,,,,Nusrat-e-Islami Masjid,,,,,94-98 Preston Street
-2.098276019,53.53646427,*[550WDeobPkstn]Nusrat-ul-Islam Masjid and Community Education Centre. 47-75 Pitt Street. ,,,,,,,,,,,,,,Nusrat-ul-Islam Masjid and Community Education Centre,,,,,47-75 Pitt Street
-2.709833086,53.76363936,"*[30WNJStdnt]Oasis Faith and Spirituality Centre. University of Central Lancashire, Kirkham Street. ",,,,,,,,,,,,,,Oasis Faith and Spirituality Centre,,,,,"University of Central Lancashire, Kirkham Street"
-0.075284243,51.48761305,*[250WArab]Old Kent Road Mosque & Islamic Cultural Centre. 365 Old Kent Road. 020 7231 0100,,,,,,,,,,,,,,Old Kent Road Mosque & Islamic Cultural Centre,,,,,365 Old Kent Road
-1.105268598,52.64188185,*[225WSalfPkstn]Old premises of Masjid at-Taqwa. 1 Harewood Street. 0116 212 5802,,,,,,,,,,,,,,Old premises of Masjid at-Taqwa,,,,,1 Harewood Street
-2.127463818,53.54491358,*[2000WBangla]Oldham Central Masjid and Islamic Centre. Featherstall Road North. 01616522793,,,,,,,,,,,,,,Oldham Central Masjid and Islamic Centre,,,,,Featherstall Road North
-2.126374841,53.54261213,*[200NoWDeobBangla]Oldham Mosque and Islamic Centre. 156-158 Middleton Road. 0161 678 6748,,,,,,,,,,,,,,Oldham Mosque and Islamic Centre,,,,,156-158 Middleton Road
-2.132613659,53.54393181,"*[400MaudBangla]Oldham Muslim Centre. Compass House, Neville Street. 0161 633 7586",,,,,,,,,,,,,,Oldham Muslim Centre,,,,,"Compass House, Neville Street"
0.13563931,52.23208065,*[300SufiBangla]Omar Faruque Mosque and Cultural Centre. Kirkwood Road. none,,,,,,,,,,,,,,Omar Faruque Mosque and Cultural Centre,,,,,Kirkwood Road
-1.231096387,51.7477309,"*[1250WBrelPkstn]Oxford Central Mosque. Asian Community Centre, Manzil Way, off Cowley Road. 01865 245547",,,,,,,,,,,,,,Oxford Central Mosque,,,,,"Asian Community Centre, Manzil Way, off Cowley Road"
-1.868853271,52.45628235,*[700WMaudPkstn]Paigham-e-Islam Trust. 423 Stratford Road and 2 Fulham Road. 0121 773 8301,,,,,,,,,,,,,,Paigham-e-Islam Trust,,,,,423 Stratford Road and 2 Fulham Road
-4.43468391,55.84454995,*[350W]Paisley Muslim Community Centre. 22 Wellmeadow Street. ,,,,,,,,,,,,,,Paisley Muslim Community Centre,,,,,22 Wellmeadow Street
-1.83763504,52.47399784,"*[500DeobPkstn]Pak Pashtoon Association. British Pushtoon House, 112 Hob Moor Road. 07930 005128",,,,,,,,,,,,,,Pak Pashtoon Association,,,,,"British Pushtoon House, 112 Hob Moor Road"
-0.158609748,51.49935616,*[100NoWPkstn]Pakistan High Commission. 35 Lowndes Square. 020 7235 2044,,,,,,,,,,,,,,Pakistan High Commission,,,,,35 Lowndes Square
-2.283326983,53.70061284,*[240WDeobPkstn]Pakistan Islamic Centre. 16-18 Peter Street. not known,,,,,,,,,,,,,,Pakistan Islamic Centre,,,,,16-18 Peter Street
-0.655038357,53.59199538,*[400WDeobPkstn]Pakistan Islamic Centre. 4 Parkinson Avenue. 01724 853569,,,,,,,,,,,,,,Pakistan Islamic Centre,,,,,4 Parkinson Avenue
-1.962926388,52.48762155,*[600WBrelPkstn]Pakistani Muslim Community Centre. 1-7 Corbett Street. 0121 555 6047,,,,,,,,,,,,,,Pakistani Muslim Community Centre,,,,,1-7 Corbett Street
-1.629765183,53.71554341,*[100Deob]Park Road Masjid. 13 Park Road. 07974 412347,,,,,,,,,,,,,,Park Road Masjid,,,,,13 Park Road
-0.069437027,51.46745217,*[1200WDeob]Peckham Islamic Centre. 12 Choumert Grove. 020 7277 8500,,,,,,,,,,,,,,Peckham Islamic Centre,,,,,12 Choumert Grove
-2.754527405,54.6654155,*[50Bangla]Penrith Community Baitul Aman Mosque. 17 Middlegate. 01768 892300,,,,,,,,,,,,,,Penrith Community Baitul Aman Mosque,,,,,17 Middlegate
-3.447915316,56.39587821,*[100W]Perth Islamic Society. 65 Glasgow Road. 01738 440442,,,,,,,,,,,,,,Perth Islamic Society,,,,,65 Glasgow Road
-4.141191244,50.37694642,*[225WBrelBangla]Plymouth and Cornwall Islamic Centre. 112 North Road East. 01752 662330,,,,,,,,,,,,,,Plymouth and Cornwall Islamic Centre,,,,,112 North Road East
-0.009983182,51.51150021,*[200NoWSufiBangla]Poplar Central Mosque. 253 East India Dock Road. 020 7536 0726,,,,,,,,,,,,,,Poplar Central Mosque,,,,,253 East India Dock Road
-0.00977665,51.51103949,*[500NoWDeobBangla]Poplar Mosque & Community Centre. 6 Webber Path. 020 7515 5680,,,,,,,,,,,,,,Poplar Mosque & Community Centre,,,,,6 Webber Path
-3.7792781,51.59265061,"*[200DeobBangla]Port Talbot Masjid & Islamic Centre. Community Centre, Oakwood Road. 01639 894252",,,,,,,,,,,,,,Port Talbot Masjid & Islamic Centre,,,,,"Community Centre, Oakwood Road"
-3.119146228,55.95532085,*[160WBrelPkstn]Portobello Islamic Educational Centre. 3 Fishwives Causeway. 0131 657 1581,,,,,,,,,,,,,,Portobello Islamic Educational Centre,,,,,3 Fishwives Causeway
-1.077389717,50.79806917,*[300NoWDeobBangla]Portsmouth Central Masjid. 300 Somers Road North. 02392 865030,,,,,,,,,,,,,,Portsmouth Central Masjid,,,,,300 Somers Road North
-1.079603881,50.79409097,*[850WDeobBangla]Portsmouth Jamia Mosque. 111 Victoria Road North. 02392 832541,,,,,,,,,,,,,,Portsmouth Jamia Mosque,,,,,111 Victoria Road North
-1.087091267,50.80683477,"*[150WDeobPkstn]Portsmouth Muslim Academy. Mile End Chapel, Old Commercial Road. 023 9282 2960",,,,,,,,,,,,,,Portsmouth Muslim Academy,,,,,"Mile End Chapel, Old Commercial Road"
-3.385822177,51.76452166,[20Wmulti]Prince Charles Hospital Mosque. Prince Charles Hospital. ,,,,,,,,,,,,,,Prince Charles Hospital Mosque,,,,,Prince Charles Hospital
-0.113196828,51.33901151,*[300W]Purley Masjid. 63 Whytecliffe Road South. 07801 554874,,,,,,,,,,,,,,Purley Masjid,,,,,63 Whytecliffe Road South
-0.12415097,51.33061596,"*[20NJDeob]Purley musallah. behind 1 The Parade, Old Lodge Lane. ",,,,,,,,,,,,,,Purley musallah,,,,,"behind 1 The Parade, Old Lodge Lane"
-2.285596132,53.5967201,*[450WBrel]Qadria Jilania Islamic Centre and Cultural Association. Church Street. 0161 764 7306,,,,,,,,,,,,,,Qadria Jilania Islamic Centre and Cultural Association,,,,,Church Street
-1.873662472,52.45733655,*[200Brel]Qadria Trust Masjid Community & Education Centre. 26 Alfred Street. 0121 688 0821,,,,,,,,,,,,,,Qadria Trust Masjid Community & Education Centre,,,,,26 Alfred Street
-0.20044282,51.54414823,"*[200WArab]Qalam Education Centre. The Accord Centre, 292-294 Kilburn High Road. 020 3952 3213",,,,,,,,,,,,,,Qalam Education Centre,,,,,"The Accord Centre, 292-294 Kilburn High Road"
-0.248984098,52.58261028,*[100IrregBrelPkstn]Qasimani Madrassa. 4 Bamber Street. 01733 557088,,,,,,,,,,,,,,Qasimani Madrassa,,,,,4 Bamber Street
-0.187684894,51.49249135,*[20ArabArab]Qatar Embassy Medical Office. 30 Collingham Gardens. ,,,,,,,,,,,,,,Qatar Embassy Medical Office,,,,,30 Collingham Gardens
-1.426975,53.394271,*[250WArabMix]Quba Cultural Mosque. 120 Worksop Road. 0114 244 0235,,,,,,,,,,,,,,Quba Cultural Mosque,,,,,120 Worksop Road
-0.422914624,51.50918985,"*[350WArab]Quba Islamic and Education Centre. Unit C, Golden Crescent. 020 8150 9299",,,,,,,,,,,,,,Quba Islamic and Education Centre,,,,,"Unit C, Golden Crescent"
-0.040856,51.522948,"[Stdnt]Queen Mary's Prayer rooms. Queen Mary's College University of London, Mile End Road. ",,,,,,,,,,,,,,Queen Mary's Prayer rooms,,,,,"Queen Mary's College University of London, Mile End Road"
-2.233507633,53.80782303,*[400NoWDeobPkstn]Queensgate Islamic Centre. Colne Road. ,,,,,,,,,,,,,,Queensgate Islamic Centre,,,,,Colne Road
-0.187384486,51.5111747,"[20W]Queensway Mosque. Unit A12, Queensway Market, 23 - 25 Queensway. ",,,,,,,,,,,,,,Queensway Mosque,,,,,"Unit A12, Queensway Market, 23 - 25 Queensway"
-1.999339387,52.4542045,*[100NoWBangla]Quinborne Muslim Education and Community Centre. 1 Simmons Drive. 07568 911125,,,,,,,,,,,,,,Quinborne Muslim Education and Community Centre,,,,,1 Simmons Drive
-2.530787587,51.47329746,*[130WDeob]Quran Academy Bristol. 26 Abingdon Road. 07852 238463,,,,,,,,,,,,,,Quran Academy Bristol,,,,,26 Abingdon Road
-0.456754714,51.74536113,*[400NoWBrel]Quwwatul Islam Markazi Jamia Mosque Mehria Ghosia. 150 St Albans Hill. 01442 243785,,,,,,,,,,,,,,Quwwatul Islam Markazi Jamia Mosque Mehria Ghosia,,,,,150 St Albans Hill
-2.686688304,53.76738414,*[800NoWDeobGujrti]Quwwatul Islam Masjid. Peel Hall Street. 01772 254578,,,,,,,,,,,,,,Quwwatul Islam Masjid,,,,,Peel Hall Street
0.025990605,51.54446073,*[1600NoWDeobGujrti]Quwwatul Islam Mosque. 62-66 Upton Lane. 020 8475 0126,,,,,,,,,,,,,,Quwwatul Islam Mosque,,,,,62-66 Upton Lane
-3.18701684,51.4747075,*[200NoWDeobPkstn]Rabbaniah Islamic Cultural Centre. 31-33 Clare Road. ,,,,,,,,,,,,,,Rabbaniah Islamic Cultural Centre,,,,,31-33 Clare Road
0.190710425,51.51920836,"*[100]Rainham Muslim Community Mosque. Royals Youth Centre, Viking Way. 01708 525601",,,,,,,,,,,,,,Rainham Muslim Community Mosque,,,,,"Royals Youth Centre, Viking Way"
-0.614917874,51.7072168,*[80NJ]Rawdhah Academy and Mosque. 1 Park Road. ,,,,,,,,,,,,,,Rawdhah Academy and Mosque,,,,,1 Park Road
-2.379355431,53.75194307,*[1700WBrelPkstn]Raza Jamia Masjid. 39 Lower Antley Street. 01254 233740,,,,,,,,,,,,,,Raza Jamia Masjid,,,,,39 Lower Antley Street
-2.374818474,53.75294855,*[200BrelPkstn]Raza Jamia Masjid Mosque. 229 Blackburn Road. ,,,,,,,,,,,,,,Raza Jamia Masjid Mosque,,,,,229 Blackburn Road
-2.805550396,54.04547099,*[150WBrelGujrti]Raza Masjid. 71 Blades Street. 07005 375907,,,,,,,,,,,,,,Raza Masjid,,,,,71 Blades Street
-1.880791783,52.50823857,*[550WBrelPkstn]Raza Mosque. 9-11 Serpentine Road and 2 Yew Tree Road.. 07882 658206,,,,,,,,,,,,,,Raza Mosque,,,,,9-11 Serpentine Road and 2 Yew Tree Road
-1.399072409,50.90950404,"*[80NoWBrelPkstn]Razvia Dar-ul-Uloom and Masjid. 5 Rowlands Buildings, Rowland Cut, off St Marys Road. 02380 231216",,,,,,,,,,,,,,Razvia Dar-ul-Uloom and Masjid,,,,,"5 Rowlands Buildings, Rowland Cut, off St Marys Road"
-0.947785378,51.44019071,"*[WStdnt]Reading University Muslim Society. Archway Lodge, Whiteknights Campus. ",,,,,,,,,,,,,,Reading University Muslim Society,,,,,"Archway Lodge, Whiteknights Campus"
0.051890016,51.57647612,*[300WMaudBangla]Redbridge Masjid & Islamic Centre. 179 Eastern Avenue. 07872 332321,,,,,,,,,,,,,,Redbridge Masjid & Islamic Centre,,,,,179 Eastern Avenue
0.065298379,51.57796798,"*[100NoWMaudBangla]Redbridge Mosque & Islamic Centre. 28-28a Woodford Avenue, also 34 and 36 Woodford Avenue. 020 8551 6189",,,,,,,,,,,,,,Redbridge Mosque & Islamic Centre,,,,,"28-28a Woodford Avenue, also 34 and 36 Woodford Avenue"
-0.048510432,51.51659795,*[2070WBangla]Redcoat Community Centre & Mosque. 256 Stepney Way. 020 7790 8577,,,,,,,,,,,,,,Redcoat Community Centre & Mosque,,,,,256 Stepney Way
0.10834165,51.5209798,"*[300Irreg]Riverside Muslim Association. Rivergate Centre, Minter Road. 07307 442225",,,,,,,,,,,,,,Riverside Muslim Association,,,,,"Rivergate Centre, Minter Road"
-0.2494341,51.4510404,*[20ArabMix]Roehampton Cultural Centre. 57 Minstead Gardens. 077991 320131,,,,,,,,,,,,,,Roehampton Cultural Centre,,,,,57 Minstead Gardens
0.164896846,51.5729588,*[60WDeob]Romford Mosque. 29 Lessington Avenue. 07877 052411,,,,,,,,,,,,,,Romford Mosque,,,,,29 Lessington Avenue
-1.251567006,52.37456921,"*[300W]Rugby Masjid. Grosvenor Hall, 88 Grosvenor Road. 01788 543680",,,,,,,,,,,,,,Rugby Masjid,,,,,"Grosvenor Hall, 88 Grosvenor Road"
-0.0767728,51.53526975,*[2750WSufiTurk]S&uuml;leymaniye C&#226mii. 212-216 Kingsland Road. 020 7684 9900,,,,,,,,,,,,,,S&uuml;leymaniye C&#226mii,,,,,212-216 Kingsland Road
-0.013153553,51.58305994,*[800WShiaPkstn]Sakina Islamic Centre. 7-8 Vestry Road. 020 8521 0088,,,,,,,,,,,,,,Sakina Islamic Centre,,,,,7-8 Vestry Road
-0.360070467,51.5867198,"*[500WShia]Salaam Centre. 39 Gloucester Road and North Harrow Assembly Hall, Station R.... 020 8863 6152",,,,,,,,,,,,,,Salaam Centre,,,,,"39 Gloucester Road and North Harrow Assembly Hall, Station R"
-2.251650095,53.45773197,*[120W]Salaam Community Association and Masjid. 42 Raby Street. 0161 226 8876,,,,,,,,,,,,,,Salaam Community Association and Masjid,,,,,42 Raby Street
-1.219879389,54.68621174,"*[400W]Salaam Community Centre. St Paul's Hall, Murray Street. ",,,,,,,,,,,,,,Salaam Community Centre,,,,,"St Paul's Hall, Murray Street"
-0.494143367,52.11711154,*[100]Salaam Masjid. 44-46 Bunyan Road. 07515 822486,,,,,,,,,,,,,,Salaam Masjid,,,,,44-46 Bunyan Road
-0.249306078,52.56518366,*[300Arab]Salahaddin Community Centre. Grove Street. ,,,,,,,,,,,,,,Salahaddin Community Centre,,,,,Grove Street
-2.213661969,53.43890681,*[200Maud]Salahadeen Al-Ayubi Mosque. 61-63 Ladybarn Lane. 0161 257 2777,,,,,,,,,,,,,,Salahadeen Al-Ayubi Mosque,,,,,61-63 Ladybarn Lane
-1.759019494,53.78824415,*[200]Salahadin Mosque. 62 Little Horton Lane. ,,,,,,,,,,,,,,Salahadin Mosque,,,,,62 Little Horton Lane
-0.171554089,51.51625662,*[410WArab]Salahuddin Trust. 1 Norfolk Place. 020 7402 6874,,,,,,,,,,,,,,Salahuddin Trust,,,,,1 Norfolk Place
-2.274615169,53.48621022,*[150WStdnt]Salford University Mosque. Newton Annexe (opposite Crescent Station). 0161 295 4191,,,,,,,,,,,,,,Salford University Mosque,,,,,Newton Annexe (opposite Crescent Station)
-1.761433482,52.40894127,*[100W]Sandalls Cottage (musallah). 1021 Warwick Road. 07947 215009,,,,,,,,,,,,,,Sandalls Cottage (musallah),,,,,1021 Warwick Road
-3.642273545,55.90065839,*[90WDeob]Sarajia Islamic Studies Centre. 5 Whitburn Road. 01506 635380,,,,,,,,,,,,,,Sarajia Islamic Studies Centre,,,,,5 Whitburn Road
-0.41030556,54.27908998,"*[200W]Scarborough Islamic Society. Unit 62, Roscoe Street. 07808 180780",,,,,,,,,,,,,,Scarborough Islamic Society,,,,,"Unit 62, Roscoe Street"
-0.654147863,53.59328486,*[550WDeob]Scunthorpe Central Mosque and Madani Madressa. 42-44 Percival Street. 01724 864810,,,,,,,,,,,,,,Scunthorpe Central Mosque and Madani Madressa,,,,,42-44 Percival Street
-2.228550911,53.46995387,"*[200SufiTurk]Selimiye C&acirc;mii. 4a Helmshore Walk, Skerry Close. 0161 273 2287",,,,,,,,,,,,,,Selimiye C&acirc;mii,,,,,"4a Helmshore Walk, Skerry Close"
0.098292232,51.56475039,*[600NoWDeobGujrti]Seven Kings Mosque. 645-647 High Road. 020 8590 8600,,,,,,,,,,,,,,Seven Kings Mosque,,,,,645-647 High Road
-0.073656142,51.58373577,*[70]Seven Sisters Islamic Centre. 41 Suffield Road. ,,,,,,,,,,,,,,Seven Sisters Islamic Centre,,,,,41 Suffield Road
-0.078921318,51.58549322,*[250WArab]Seven Sisters Masjid. 1a Lawrence Yard. 020 8802 6824,,,,,,,,,,,,,,Seven Sisters Masjid,,,,,1a Lawrence Yard
-0.054636598,51.51168217,*[1700WSufiBangla]Shadwell Jamme Masjid. 143-145 Shadwell Place. 020 3217 3048,,,,,,,,,,,,,,Shadwell Jamme Masjid,,,,,143-145 Shadwell Place
-0.544112921,51.32210391,*[2400WBrelPkstn]Shah Jahan Mosque. 149 Oriental Road. 01483 760679,,,,,,,,,,,,,,Shah Jahan Mosque,,,,,149 Oriental Road
-2.922988236,54.88744912,*[108NoWDeobBangla]Shah Jalal Al-Jumm'ah Masjid. 1-3 Brook Street. 01228 528686,,,,,,,,,,,,,,Shah Jalal Al-Jumm'ah Masjid,,,,,1-3 Brook Street
-0.188345,51.362389,*[260WDeobBangla]Shah Jalal Islamic Centre. 25 Carshalton Road. 07961 671507,,,,,,,,,,,,,,Shah Jalal Islamic Centre,,,,,25 Carshalton Road
0.116801485,52.21994846,*[20NoWBangla]Shah Jalal Islamic Centre. 107 Darwin Drive. 01223 366304,,,,,,,,,,,,,,Shah Jalal Islamic Centre,,,,,107 Darwin Drive
-1.493936777,52.41893735,*[500SufiBangla]Shah Jalal Jame Masjid. 75 Smith Street. ,,,,,,,,,,,,,,Shah Jalal Jame Masjid,,,,,75 Smith Street
-1.983053684,52.57827463,*[400DeobBangla]Shah Jalal Jame Masjid & Madrassa. 30-32 Mount Street and 48 Hart Street. 01922 647624,,,,,,,,,,,,,,Shah Jalal Jame Masjid & Madrassa,,,,,30-32 Mount Street and 48 Hart Street
-2.563918233,51.47074791,*[800NoWDeobBangla]Shah Jalal Jame Mosque. 468-470 Stapleton Road. 0117 951 9988,,,,,,,,,,,,,,Shah Jalal Jame Mosque,,,,,468-470 Stapleton Road
-0.657382608,53.59490859,*[275WSufiBangla]Shah Jalal Jam-e Mosque and Islamic Centre. 130 Sheffield Street. 01724 852265,,,,,,,,,,,,,,Shah Jalal Jam-e Mosque and Islamic Centre,,,,,130 Sheffield Street
-1.855603159,52.48995545,*[375WDeobBangla]Shah Jalal Jami Masjid. 1-3 Ralph Road. 0121 328 8981,,,,,,,,,,,,,,Shah Jalal Jami Masjid,,,,,1-3 Ralph Road
-2.28680849,53.70036196,*[250WDeobBangla]Shah Jalal Jamia Masjid & Islamic Centre. 13a Longholme Road. 01706 219151,,,,,,,,,,,,,,Shah Jalal Jamia Masjid & Islamic Centre,,,,,13a Longholme Road
-1.866645813,52.4579233,*[450WDeobBangla]Shah Jalal Jamia Masjid Bengali School and Islamic Centre. 61 Poplar Road and 111 Medlicott Road. 0121 771 4326,,,,,,,,,,,,,,Shah Jalal Jamia Masjid Bengali School and Islamic Centre,,,,,61 Poplar Road and 111 Medlicott Road
-1.941071749,52.50788594,*[100IrregSufiBangla]Shah Jalal Latifia Madrasha And Islamic School. 75 Rookery Road. ,,,,,,,,,,,,,,Shah Jalal Latifia Madrasha And Islamic School,,,,,75 Rookery Road
1.165409088,52.05644225,*[260WBangla]Shah Jalal Masjid. 110-112 St Helens Street. 01473 412983,,,,,,,,,,,,,,Shah Jalal Masjid,,,,,110-112 St Helens Street
-0.137481988,51.52734573,*[200NoWBrelBangla]Shah Jalal Masjid. Starcross Street. 020 7387 0046,,,,,,,,,,,,,,Shah Jalal Masjid,,,,,Starcross Street
-0.017544329,51.50961054,*[200NoWDeobBangla]Shah Jalal Masjid. 25 Hale Street. 07947 271883,,,,,,,,,,,,,,Shah Jalal Masjid,,,,,25 Hale Street
-2.443170548,53.09391614,*[400NoWDeobBangla]Shah Jalal Masjid. 47A Electricity Street. not known,,,,,,,,,,,,,,Shah Jalal Masjid,,,,,47A Electricity Street
-2.244815826,53.79708327,*[200NoWDeob]Shah Jalal Masjid & Madrassa. 112-114 Burns Street. none known,,,,,,,,,,,,,,Shah Jalal Masjid & Madrassa,,,,,112-114 Burns Street
-2.246650457,53.7960345,*[1000NoWDeobBangla]Shah Jalal Masjid & Madrassa. Burleigh Street. 07968 713416,,,,,,,,,,,,,,Shah Jalal Masjid & Madrassa,,,,,Burleigh Street
-1.638357639,54.9712281,*[300NoWDeobBangla]Shah Jalal Masjid and Islamic Cultural Centre. 26-28 Sceptre Street. 0191 272 4505,,,,,,,,,,,,,,Shah Jalal Masjid and Islamic Cultural Centre,,,,,26-28 Sceptre Street
-1.758751273,53.78653726,*[360NoWDeobBangla]Shah Jalal Mosque. 149 Little Horton Lane. 01274 304092,,,,,,,,,,,,,,Shah Jalal Mosque,,,,,149 Little Horton Lane
-2.924734354,53.1990695,*[430WDeobBangla]Shah Jalal Mosque. 23-25 Clifton Drive. 01244 316356,,,,,,,,,,,,,,Shah Jalal Mosque,,,,,23-25 Clifton Drive
-1.79545328,53.63654638,*[130WDeobBangla]Shah Jalal Mosque. 85 Fenton Road . 01484 450183,,,,,,,,,,,,,,Shah Jalal Mosque,,,,,85 Fenton Road
0.052780509,51.55226613,*[600WDeobBangla]Shah Jalal Mosque. 720-726 Romford Road. 020 8514 7772,,,,,,,,,,,,,,Shah Jalal Mosque,,,,,720-726 Romford Road
-0.041075349,51.5191683,"*[250NoWBangla]Shah Jalal Mosque. 81-83 Duckett Street, Shandy Park. 020 7265 8603",,,,,,,,,,,,,,Shah Jalal Mosque,,,,,"81-83 Duckett Street, Shandy Park"
-1.170312166,52.96312553,*[200NoWDeobBangla]Shah Jalal Mosque. A'Court Street. ,,,,,,,,,,,,,,Shah Jalal Mosque,,,,,A'Court Street
-1.608174741,54.95524627,*[200NoWSufiBangla]Shah Jalal Mosque & Cultural Centre. 141 Coatsworth Road. 07531 604844,,,,,,,,,,,,,,Shah Jalal Mosque & Cultural Centre,,,,,141 Coatsworth Road
-3.183288574,55.96031487,*[80NoWDeobBangla]Shah Jalal Mosque and Islamic Centre. 8a Annandale Street Lane. 0131 557 1841,,,,,,,,,,,,,,Shah Jalal Mosque and Islamic Centre,,,,,8a Annandale Street Lane
-2.226265669,53.45113892,*[1500NoWSufiBangla]Shah Jalal Mosque and Islamic Centre. 1a and 2 Eileen Grove. 0161 613 2123,,,,,,,,,,,,,,Shah Jalal Mosque and Islamic Centre,,,,,1a and 2 Eileen Grove
-1.39929235,50.91043084,*[270NoWDeobBangla]Shah Jalal Mosque and Islamic Centre. 121 St Marys Road. 02380 332979,,,,,,,,,,,,,,Shah Jalal Mosque and Islamic Centre,,,,,121 St Marys Road
-3.173538744,51.49317938,"*[525WSufiBangla]Shah Jalal Mosque and Islamic Cultural Centre. Crwys Bridge, Crwys Road. 029 2048 0217",,,,,,,,,,,,,,Shah Jalal Mosque and Islamic Cultural Centre,,,,,"Crwys Bridge, Crwys Road"
-0.108704567,51.38363365,*[150WDeobBangla]Shah Jalal Mosque and Islamic Cultural Centre. 170 Handcroft Road. not known,,,,,,,,,,,,,,Shah Jalal Mosque and Islamic Cultural Centre,,,,,170 Handcroft Road
-5.031113327,51.71239897,*[300NoWDeobBangla]Shah Jalal Pembrokeshire Jamia Mosque. Charles Street. ,,,,,,,,,,,,,,Shah Jalal Pembrokeshire Jamia Mosque,,,,,Charles Street
-2.983404994,51.59082929,*[800WDeobBangla]Shah Poran Bangladeshi Jame Mosque. 51-52 Hereford Street. 01633 243413,,,,,,,,,,,,,,Shah Poran Bangladeshi Jame Mosque,,,,,51-52 Hereford Street
-1.168102026,52.96563282,*[500WDeobBangla]Shah Poran Islamic Centre. 2-4 Gregory Boulevard. 07799 678486,,,,,,,,,,,,,,Shah Poran Islamic Centre,,,,,2-4 Gregory Boulevard
-0.060365796,51.53197116,*[300NoWDeobBangla]Shah Poran Masjid And Islamic Centre Trust. 444 Hackney Road and Treadway Street. 020 7613 0186,,,,,,,,,,,,,,Shah Poran Masjid And Islamic Centre Trust,,,,,444 Hackney Road and Treadway Street
-1.893151403,52.50480035,*[500NoWSufiBangla]Shahjalal ( R ) Sunnia Mosque & Islamic Community Centre. 108 Ettington Road. 0121 326 0337,,,,,,,,,,,,,,Shahjalal ( R ) Sunnia Mosque & Islamic Community Centre,,,,,108 Ettington Road
-1.205604672,52.77817489,*[500DeobBangla]Shahjalal Centre. 80a Rendell Street. 01509 264517,,,,,,,,,,,,,,Shahjalal Centre,,,,,80a Rendell Street
-2.357452512,51.38328713,*[50DeobBangla]ShahJalal Jame Mosque Trust Limited. 4 Argyle Street. ,,,,,,,,,,,,,,ShahJalal Jame Mosque Trust Limited,,,,,4 Argyle Street
-1.910398006,53.86668755,*[400NoWBrelBangla]ShahJalal Jami Masjid and Jamiah Quraniah. 3 Temple Row. 01535 603444,,,,,,,,,,,,,,ShahJalal Jami Masjid and Jamiah Quraniah,,,,,3 Temple Row
-0.190554857,50.83381964,*[100WDeobBangla]Shahjalal Masjid. 250 Portland Road and 252 Portland Road. 01273 323990,,,,,,,,,,,,,,Shahjalal Masjid,,,,,250 Portland Road and 252 Portland Road
-1.869613677,52.47008555,*[200NoWDeobBangla]Shahporan Islamic Centre. 18 Dixon Road. 0121 753 0292,,,,,,,,,,,,,,Shahporan Islamic Centre,,,,,18 Dixon Road
-2.232693,53.480997,[500NoWIrregBrel]Shair-e-Rabbani Islamic Centre and Mosque. 4 Tariff Street. not known,,,,,,,,,,,,,,Shair-e-Rabbani Islamic Centre and Mosque,,,,,4 Tariff Street
-4.285287559,55.82736825,*[150DeobPkstn]Shawlands Social & Cultural Centre. 3-7 Eastwood Avenue. 0141 632 8778,,,,,,,,,,,,,,Shawlands Social & Cultural Centre,,,,,3-7 Eastwood Avenue
-1.473429948,53.36400448,*[2300WBrelPkstn]Sheffield Islamic Centre and Madina Masjid. 16-24 Wolseley Road and Glover Road. 0114 258 5021,,,,,,,,,,,,,,Sheffield Islamic Centre and Madina Masjid,,,,,16-24 Wolseley Road and Glover Road
-1.349624544,52.06197927,*[100WSalf]Sheikh Abdul Aziz ibn Bazz Mosque. 55 Park Road. 01295 268307,,,,,,,,,,,,,,Sheikh Abdul Aziz ibn Bazz Mosque,,,,,55 Park Road
-0.08500725,51.58083155,"*[950WBrel]Sheikh Nazim Al-Haqqani Sufi Centre. The Priory, 277 St Ann's Road. 020 8802 9666",,,,,,,,,,,,,,Sheikh Nazim Al-Haqqani Sufi Centre,,,,,"The Priory, 277 St Ann's Road"
-0.23142904,51.50641193,*[780WPkstn]Shepherds Bush Mosque and Muslim Cultural Centre. 302 Uxbridge Road. 020 8740 0463,,,,,,,,,,,,,,Shepherds Bush Mosque and Muslim Cultural Centre,,,,,302 Uxbridge Road
0.778049827,51.4222995,*[Deob]Sheppey Islamic Cultural Centre. 14-16 Minster Road. ,,,,,,,,,,,,,,Sheppey Islamic Cultural Centre,,,,,14-16 Minster Road
-2.262994498,53.447481,*[100NoWBrelPkstn]Shere-Rabbani Mosque. 11a Bedford Avenue. 0161 861 9778,,,,,,,,,,,,,,Shere-Rabbani Mosque,,,,,11a Bedford Avenue
-2.497587204,53.75031904,*[300WShiaPkstn]Shi'a Islamic Centre. 143 Preston New Road. 01254 664161,,,,,,,,,,,,,,Shi'a Islamic Centre,,,,,143 Preston New Road
-0.139993876,51.41189029,*[50ShiaPkstn]Shia Islamic Education Society. 127-133 Rowan Road. 020 8241 0222,,,,,,,,,,,,,,Shia Islamic Education Society,,,,,127-133 Rowan Road
-3.049223721,55.87969681,"*[30WIrregShiaPkstn]Shia Ithna' Ashari Imambargah and Mosque. 	43a Easthouses Road. 07723 759372",,,,,,,,,,,,,,Shia Ithna' Ashari Imambargah and Mosque,,,,,"	43a Easthouses Road"
-4.273370504,55.86942698,*[60ShiaPkstn]Shia Ithna Ashri Islamic Centre. 19 Ashley Road. 0141 332 9639,,,,,,,,,,,,,,Shia Ithna Ashri Islamic Centre,,,,,19 Ashley Road
-1.77465409,53.82079736,*[300DeobBangla]Shipley Islamic & Education Centre. 21 Aireville Road. ,,,,,,,,,,,,,,Shipley Islamic & Education Centre,,,,,21 Aireville Road
-0.074779987,51.52449214,*[450NoWDeobBangla]Shoreditch Masjid Trust. 53-55 Redchurch Street. 020 8507 3640,,,,,,,,,,,,,,Shoreditch Masjid Trust,,,,,53-55 Redchurch Street
-2.731073499,52.70416452,"*[200Bangla]Shropshire Bangladeshi Welfare Society. Column Lodge, Preston Street. ",,,,,,,,,,,,,,Shropshire Bangladeshi Welfare Society,,,,,"Column Lodge, Preston Street"
-2.517279983,52.69872615,*[550WDeobPkstn]Shropshire Islamic Foundation. 41 Tan Bank. 01952 242933,,,,,,,,,,,,,,Shropshire Islamic Foundation,,,,,41 Tan Bank
-2.511320114,52.69947547,*[800WDeobPkstn]Shropshire Islamic Foundation. 88 King Street. 01952 242933,,,,,,,,,,,,,,Shropshire Islamic Foundation,,,,,88 King Street
0.72877,51.34194,*[275WDeobBangla]Sittingbourne Islamic Cultural Centre. 14 Hawthorn Road. 01795 425628,,,,,,,,,,,,,,Sittingbourne Islamic Cultural Centre,,,,,14 Hawthorn Road
-3.990408297,51.61439768,*[150W]Sketty Mosque and Community Centre. Sketty Park Road. 07808 203990,,,,,,,,,,,,,,Sketty Mosque and Community Centre,,,,,Sketty Park Road
-0.409583835,52.99572163,*[200]Sleaford Islamic Centre. 3 Station Road. 01529 701818,,,,,,,,,,,,,,Sleaford Islamic Centre,,,,,3 Station Road
-0.593165159,51.50836768,*[50J]Slough School for Arabic & Islamic Studies. 5 Church Street. ,,,,,,,,,,,,,,Slough School for Arabic & Islamic Studies,,,,,5 Church Street
-1.957776547,52.48954225,*[2000BrelPkstn]Smethwick Jamia Masjid. 105 Trafalgar Road. 0121 555 6047,,,,,,,,,,,,,,Smethwick Jamia Masjid,,,,,105 Trafalgar Road
-1.919160783,52.49883425,*[200WArab]Soho Hill Muslim Birmingham Education & Welfare Centre. 130 Soho Hill. 0121 523 2246,,,,,,,,,,,,,,Soho Hill Muslim Birmingham Education & Welfare Centre,,,,,130 Soho Hill
-0.078299046,51.60737348,"*[100Arab]Somali Community and Cultural Association. Selby Centre, Selby Road. 020 8885 1001",,,,,,,,,,,,,,Somali Community and Cultural Association,,,,,"Selby Centre, Selby Road"
-0.465545654,52.12378637,*[500WDeobBangla]South Bedford Masjid. 5 Elstow Road. 07899 928028,,,,,,,,,,,,,,South Bedford Masjid,,,,,5 Elstow Road
-0.099445581,51.36823719,*[80NoWIrreg]South Croydon Prayer Room. 292 High Street. 020 8680 6800,,,,,,,,,,,,,,South Croydon Prayer Room,,,,,292 High Street
-0.132171214,51.42854608,*[1100WDeobPkstn]South London Islamic Centre. 8 Mitcham Lane. 020 8677 0588,,,,,,,,,,,,,,South London Islamic Centre,,,,,8 Mitcham Lane
-2.182813883,53.43418683,*[150BrelPkstn]South Manchester Muslim Community Association. Weybrook Road. ,,,,,,,,,,,,,,South Manchester Muslim Community Association,,,,,Weybrook Road
-0.067044497,51.57633277,*[150NoWDeob]South Tottenham Mosque. 152 Olinda Road. 020 8800 5285,,,,,,,,,,,,,,South Tottenham Mosque,,,,,152 Olinda Road
-1.428630352,54.99993054,*[300DeobBangla]South Tyneside Bangladesh Muslim Cultural Association and Mosque. 3-5 Baring Street. 0191 455 4421,,,,,,,,,,,,,,South Tyneside Bangladesh Muslim Cultural Association and Mosque,,,,,3-5 Baring Street
-3.169443011,51.46810465,*[250WSufiArab]South Wales Islamic Centre. 1 Alice Street. 029 2046 0243,,,,,,,,,,,,,,South Wales Islamic Centre,,,,,1 Alice Street
0.02853334,51.59287223,*[150WArabMix]South Woodford Muslim Community Centre. 12-14 Mulberry Way. 020 8989 4759,,,,,,,,,,,,,,South Woodford Muslim Community Centre,,,,,12-14 Mulberry Way
-1.399630308,50.90940933,"*[1200WBrel]Southampton Medina Mosque Trust. Compton Walk, St Marys Road. 02380 231945",,,,,,,,,,,,,,Southampton Medina Mosque Trust,,,,,"Compton Walk, St Marys Road"
-1.393284202,50.91398904,*[200WDeob]Southampton Umar al Farooq Islamic Centre. 169-193 Derby Road. 02381 783170,,,,,,,,,,,,,,Southampton Umar al Farooq Islamic Centre,,,,,169-193 Derby Road
-1.397967339,50.93500462,"*[30WStdnt]Southampton University Islamic Society. Bolderwood Building, Bassett Avenue. ",,,,,,,,,,,,,,Southampton University Islamic Society,,,,,"Bolderwood Building, Bassett Avenue"
0.6999439,51.54666698,*[235WMaudPkstn]Southend Mosque and Islamic Trust. 191-197 West Road. 01702 347265,,,,,,,,,,,,,,Southend Mosque and Islamic Trust,,,,,191-197 West Road
-2.987653613,53.64529608,*[375W]Southport Mosque and Islamic Cultural Centre. 102a Sussex Road. 01704 539859,,,,,,,,,,,,,,Southport Mosque and Islamic Cultural Centre,,,,,102a Sussex Road
-1.86312,52.462614,*[1100WMaudPkstn]Sparkbrook Masjid & Islamic Centre. 179-187 Anderton Road and Sydenham Road. 0121 773 8651,,,,,,,,,,,,,,Sparkbrook Masjid & Islamic Centre,,,,,179-187 Anderton Road and Sydenham Road
-1.857283562,52.47667309,*[350WBrelPkstn]Spiritual Centre Madrassa Naqshbabundia Nawabia Aslamia. 108 Bordesley Green. 0121 766 6845,,,,,,,,,,,,,,Spiritual Centre Madrassa Naqshbabundia Nawabia Aslamia,,,,,108 Bordesley Green
0.051757334,51.53492723,*[250WDeob]Sri Lankan Muslim Centre. 16-18 Pilgrims Way. 020 3441 0340,,,,,,,,,,,,,,Sri Lankan Muslim Centre,,,,,16-18 Pilgrims Way
-0.339894891,51.59720776,*[700WDeob]Sri Lankan Muslim Cultural Centre UK. 2 Whitefriars Avenue. 020 8427 3113,,,,,,,,,,,,,,Sri Lankan Muslim Cultural Centre UK,,,,,2 Whitefriars Avenue
-0.316654891,51.75270004,*[550WDeobPkstn]St Albans Islamic Centre. 141 Hatfield Road. 01727 836272,,,,,,,,,,,,,,St Albans Islamic Centre,,,,,141 Hatfield Road
-2.122359574,52.812484,*[60Deob]Stafford Muslim Prayer Hall Committee Ltd. Greyfriars Place. ,,,,,,,,,,,,,,Stafford Muslim Prayer Hall Committee Ltd,,,,,Greyfriars Place
0.427160446,51.51510466,*[300]Stanford-le-Hope Jamme Masjid. High Street. 07508 955933,,,,,,,,,,,,,,Stanford-le-Hope Jamme Masjid,,,,,High Street
-0.182172954,51.91644627,"*[250WDeobBangla]Stevenage Muslim Community Centre. The Sishes, Vardon Road. 01438 350865",,,,,,,,,,,,,,Stevenage Muslim Community Centre,,,,,"The Sishes, Vardon Road"
-2.15734899,53.40110193,*[400Brel]Stockport Islamic Centre. 2-2a Longshut Lane West. 07818 455945,,,,,,,,,,,,,,Stockport Islamic Centre,,,,,2-2a Longshut Lane West
-1.320413947,54.56025576,*[135]Stockton Mosque. 10 Shaftsbury Street. ,,,,,,,,,,,,,,Stockton Mosque,,,,,10 Shaftsbury Street
-2.183511257,53.01736822,*[110WSufiTurk]Stoke Osmaniye C&acirc;mii. 43 Snow Hill. 01782 201080,,,,,,,,,,,,,,Stoke Osmaniye C&acirc;mii,,,,,43 Snow Hill
0.001582503,51.54914056,*[250NoWDeob]Stratford Islamic Association. 3-5 Brydges Road. 020 8519 6367,,,,,,,,,,,,,,Stratford Islamic Association,,,,,3-5 Brydges Road
0.01526311,51.53239831,*[100]Stratford Muslim Centre. 243-245 Plaistow Road. 020 8617 3933,,,,,,,,,,,,,,Stratford Muslim Centre,,,,,243-245 Plaistow Road
0.01055717,51.5390469,"*[200J]Stratford Muslim Centre. Vicarage Lane Community Centre, Govier Close. 07786 261109",,,,,,,,,,,,,,Stratford Muslim Centre,,,,,"Vicarage Lane Community Centre, Govier Close"
-4.247342348,55.86230798,"*[WStdnt]Strathclyde University Muslim Students Association. Basement Level, St. Pauls Building, University of Strathclyd.... 0141 552 4400",,,,,,,,,,,,,,Strathclyde University Muslim Students Association,,,,,"Basement Level, St"
-0.128461337,51.43456645,*[100Salf]Streatham Hill Masjid. 106 Streatham High Road. ,,,,,,,,,,,,,,Streatham Hill Masjid,,,,,106 Streatham High Road
-1.762868464,53.79568278,*[600NoWBrel]Sufat-ul-Islam UK Association. 154-158 Sunbridge Road. 01274 732497,,,,,,,,,,,,,,Sufat-ul-Islam UK Association,,,,,154-158 Sunbridge Road
-0.467090607,51.8886071,*[100WBrelPkstn]Suffatul Islam Masjid. 129 Bradley Road. 01582 563663,,,,,,,,,,,,,,Suffatul Islam Masjid,,,,,129 Bradley Road
-2.400952,53.554948,*[350WBrelPkstn]Sughra Mosque Faizaan-e-Madina. Granville Street. 01204 574601,,,,,,,,,,,,,,Sughra Mosque Faizaan-e-Madina,,,,,Granville Street
-1.822539568,52.49195444,*[200BrelPkstn]Sultan Bahu Centre. 962 Alum Rock Road. 07912 603981,,,,,,,,,,,,,,Sultan Bahu Centre,,,,,962 Alum Rock Road
-2.24284172,53.4952711,*[500BrelPkstn]Sultan Bahu Centre. 46 Derby Street. ,,,,,,,,,,,,,,Sultan Bahu Centre,,,,,46 Derby Street
-1.838832242,52.52751425,*[200BrelPkstn]Sultania Hadayat-ul-Quran Community Education Centre. 22 Station Road. 07931 781457,,,,,,,,,,,,,,Sultania Hadayat-ul-Quran Community Education Centre,,,,,22 Station Road
-1.397583,54.902575,*[345WDeobBangla]Sunderland Masjid. 73-77 Chester Road. 0191 565 8708,,,,,,,,,,,,,,Sunderland Masjid,,,,,73-77 Chester Road
-0.158182606,51.43525707,*[100WIrregBrel]Sunni Muslim Association (South London). 20 Tooting Bec Road. 020 8767 6100,,,,,,,,,,,,,,Sunni Muslim Association (South London),,,,,20 Tooting Bec Road
-1.8525213,52.46166426,*[300DeobBangla]Surma Islamic Education Centre Madrasha and Masjid. 30-32 Waverley Road. 0121 772 7546,,,,,,,,,,,,,,Surma Islamic Education Centre Madrasha and Masjid,,,,,30-32 Waverley Road
-0.479804277,51.37431536,"*[200DeobBangla]Surrey Islamic Trust. St Augustines Church, Albert Road. 01932 858912",,,,,,,,,,,,,,Surrey Islamic Trust,,,,,"St Augustines Church, Albert Road"
-1.823135018,52.56829053,"*[500WDeob]Sutton Coldfield Muslim Association. former Court House, Lichfield Road. ",,,,,,,,,,,,,,Sutton Coldfield Muslim Association,,,,,"former Court House, Lichfield Road"
-0.188470781,51.36980956,*[120WDeobPkstn]Sutton Islamic Centre. 62 Oakhill Road. 020 8641 6869,,,,,,,,,,,,,,Sutton Islamic Centre,,,,,62 Oakhill Road
-3.951446414,51.61869602,*[2000NoWSalfBangla]Swansea City Mosque & Islamic Community Centre. 14-15 St Helens Road. 01792 654532,,,,,,,,,,,,,,Swansea City Mosque & Islamic Community Centre,,,,,14-15 St Helens Road
-3.952755332,51.61861275,*[600NoWSalfBangla]Swansea City Mosque & Islamic Community Centre. George Street. 01792 654532,,,,,,,,,,,,,,Swansea City Mosque & Islamic Community Centre,,,,,George Street
-1.778658629,51.56412597,*[400NoWDeobPkstn]Swindon Mosque. 124-125 Broad Street. 01793 523831,,,,,,,,,,,,,,Swindon Mosque,,,,,124-125 Broad Street
-2.100896537,57.14319587,*[50WBrelBangla]Syed Shah Mustafa (S) Jaame Masjid. 16 Crown Terrace. ,,,,,,,,,,,,,,Syed Shah Mustafa (S) Jaame Masjid,,,,,16 Crown Terrace
-2.100872397,57.14316459,"*[100WSufiBangla]Syed Shah Mustafa Jame Masjid. 16, Crown Terrace. 07440 734349",,,,,,,,,,,,,,Syed Shah Mustafa Jame Masjid,,,,,"16, Crown Terrace"
-1.782413721,53.78918352,*[1100WBrelPkstn]Tablighul Islam Jame Mosque. 38 Hilton Road. 01274 570342,,,,,,,,,,,,,,Tablighul Islam Jame Mosque,,,,,38 Hilton Road
-0.104002655,51.58939451,*[700WSalfMix]Taiba Community Centre. 30 Willoughby Road. 020 7998 7637,,,,,,,,,,,,,,Taiba Community Centre,,,,,30 Willoughby Road
-0.276412368,51.61469564,"*[80W]Taiba Welfare Foundation. Pride House, Rectory Lane. 020 8952 7005",,,,,,,,,,,,,,Taiba Welfare Foundation,,,,,"Pride House, Rectory Lane"
-2.431413,53.592017,*[500WDeobGujrti]Taiyabah Masjid & Islamic Education Centre. 31a Draycott Street and 235 Blackburn Road. 01204 535997,,,,,,,,,,,,,,Taiyabah Masjid & Islamic Education Centre,,,,,31a Draycott Street and 235 Blackburn Road
-2.142044306,52.58124549,*[400WBrel]Taiyyiba Mosque. 1-18 Humber Road. 01902 425078,,,,,,,,,,,,,,Taiyyiba Mosque,,,,,1-18 Humber Road
-0.165457428,51.42602163,*[50BrelPkstn]Taj Daar e Madina Education and Cultural Centre. 89 Mitcham Road. 020 8767 2583,,,,,,,,,,,,,,Taj Daar e Madina Education and Cultural Centre,,,,,89 Mitcham Road
-1.116957665,52.63601576,"*[400Brel]Tajdaar e Madina. 1a Garendon Street, Maidstone Road. 07969 018619",,,,,,,,,,,,,,Tajdaar e Madina,,,,,"1a Garendon Street, Maidstone Road"
-2.223540545,53.83203917,*[50IrregBrelPkstn]Tajweed ul Quran Madrassah. 212A Manchester Road. 07723 997690,,,,,,,,,,,,,,Tajweed ul Quran Madrassah,,,,,212A Manchester Road
0.324818857,51.47786216,*[200W]Taleem Mosque & Community Centre. 21-23 Clarence Road. 01375 886212,,,,,,,,,,,,,,Taleem Mosque & Community Centre,,,,,21-23 Clarence Road
-1.641340256,53.69632535,"*[100NoWDeob]Talha Masjid. Nowell Street, rear of 10 Oxford Road. 07976 243944",,,,,,,,,,,,,,Talha Masjid,,,,,"Nowell Street, rear of 10 Oxford Road"
0.006067157,51.54686297,*[450DeobBangla]Talimul Quran UK Masjid. 59b Leytonstone Road. 07903 551803,,,,,,,,,,,,,,Talimul Quran UK Masjid,,,,,59b Leytonstone Road
-1.387220398,50.91115045,*[200Mix]Taqwah Mosque. 160-162 Northam Road. 02380 986498,,,,,,,,,,,,,,Taqwah Mosque,,,,,160-162 Northam Road
-3.173070699,51.48706273,*[30WShia]Tauheed Universal Charity Foundation. 22 Salisbury Road. ,,,,,,,,,,,,,,Tauheed Universal Charity Foundation,,,,,22 Salisbury Road
-3.10695827,51.01469288,"*[350WDeobBangla]Taunton Central Masjid and Islamic Centre. Ivor House, Tower Lane. none",,,,,,,,,,,,,,Taunton Central Masjid and Islamic Centre,,,,,"Ivor House, Tower Lane"
-1.758129001,53.80263883,*[900NoWDeobBangla]Tawakkuliah Jami Masjid. 48 Cornwall Road. 01274 734563,,,,,,,,,,,,,,Tawakkuliah Jami Masjid,,,,,48 Cornwall Road
-2.562716603,51.45356232,*[900WArab]Tawfiq Masjid. Aiken Street. 0117 329 0184,,,,,,,,,,,,,,Tawfiq Masjid,,,,,Aiken Street
-0.228308,51.495859,*[1000Shia]Tawheed Islamic Centre. 30-32 Southerton Road. 020 8746 3158,,,,,,,,,,,,,,Tawheed Islamic Centre,,,,,30-32 Southerton Road
-0.719974637,51.52600072,*[240WSalfPkstn]Tawheed Islamic Education Centre of Maidenhead. 22 Cookham Road. 07714 210998,,,,,,,,,,,,,,Tawheed Islamic Education Centre of Maidenhead,,,,,22 Cookham Road
-1.094502211,52.6316401,*[350WSalf]Taybah Islamic Centre. 362 St Saviours Road. 0116 249 0076,,,,,,,,,,,,,,Taybah Islamic Centre,,,,,362 St Saviours Road
-0.062356666,51.51371281,*[40WIrregSalf]Tayyibun Madrasah. 25 Hessel Street. 020 7702 7254,,,,,,,,,,,,,,Tayyibun Madrasah,,,,,25 Hessel Street
-0.167702436,51.59388867,"*[400WIrregArab]Temporary location of Al-Rahma Islamic Centre. East Finchley Library, 126 Finchley Road. 020 8883 4695",,,,,,,,,,,,,,Temporary location of Al-Rahma Islamic Centre,,,,,"East Finchley Library, 126 Finchley Road"
0.524825156,51.27174936,*[100WNJSalfPkstn]temporary musallah for Maidstone Community and Islamic Centre. 24 Lower Stone Street. 01622 759973,,,,,,,,,,,,,,temporary musallah for Maidstone Community and Islamic Centre,,,,,24 Lower Stone Street
1.149643064,51.79155671,*[100]Tendring Deen Education Centre. 94 Pier Avenue. 07999 643148,,,,,,,,,,,,,,Tendring Deen Education Centre,,,,,94 Pier Avenue
-0.011809766,51.51885286,*[80NoWBangla]Teviot Bangladeshi Cultural Community Group. 181 Teviot Street. 07904 427996,,,,,,,,,,,,,,Teviot Bangladeshi Cultural Community Group,,,,,181 Teviot Street
-2.152514309,51.9942941,*[40JDeobBangla]Tewkesbury Islamic Society. Tewkesbury C of E Primary & Pre School Community Centre. Cha.... ,,,,,,,,,,,,,,Tewkesbury Islamic Society,,,,,Tewkesbury C of E Primary & Pre School Community Centre
0.1043858,51.5290313,*[100NoWDeob]Thames View Muslim Centre. 17 Farr Avenue. 07908 212505,,,,,,,,,,,,,,Thames View Muslim Centre,,,,,17 Farr Avenue
-0.106675476,51.51265952,"*[15NoWNJDeobPkstn]The City Mussalla. Under City Barbers, Whitefriars Street and Tudor Street. ",,,,,,,,,,,,,,The City Mussalla,,,,,"Under City Barbers, Whitefriars Street and Tudor Street"
-3.178344214,51.47293698,"[60WIrreg]The Crescent Centre. Meanwhile House, Williams Way, Curran Embankment. 08448 845152",,,,,,,,,,,,,,The Crescent Centre,,,,,"Meanwhile House, Williams Way, Curran Embankment"
-0.411612466,51.57096039,*[50NoWDeob]The Guidance Centre. 102 Victoria Road. 07842 158357,,,,,,,,,,,,,,The Guidance Centre,,,,,102 Victoria Road
-2.500993609,53.74291809,"*[100Irreg]The Holy And Noble Koran Society (THANKS). Thompson Street Chapel, 36 Thompson Street. 07798 758170",,,,,,,,,,,,,,The Holy And Noble Koran Society (THANKS),,,,,"Thompson Street Chapel, 36 Thompson Street"
-3.447588086,51.72103847,*[200]The Islamic Centre Aberdare. Philip Street. ,,,,,,,,,,,,,,The Islamic Centre Aberdare,,,,,Philip Street
-1.272641081,52.67746218,*[150WMaud]The Markfield Mosque. Ratby Lane. 01530 244944,,,,,,,,,,,,,,The Markfield Mosque,,,,,Ratby Lane
-1.921817511,52.48800047,*[100W]The Mosque of Brayatee. 288 Camden Street. 0121 507 0166,,,,,,,,,,,,,,The Mosque of Brayatee,,,,,288 Camden Street
-1.864119172,52.47125625,*[200IrregSufi]The Zawiya. 1 Jenkins Street. not known,,,,,,,,,,,,,,The Zawiya,,,,,1 Jenkins Street
-1.298967004,54.55280223,*[150NoWDeob]Thornaby Muslim Association and Mosque. 127-129 Westbury Street. 01642 641218,,,,,,,,,,,,,,Thornaby Muslim Association and Mosque,,,,,127-129 Westbury Street
-1.636818051,53.67470714,*[200NoWDeobGujrti]Thornhill Lees Central Mosque. 20 Brewery Lane. 01924 435085,,,,,,,,,,,,,,Thornhill Lees Central Mosque,,,,,20 Brewery Lane
-0.09623766,51.39793385,*[300DeobGujrti]Thornton Heath Islamic Centre. 150 Gillett Road. ,,,,,,,,,,,,,,Thornton Heath Islamic Centre,,,,,150 Gillett Road
0.329106,51.478278,"*[330NoWDeobBangla]Thurrock Jame Masjid. Park Way Centre, Park Road. 01375 376823",,,,,,,,,,,,,,Thurrock Jame Masjid,,,,,"Park Way Centre, Park Road"
0.364129876,51.46733997,*[60DeobBangla]Tilbury Mosque. 159 St Chads Road. 07931 517678,,,,,,,,,,,,,,Tilbury Mosque,,,,,159 St Chads Road
-2.058514953,52.51544065,*[360WBrelPkstn]Tipton and Tividale Islamic Community Centre. 24-25 Gate Street. 0121 557 0395,,,,,,,,,,,,,,Tipton and Tividale Islamic Community Centre,,,,,24-25 Gate Street
-0.163668394,51.43238392,*[2300WDeobGujrti]Tooting Islamic Centre. 127-145 Upper Tooting Road. 020 8767 2344,,,,,,,,,,,,,,Tooting Islamic Centre,,,,,127-145 Upper Tooting Road
-3.544740379,50.47096676,*[105WDeob]Torbay Islamic Centre. 128-130 Avenue Road. 01803 211818,,,,,,,,,,,,,,Torbay Islamic Centre,,,,,128-130 Avenue Road
-2.202672958,51.31604229,*[450W]Trowbridge Mosque. Between 52-54 Longfield Road. 01225 777993,,,,,,,,,,,,,,Trowbridge Mosque,,,,,Between 52-54 Longfield Road
0.269030606,51.1363205,*[330WDeobBangla]Tunbridge Wells Islamic Cultural Centre. 99 Camden Road. 01892 532420,,,,,,,,,,,,,,Tunbridge Wells Islamic Cultural Centre,,,,,99 Camden Road
-2.219240964,52.19724381,*[250SufiTurk]Turkish Community Centre. 20 Middle Street. 01905 29532,,,,,,,,,,,,,,Turkish Community Centre,,,,,20 Middle Street
-0.117459297,51.5878697,*[300SufiTurk]Turkish Religious Foundation of the United Kingdom. 31 High Street. 020 8340 5500,,,,,,,,,,,,,,Turkish Religious Foundation of the United Kingdom,,,,,31 High Street
-0.03172785,51.5166981,*[200NoWBangla]Turners and Locksley Masjid. 42 Turners Road. 07984 924023,,,,,,,,,,,,,,Turners and Locksley Masjid,,,,,42 Turners Road
1.240709424,52.62174767,"*[200WStdnt]UEA Islamic Centre. Chancellor Drive, University of East Anglia. 01603 591092",,,,,,,,,,,,,,UEA Islamic Centre,,,,,"Chancellor Drive, University of East Anglia"
-0.354078412,53.75394448,*[1150WMaud]UK Islamic Mission. 2 Berkeley Street. 01482 324833,,,,,,,,,,,,,,UK Islamic Mission,,,,,2 Berkeley Street
-0.137605369,51.52723058,*[60WMaudPkstn]UK Islamic Mission. 202 North Gower Street. 020 7387 2157,,,,,,,,,,,,,,UK Islamic Mission,,,,,202 North Gower Street
-2.19012022,53.44614874,*[1600WMaudPkstn]UK Islamic Mission. 2 Barlow Road. 0161 224 5143,,,,,,,,,,,,,,UK Islamic Mission,,,,,2 Barlow Road
-1.732395887,53.79843936,*[350WMaud]UK Islamic Mission Bradford Mosque. 3 Byron Street. 01274 306299,,,,,,,,,,,,,,UK Islamic Mission Bradford Mosque,,,,,3 Byron Street
-1.549930573,53.83583483,*[200WMaud]UKIM - Iqra Centre. 4-6 Carr Manor Crescent. 0113 216 9347,,,,,,,,,,,,,,UKIM - Iqra Centre,,,,,4-6 Carr Manor Crescent
-1.842760857,52.48766131,*[900WMaudPkstn]UKIM - Jamia Mosque Birmingham. 401-403 Alum Rock Road and 2-8 Ludlow Road (corner site). 0121 326 9930,,,,,,,,,,,,,,UKIM - Jamia Mosque Birmingham,,,,,401-403 Alum Rock Road and 2-8 Ludlow Road (corner site)
-3.175094426,51.48969904,*[600WMaudPkstn]UKIM - Jamie Darul Isra' Mosque. 21-23 Wyeverne Road. 029 2034 4073,,,,,,,,,,,,,,UKIM - Jamie Darul Isra' Mosque,,,,,21-23 Wyeverne Road
-2.214099169,53.83934211,*[400WMaudPkstn]UKIM - Madina Masjid. 4-8 Forest Street. 01282 694471,,,,,,,,,,,,,,UKIM - Madina Masjid,,,,,4-8 Forest Street
-2.13822484,52.59234373,*[550WMaudPkstn]UKIM - Madina Masjid & Islamic Centre. 213 New Hampton Road East. 01902 711810,,,,,,,,,,,,,,UKIM - Madina Masjid & Islamic Centre,,,,,213 New Hampton Road East
-2.091447115,53.54146297,*[150WMaud]UKIM - Madressa Taleem-ul-Quran and Qurtaba Masjid. 201 Lees Road . 0161 678 0593,,,,,,,,,,,,,,UKIM - Madressa Taleem-ul-Quran and Qurtaba Masjid,,,,,201 Lees Road
-2.237831354,53.50542759,*[1150WMaudPkstn]UKIM - Markazi Jamia Masjid Khizra. 421-425 Cheetham Hill Road. 0161 205 6662,,,,,,,,,,,,,,UKIM - Markazi Jamia Masjid Khizra,,,,,421-425 Cheetham Hill Road
-2.152542472,53.60874919,*[560WMaud]UKIM - Neeli Masjid & Islamic Centre. 25-27 Hare Street and 34-36 Durham Street. 01706 648094,,,,,,,,,,,,,,UKIM - Neeli Masjid & Islamic Centre,,,,,25-27 Hare Street and 34-36 Durham Street
-1.063393951,53.95628123,"*[350WMaud]UKIM - York Mosque and Islamic Centre. Bull Lane Compound, Bull Lane. 01904 413123",,,,,,,,,,,,,,UKIM - York Mosque and Islamic Centre,,,,,"Bull Lane Compound, Bull Lane"
-1.473251581,52.41824866,*[200Deob]Umar Education and Welfare Centre. 137 Avon Street. 02476 451612,,,,,,,,,,,,,,Umar Education and Welfare Centre,,,,,137 Avon Street
-2.034911513,52.47090987,*[250WMaud]Umar Mosque and Community Centre. 314-318 Long Lane. 0121 559 1896,,,,,,,,,,,,,,Umar Mosque and Community Centre,,,,,314-318 Long Lane
-2.464558482,53.55706576,*[250]Ummah Masjid. 578-600 St Helens Road. 0800 408 0011,,,,,,,,,,,,,,Ummah Masjid,,,,,578-600 St Helens Road
-1.648791432,53.71252526,"*[250Deob]Under Construction - Healey Islamic Trust. Unit 8, Healey Mill, Healey Lane. ",,,,,,,,,,,,,,Under Construction - Healey Islamic Trust,,,,,"Unit 8, Healey Mill, Healey Lane"
0.527111739,51.27056211,*[380WSalfPkstn]Under Reconstruction Maidstone Community and Islamic Centre. 20-28 Mote Road. 01622 759973,,,,,,,,,,,,,,Under Reconstruction Maidstone Community and Islamic Centre,,,,,20-28 Mote Road
-2.001088858,52.57599786,*[90WMix]Union Masjid & Educational Centre. 183 Prince Street. 07800 712775,,,,,,,,,,,,,,Union Masjid & Educational Centre,,,,,183 Prince Street
-1.517869458,53.81643844,*[100NoWDeob]United Afghan Community Centre. 229 Roundhay Road. ,,,,,,,,,,,,,,United Afghan Community Centre,,,,,229 Roundhay Road
-0.649802685,53.59240929,*[200BrelBangla]United Muslim Masjid. 29 Gilliat Street. ,,,,,,,,,,,,,,United Muslim Masjid,,,,,29 Gilliat Street
-0.141344369,51.53843797,"*[100JBangla]Unity Welfare Education Centre. The Upper Hall, 8 Greenland Street. 07930 927619",,,,,,,,,,,,,,Unity Welfare Education Centre,,,,,"The Upper Hall, 8 Greenland Street"
0.021768808,51.5237203,*[220NoWDeobBangla]Unity Welfare Foundation. 9 Whitwell Road. 020 8514 6236,,,,,,,,,,,,,,Unity Welfare Foundation,,,,,9 Whitwell Road
-2.102459093,57.16336178,"*[40Stdnt]University of Aberdeen Muslim Students Association. Powis Gate, College Bounds. ",,,,,,,,,,,,,,University of Aberdeen Muslim Students Association,,,,,"Powis Gate, College Bounds"
-2.327172717,51.37953858,"*[50Stdnt]University of Bath Islamic Society. Norwood House, Convocation Avenue. ",,,,,,,,,,,,,,University of Bath Islamic Society,,,,,"Norwood House, Convocation Avenue"
0.946041942,51.87675591,"*[300WmultiStdnt]University of Essex Islamic Society. Multi-Faith Chaplaincy Centre, Square 2, Level 3, University.... 01206 872019",,,,,,,,,,,,,,University of Essex Islamic Society,,,,,"Multi-Faith Chaplaincy Centre, Square 2, Level 3, University"
-0.240819454,51.75024834,*[30Stdnt]University of Hertfordshire Islamic Society. University of Hertfordshire. ,,,,,,,,,,,,,,University of Hertfordshire Islamic Society,,,,,University of Hertfordshire
-1.12381,52.621919,"[NJStdnt]University of Leicester Islamic Society. Percy Gee Building, University Road. ",,,,,,,,,,,,,,University of Leicester Islamic Society,,,,,"Percy Gee Building, University Road"
-1.258935,51.750295,"[Stdnt]University of Oxford Islamic Society. c/o Hassan Malik, Pembroke College. ",,,,,,,,,,,,,,University of Oxford Islamic Society,,,,,"c/o Hassan Malik, Pembroke College"
-1.095636,50.794807,"[Stdnt]University of Portsmouth Islamic Society. Wiltshire Building, Hampshire Terrace and variously 1.10 (Gu.... ",,,,,,,,,,,,,,University of Portsmouth Islamic Society,,,,,"Wiltshire Building, Hampshire Terrace and variously 1"
-3.97738874,51.60991538,"*[250WStdnt]University of Wales Mosque. c/o Student Union, Fulton House, Singleton Park, Oystermouth.... 07793 050226",,,,,,,,,,,,,,University of Wales Mosque,,,,,"c/o Student Union, Fulton House, Singleton Park, Oystermouth"
-1.059461832,53.94549745,"[Stdnt]University of York Islamic Society. University Chaplaincy, Room W029, Wentworth College, Wentwor.... ",,,,,,,,,,,,,,University of York Islamic Society,,,,,"University Chaplaincy, Room W029, Wentworth College, Wentwor"
-1.658661962,54.98366886,*[Irreg]UWAIS Foundation. 113-115 Fenham Hall Drive. 0191 274 7540,,,,,,,,,,,,,,UWAIS Foundation,,,,,113-115 Fenham Hall Drive
-0.483918786,51.53801255,*[170BrelPkstn]Uxbridge Masjid. 4-5 Cowley Mill Road. 01895 235092,,,,,,,,,,,,,,Uxbridge Masjid,,,,,4-5 Cowley Mill Road
-0.083727837,51.55730677,*[550WSufiTurk]Valide Sultan C&acirc;mii. 1a Clissold Road. 020 7241 5425,,,,,,,,,,,,,,Valide Sultan C&acirc;mii,,,,,1a Clissold Road
-0.093115568,51.5249327,*[65NoWJ]Vibast Community Centre. 163 Old Street. ,,,,,,,,,,,,,,Vibast Community Centre,,,,,163 Old Street
-0.146036893,51.48961971,"*[50NoWBangla]Victoria Islamic Community and Education Centre. Lower Ground Floor, Sherbourne House, Cumberland Street. 020 7828 1528",,,,,,,,,,,,,,Victoria Islamic Community and Education Centre,,,,,"Lower Ground Floor, Sherbourne House, Cumberland Street"
-1.487789154,53.67992403,*[1000NoWDeobPkstn]Wakefield Central Jamia Masjid and Madressa Arabia Islamia. South Street. 01924 364753,,,,,,,,,,,,,,Wakefield Central Jamia Masjid and Madressa Arabia Islamia,,,,,South Street
-3.17599833,55.97360309,*[600WShia]Wali-Al-Asir Trust. 1 King Street. ,,,,,,,,,,,,,,Wali-Al-Asir Trust,,,,,1 King Street
-0.05660668,51.50605048,*[250WDeobBangla]Wapping Noorani Masjid & Cultural Centre. 19 Prusom Street. 020 7481 9835,,,,,,,,,,,,,,Wapping Noorani Masjid & Cultural Centre,,,,,19 Prusom Street
-2.612742484,53.39796906,"*[800WBrel]Warrington Islamic Association. Lockton Lane, Near Old Bewsey School. 07814 037411",,,,,,,,,,,,,,Warrington Islamic Association,,,,,"Lockton Lane, Near Old Bewsey School"
-1.5612816,52.380157,*[30WmultiStdnt]Warwick University Chaplaincy. University of Warwick. ,,,,,,,,,,,,,,Warwick University Chaplaincy,,,,,University of Warwick
-7.077561021,52.24648859,*[100]Waterford Musalla. 1 Viewmount Park. ,,,,,,,,,,,,,,Waterford Musalla,,,,,1 Viewmount Park
-0.395084024,51.65252523,*[550WBrelPkstn]Watford Mosque & Welfare Association. 1 Cambridge Road. 01923 245367,,,,,,,,,,,,,,Watford Mosque & Welfare Association,,,,,1 Cambridge Road
-0.060115,51.52357762,"*[100]Weavers Fields Muslim Prayer Hall. 3a Railway Arches, Brady Street. ",,,,,,,,,,,,,,Weavers Fields Muslim Prayer Hall,,,,,"3a Railway Arches, Brady Street"
-0.1882933,51.80490014,*[50NoWNJDeob]Welwyn Islamic Society. 2 Brownfields. ,,,,,,,,,,,,,,Welwyn Islamic Society,,,,,2 Brownfields
-0.298132896,51.55034478,*[2200WDeobGujrti]Wembley Central Masjid. 35-37 Ealing Road. 020 8900 9673,,,,,,,,,,,,,,Wembley Central Masjid,,,,,35-37 Ealing Road
-2.132983804,53.53266863,*[850WDeob]Werneth Jamia Masjid. 116 Manchester Road. 0161 624 5448,,,,,,,,,,,,,,Werneth Jamia Masjid,,,,,116 Manchester Road
-1.217760444,50.87602876,"*[400WShia]Wessex Shi'a Ithna Asheri Jamat (Al Mahdi). Al Mahdi Centre, Fontley Road. 01329 842742",,,,,,,,,,,,,,Wessex Shi'a Ithna Asheri Jamat (Al Mahdi),,,,,"Al Mahdi Centre, Fontley Road"
0.091153,52.212295,*[NJmulti]West Cambridge Prayer Room. Merton Farmhouse at the junction of JJ Thomson Avenue and Ma.... ,,,,,,,,,,,,,,West Cambridge Prayer Room,,,,,Merton Farmhouse at the junction of JJ Thomson Avenue and Ma
-3.58798027,54.54882604,*[100WBangla]West Cumbria Muslim Society. 2 College Street. 01946 592679,,,,,,,,,,,,,,West Cumbria Muslim Society,,,,,2 College Street
-4.584171474,55.96750296,"*[300]West Dunbartonshire Muslim Education Society. Victoria Institute, Lennox Street. ",,,,,,,,,,,,,,West Dunbartonshire Muslim Education Society,,,,,"Victoria Institute, Lennox Street"
-0.326105654,51.51054537,"*[1000WMaud]West London Islamic Centre Jamia Masjid. Brownlow House, Brownlow Road. 020 8840 4140",,,,,,,,,,,,,,West London Islamic Centre Jamia Masjid,,,,,"Brownlow House, Brownlow Road"
-0.201897919,51.47672058,*[1100WSalfArab]West London Islamic Cultural Centre. 7 Bridges Place. 020 7471 8291,,,,,,,,,,,,,,West London Islamic Cultural Centre,,,,,7 Bridges Place
-0.101692891,51.42995956,*[60WNJSalf]West Norwood Mosque. 58-60 Norwood High Street. ,,,,,,,,,,,,,,West Norwood Mosque,,,,,58-60 Norwood High Street
-4.290879965,51.86833334,*[80NoWSalf]West Wales Islamic Cultural Association. 131 Priory Street. 01267 222688,,,,,,,,,,,,,,West Wales Islamic Cultural Association,,,,,131 Priory Street
-0.024756789,51.49800699,*[150NoWDeobBangla]Westferry Community Organisation. 2 The Quarterdeck. 07825 373325,,,,,,,,,,,,,,Westferry Community Organisation,,,,,2 The Quarterdeck
-0.136186481,51.49114365,"*[200NoWJBrelBangla]Westminster Islamic Centre. Lillington Gardens Tenants Association Community Hall, basem.... 020 7828 4531",,,,,,,,,,,,,,Westminster Islamic Centre,,,,,"Lillington Gardens Tenants Association Community Hall, basem"
-2.977885008,51.34975327,*[Deob]Weston Islamic Education Centre. 66 Palmer Street. 07834 064700,,,,,,,,,,,,,,Weston Islamic Education Centre,,,,,66 Palmer Street
-2.453210056,50.6080449,*[150NoWDeobBangla]Weymouth and Dorchester Islamic Centre. 1a Governors Lane. 01305 773872,,,,,,,,,,,,,,Weymouth and Dorchester Islamic Centre,,,,,1a Governors Lane
-0.234537721,51.51207822,*[150WArabArab]White City Musalla. 95 Bloemfontein Road. 07404 949128,,,,,,,,,,,,,,White City Musalla,,,,,95 Bloemfontein Road
-1.454312503,55.03571748,"*[150WDeobBangla]Whitley Bay Islamic Cultural Centre. The Residence, Rink Way, Hillheads Road. 0191 251 2525",,,,,,,,,,,,,,Whitley Bay Islamic Cultural Centre,,,,,"The Residence, Rink Way, Hillheads Road"
-0.197383761,51.4364689,*[550WDeobPkstn]Wimbledon Mosque. 262-264 Durnsford Road. 020 8946 3350,,,,,,,,,,,,,,Wimbledon Mosque,,,,,262-264 Durnsford Road
-1.310496,51.061337,"*[50NoWJBangla]Winchester Muslim Cultural Association. Winchester Guildhall, Broadway, High Street. 01962 883399",,,,,,,,,,,,,,Winchester Muslim Cultural Association,,,,,"Winchester Guildhall, Broadway, High Street"
-0.636445284,51.48223312,"*[100WJMix]Windsor Muslim Association. The Manor Youth Center, Hanover Way. 01753 862832",,,,,,,,,,,,,,Windsor Muslim Association,,,,,"The Manor Youth Center, Hanover Way"
-3.027677536,53.38620796,"*[400NoWBrelBangla]Wirral Islamic Cultural Centre and Shah Jalal Mosque. Beechcroft, 67 Whetstone Lane. 0151 666 2089",,,,,,,,,,,,,,Wirral Islamic Cultural Centre and Shah Jalal Mosque,,,,,"Beechcroft, 67 Whetstone Lane"
-1.887985468,52.51064402,*[330WSalf]Witton Islamic Centre. 311-313 Witton Road. 0121 572 3294,,,,,,,,,,,,,,Witton Islamic Centre,,,,,311-313 Witton Road
-2.130264044,52.59599993,*[3600WDeobPkstn]Wolverhampton Mosque Trust. 197 Waterloo Road. 01902 312232,,,,,,,,,,,,,,Wolverhampton Mosque Trust,,,,,197 Waterloo Road
-0.110539198,51.595235,*[400WIrregSufiTurk]Wood Green Fatih C&acirc;mii; Fatih Mosque. 10 Caxton Road. 020 8352 1435,,,,,,,,,,,,,,Wood Green Fatih C&acirc;mii; Fatih Mosque,,,,,10 Caxton Road
-4.310781956,55.80162867,*[200W]Woodfarm Education Centre. 1 Burns Grove. 07807 673119,,,,,,,,,,,,,,Woodfarm Education Centre,,,,,1 Burns Grove
0.038637221,51.60785572,"*[100Bangla]Woodford Muslim Cultural Centre. 	114-116 Snakes Lane East. ",,,,,,,,,,,,,,Woodford Muslim Cultural Centre,,,,,"	114-116 Snakes Lane East"
-0.226552784,51.53862316,*[100Shia]World Ahlul Bayt Islamic League. 19 Chelmsford Square. 020 8459 8475,,,,,,,,,,,,,,World Ahlul Bayt Islamic League,,,,,19 Chelmsford Square
-2.997526825,53.0481743,*[300WDeob]Wrexham Islamic Cultural Centre. 6 Grosvenor Road. 01978 363379,,,,,,,,,,,,,,Wrexham Islamic Cultural Centre,,,,,6 Grosvenor Road
-0.7669667,51.6333933,*[1150WBrelPkstn]Wycombe Islamic Mission & Mosque Trust Ltd.. 34-36 Jubilee Road. 01494 520807,,,,,,,,,,,,,,Wycombe Islamic Mission & Mosque Trust Ltd,,,,,34-36 Jubilee Road
-0.779551864,51.62921989,*[200WBrelPkstn]Wycombe Islamic Mission & Mosque Trust Ltd.. 85 Rutland Avenue. ,,,,,,,,,,,,,,Wycombe Islamic Mission & Mosque Trust Ltd,,,,,85 Rutland Avenue
-0.742511898,51.6297019,*[500WBrelPkstn]Wycombe Islamic Mission & Mosque Trust Ltd.. 34 Totteridge Road. 01494 513440,,,,,,,,,,,,,,Wycombe Islamic Mission & Mosque Trust Ltd,,,,,34 Totteridge Road
-2.007542253,52.52628563,"*[300WArabArab]YCA Cultural Centre. Greets Green Access Centre, Tildasley Street. 0121 525 3909",,,,,,,,,,,,,,YCA Cultural Centre,,,,,"Greets Green Access Centre, Tildasley Street"
-2.622906715,50.94398871,*[450WDeobMix]Yeovil Islamic Centre. 79 Sherbourne Road. 01935 412685,,,,,,,,,,,,,,Yeovil Islamic Centre,,,,,79 Sherbourne Road
-1.059445739,53.96229696,*[220WDeob]York Muslim Association. 76 Fourth Avenue. 01904 413081,,,,,,,,,,,,,,York Muslim Association,,,,,76 Fourth Avenue
-0.742328167,52.01129764,*[200WShia]Zainabia Islamic Centre. Peverel Drive. 01908 522865,,,,,,,,,,,,,,Zainabia Islamic Centre,,,,,Peverel Drive
-1.631306112,53.68408135,*[600NoWDeobGujrti]Zakaria Mosque. 2 Chapel Street. 01924 461427,,,,,,,,,,,,,,Zakaria Mosque,,,,,2 Chapel Street
-0.493644476,51.90078286,*[250Deob]Zakariya Masjid and Madresa-e-Furqaniah. Beadlow Road. 07977 076432,,,,,,,,,,,,,,Zakariya Masjid and Madresa-e-Furqaniah,,,,,Beadlow Road
-2.44192332,53.56855182,*[1400WDeobGujrti]Zakariyya Jaame Masjid. 20 Peace Street. 01204 535002,,,,,,,,,,,,,,Zakariyya Jaame Masjid,,,,,20 Peace Street
-3.958531059,55.77995866,*[200Deob]Zakariyya Masjid. 2 Donnelly Way. 01698 252555,,,,,,,,,,,,,,Zakariyya Masjid,,,,,2 Donnelly Way
-2.673524693,53.76960914,*[300DeobGujrti]Zakariyya Masjid. 59 Ribbleton Avenue. 07825 699081,,,,,,,,,,,,,,Zakariyya Masjid,,,,,59 Ribbleton Avenue
-2.258500457,53.44814872,*[400NoWDeobPkstn]Zakariyyah Masjid and Madrassah. 22-24 Clarendon Road. 0161 881 9860,,,,,,,,,,,,,,Zakariyyah Masjid and Madrassah,,,,,22-24 Clarendon Road
-1.999655888,52.4544791,*[250W]Zaytuna Masjid. Quinton Road West. 0121 448 9800,,,,,,,,,,,,,,Zaytuna Masjid,,,,,Quinton Road West
-2.02521801,52.56948063,*[600WBrelPkstn]Zia-e-Madinah Mosque. 153 Walsall Road. 0121 526 2988,,,,,,,,,,,,,,Zia-e-Madinah Mosque,,,,,153 Walsall Road
-1.854377389,52.48506375,*[1100WBrelPkstn]Zia-ul-Quran Jamia Mosque. 233 St Saviours Road. 0121 326 0040,,,,,,,,,,,,,,Zia-ul-Quran Jamia Mosque,,,,,233 St Saviours Road
-1.856272712,52.47616691,*[300WBrelPkstn]Zia-Ul-Ummah Centre. 13 Victoria Street. 0121 771 0180,,,,,,,,,,,,,,Zia-Ul-Ummah Centre,,,,,13 Victoria Street
-1.896391511,52.49742343,"[50WArab]Zumunta Community and Cultural Studies Centre. Unit 39, Newtown Shopping Centre. 0121 572 5315",,,,,,,,,,,,,,Zumunta Community and Cultural Studies Centre,,,,,"Unit 39, Newtown Shopping Centre"
